Horario_BRT,Country,League,Home Team,Away Team,Melhor_Mercado_EV,Probabilidade_EV,Odd_Justa_EV,EV_Estimado_Pct,Stake_Recomendada,Time_Casa,Time_Fora,Over25_Pct,Over15_HT_Pct,Over15_FT_Pct,BTTS_Pct,date_unix,date_GMT,Home Team Points Per Game (Pre-Match),Away Team Points Per Game (Pre-Match),Home Team Points Per Game (Current),Away Team Points Per Game (Current),Average Goals,BTTS Average,Over05 Average,Over15 Average,Over25 Average,Over35 Average,Over45 Average,Over05 FHG HT Average,Over15 FHG HT Average,Over05 2HG Average,Over15 2HG Average,Average Corners,Average Cards,Average Over 8.5 Corners,Average Over 9.5 Corners,Average Over 10.5 Corners,Match Status,Result - Home Team Goals,Result - Away Team Goals,Home Team Corners,Away Team Corners,Home Team Offsides,Away Team Offsides,Home Team Yellow Cards,Away Team Yellow Cards,Home Team Red Cards,Away Team Red Cards,Home Team Shots,Away Team Shots,Home Team Shots On Target,Away Team Shots On Target,Home Team Shots Off Target,Away Team Shots Off Target,Home Team Possession,Away Team Possession,Odds_Home_Win,Odds_Draw,Odds_Away_Win,Odds_Over15,Odds_Over25,Odds_Over35,Odds_Over45,Odds_BTTS_Yes,Odds_BTTS_No,Home Team Pre-Match xG,Away Team Pre-Match xG,Home Team xG,Away Team xG,Odds_Under05,Odds_Under15,Odds_Under25,Odds_Under35,Odds_Under45,Odds_DoubleChance_1x,Odds_DoubleChance_12,Odds_DoubleChance_x2,Odds_DrawNoBet_1,Odds_DrawNoBet_2,Odds_Corners_Over75,Odds_Corners_Over85,Odds_Corners_Over95,Odds_Corners_Over105,Odds_Corners_Over115,Odds_Corners_Under75,Odds_Corners_Under85,Odds_Corners_Under95,Odds_Corners_Under105,Odds_Corners_Under115,Under05 Average,Under15 Average,Under25 Average,Under35 Average,Under45 Average,Odds_1st_Half_Over05,Odds_1st_Half_Over15,Odds_1st_Half_Over25,Odds_1st_Half_Under05,Odds_1st_Half_Under15,Odds_1st_Half_Under25,Odds_2nd_Half_Over05,Odds_2nd_Half_Over15,Odds_2nd_Half_Over25,Odds_2nd_Half_Under05,Odds_2nd_Half_Under15,Odds_2nd_Half_Under25,Odds_1st_Half_BTTS_Yes,Odds_1st_Half_BTTS_No,Odds_2nd_Half_BTTS_Yes,Odds_2nd_Half_BTTS_No,1H BTTS Average,Odds_Home_Team_Had_More_Corners,Odds_Both_Teams_Same_Corners,Odds_Away_Team_Had_More_Corners,Home Team Overall Points Per Game (Pre-Match),Away Team Overall Points Per Game (Pre-Match),Game Week,Match FootyStats URL
18/09/2026 07:00,Ukraine,Ukrainian Premier League,Chornomorets,Obolon-Brovar,N/A,N/A,N/A,N/A,N/A,Chornomorets,Obolon-Brovar,42,33,42,25,1789725600,Sep 18 2026 - 10:00am,1.33,0.5,1.33,0.5,1.67,25,59,42,42,17,9,33,33,50,9,4.5,3.66,42,17,17,incomplete,0,0,-1,-1,-1,-1,-1,-1,-1,-1,-1,-1,-1,-1,-1,-1,-1,-1,2.15,2.9,3.2,1.53,2.6,5.19,9.75,2.16,1.61,0.88,0.6,0.0,0.0,7.0,2.36,1.4,1.1,1.03,1.29,,1.62,,,1.48,1.97,2.58,3.42,4.95,2.49,1.74,1.44,1.23,1.11,42,59,59,84,92,1.57,3.8,11.0,2.4,1.22,1.04,1.35,2.7,6.9,2.88,1.4,1.04,,,,,17,1.74,8.1,2.42,0.8,0.5,7,/ukraine/fk-chornomorets-odessa-vs-fc-obolon-brovar-kyiv-h2h-stats
18/09/2026 08:35,China,Chinese Super League,Zhejiang FC,Wuhan Three Towns,Gol Limite (Over 0.5 2HG),92%,@1.09,+61.0%,1.5u,Zhejiang FC,Wuhan Three Towns,63,71,88,71,1789731300,Sep 18 2026 - 11:35am,1.75,0.75,1.75,0.75,3.63,71,96,88,63,54,42,71,46,92,59,10.5,4.42,71,46,29,incomplete,0,0,-1,-1,-1,-1,-1,-1,-1,-1,-1,-1,-1,-1,-1,-1,-1,-1,1.87,4.2,3.25,1.05,1.27,1.8,2.88,1.29,3.25,1.78,1.29,0.0,0.0,18.5,6.5,3.4,2.0,1.4,1.22,,2.05,,,1.14,1.32,1.76,1.94,2.43,4.33,2.97,2.16,1.75,1.43,4,13,38,46,59,1.2,1.83,4.0,4.0,1.9,1.22,1.1,1.49,2.5,5.4,2.39,1.45,,,,,21,1.49,8.1,3.38,1.32,1.04,22,/china/zhejiang-professional-fc-vs-wuhan-three-towns-fc-h2h-stats
18/09/2026 09:00,Kazakhstan,Kazakhstan Premier League,Altay,Irtysh,Gol Limite (Over 0.5 2HG),67%,@1.49,+17.3%,1.5u,Altay,Irtysh,42,42,54,46,1789732800,Sep 18 2026 - 12:00pm,1.0,0.67,1.0,0.67,2.21,46,79,54,42,29,9,42,25,67,38,9.33,5.0,58,58,42,incomplete,0,0,-1,-1,-1,-1,-1,-1,-1,-1,-1,-1,-1,-1,-1,-1,-1,-1,5.0,3.8,1.55,,1.95,,,,,1.31,1.47,0.0,0.0,,,1.85,,,,,,,,,,,,,,,,,,21,46,59,71,92,,,,,,,,,,,,,,,,,13,,,,0.92,0.96,27,/kazakhstan/fk-irtysh-pavlodar-vs-altay-fc-h2h-stats
18/09/2026 09:00,Kazakhstan,Kazakhstan Premier League,Zhetysu,FC Caspiy,Cantos Over 8.5,70%,@1.43,+11.3%,1.0u,Zhetysu,FC Caspiy,35,56,52,35,1789732800,Sep 18 2026 - 12:00pm,1.09,0.67,1.09,0.67,2.0,35,87,52,35,18,9,56,17,61,26,8.06,6.53,70,61,47,incomplete,0,0,-1,-1,-1,-1,-1,-1,-1,-1,-1,-1,-1,-1,-1,-1,-1,-1,2.27,3.25,2.9,1.21,1.8,2.92,5.7,1.62,2.15,1.06,0.93,0.0,0.0,9.0,3.58,1.91,1.31,1.08,1.3,,1.58,,,1.32,1.59,2.03,2.66,3.72,2.88,2.1,1.67,1.37,1.2,13,49,66,83,92,1.31,2.48,5.9,3.1,1.43,1.07,1.17,2.0,4.2,4.0,1.73,1.2,,,,,13,1.76,8.3,2.33,0.88,1.04,27,/kazakhstan/fk-zhetysu-taldykorgan-vs-fc-caspiy-h2h-stats
18/09/2026 09:00,Bhutan,Bhutan Premier League,Transport United,RTC,Gol Limite (Over 0.5 2HG),67%,@1.49,+17.3%,1.5u,Transport United,RTC,52,47,59,46,1789732800,Sep 18 2026 - 12:00pm,2.0,1.86,2.0,1.86,2.84,46,94,59,52,34,26,47,20,67,46,7.17,0.0,84,54,17,incomplete,0,0,-1,-1,-1,-1,-1,-1,-1,-1,-1,-1,-1,-1,-1,-1,-1,-1,2.22,3.7,2.28,,1.6,,,,,1.16,1.92,0.0,0.0,,,2.3,,,,,,,,,,,,,,,,,,7,41,48,67,75,,,,,,,,,,,,,,,,,25,,,,1.87,1.4,0,/bhutan/transport-united-fc-vs-royal-thimphu-college-fc-h2h-stats
18/09/2026 09:30,Ukraine,Ukrainian Premier League,Polessya,Hirnyk,Gol Limite (Over 0.5 2HG),88%,@1.14,+54.0%,1.5u,Polessya,Hirnyk,63,75,63,63,1789734600,Sep 18 2026 - 12:30pm,2.25,1.5,2.25,1.5,3.0,63,100,63,63,50,13,75,13,88,63,11.0,2.5,50,25,25,incomplete,0,0,-1,-1,-1,-1,-1,-1,-1,-1,-1,-1,-1,-1,-1,-1,-1,-1,1.32,5.5,8.2,1.14,1.57,2.47,4.2,2.01,1.8,1.58,0.99,0.0,0.0,13.0,4.8,2.2,1.47,1.19,1.06,,3.3,,,1.17,1.4,1.71,2.15,2.71,3.72,2.6,1.99,1.66,1.33,0,38,38,50,88,1.25,2.25,5.5,3.6,1.57,1.11,1.18,1.86,3.62,4.49,1.88,1.22,,,,,13,1.2,10.7,5.4,2.5,1.0,7,/ukraine/fk-hirnyk-kryvyi-rih-vs-polessya-zhitomir-h2h-stats
18/09/2026 09:45,Israel,Israeli Premier League,Hapoel Tel Aviv,Hapoel Petah Tikva,Gol Limite (Over 0.5 2HG),100%,@1.00,+75.0%,1.5u,Hapoel Tel Aviv,Hapoel Petah Tikva,75,25,75,25,1789735500,Sep 18 2026 - 12:45pm,3.0,0.0,3.0,0.0,2.75,25,100,75,75,25,0,25,0,100,75,10.0,2.5,25,25,25,incomplete,0,0,-1,-1,-1,-1,-1,-1,-1,-1,-1,-1,-1,-1,-1,-1,-1,-1,1.35,4.6,6.5,1.17,1.75,2.62,4.97,1.95,1.75,2.55,1.54,0.0,0.0,14.0,4.1,2.04,1.38,1.11,1.14,,3.0,,,1.23,1.48,2.06,2.3,3.07,3.41,2.42,1.88,1.53,1.29,0,25,25,75,100,1.28,2.55,5.5,3.2,1.51,1.12,1.15,2.0,3.8,4.3,1.73,1.19,,,,,0,1.18,11.2,7.33,1.75,0.75,5,/israel/hapoel-tel-aviv-fc-vs-hapoel-petah-tikva-fc-h2h-stats
18/09/2026 10:00,Belarus,First League,Gomel II,Dinamo Minsk II,Gol Limite (Over 0.5 2HG),88%,@1.14,+54.0%,1.5u,Gomel II,Dinamo Minsk II,68,80,88,72,1789736400,Sep 18 2026 - 1:00pm,0.92,1.15,0.92,1.15,3.42,72,92,88,68,45,24,80,37,88,61,8.12,0.0,72,60,52,incomplete,0,0,-1,-1,-1,-1,-1,-1,-1,-1,-1,-1,-1,-1,-1,-1,-1,-1,,,,,,,,,,1.26,1.02,0.0,0.0,,,,,,,,,,,,,,,,,,,,,8,13,32,56,76,,,,,,,,,,,,,,,,,20,,,,0.88,1.33,25,/belarus/fk-dinamo-minsk-ii-vs-fk-gomel-ii-h2h-stats
18/09/2026 10:00,Moldova,Division A,Gagauziya-Oguzsport,FCM Ungheni,Gol Limite (Over 0.5 2HG),100%,@1.00,+75.0%,1.5u,Gagauziya-Oguzsport,FCM Ungheni,67,100,100,84,1789736400,Sep 18 2026 - 1:00pm,1.33,2.33,1.33,2.33,4.5,84,100,100,67,67,50,100,50,100,67,23.0,0.0,100,100,50,incomplete,0,0,-1,-1,-1,-1,-1,-1,-1,-1,-1,-1,-1,-1,-1,-1,-1,-1,,,,,,,,,,1.64,2.01,0.0,0.0,,,,,,,,,,,,,,,,,,,,,0,0,33,33,50,,,,,,,,,,,,,,,,,17,,,,1.14,1.86,8,/moldova/fcm-ungheni-vs-cf-gagauziya-oguzsport-komrat-h2h-stats
18/09/2026 10:00,Moldova,Division A,FC Iskra Ribnita,Zimbru Chisinau II,Gol Limite (Over 0.5 2HG),84%,@1.19,+47.0%,1.5u,FC Iskra Ribnita,Zimbru Chisinau II,84,84,84,67,1789736400,Sep 18 2026 - 1:00pm,2.0,1.0,2.0,1.0,5.67,67,100,84,84,84,67,84,84,84,50,4.5,0.0,50,50,25,incomplete,0,0,-1,-1,-1,-1,-1,-1,-1,-1,-1,-1,-1,-1,-1,-1,-1,-1,,,,,,,,,,0.0,1.99,0.0,0.0,,,,,,,,,,,,,,,,,,,,,0,17,17,17,34,,,,,,,,,,,,,,,,,50,,,,2.14,1.0,8,/moldova/fc-iskra-ribnita-vs-zimbru-chisinau-ii-h2h-stats
18/09/2026 10:00,Moldova,Division A,FC Stăuceni,Victoria,N/A,N/A,N/A,N/A,N/A,FC Stăuceni,Victoria,0,50,50,50,1789736400,Sep 18 2026 - 1:00pm,2.0,0.5,2.0,0.5,1.5,50,100,50,0,0,0,50,50,50,0,2.5,0.0,25,0,0,incomplete,0,0,-1,-1,-1,-1,-1,-1,-1,-1,-1,-1,-1,-1,-1,-1,-1,-1,,,,,,,,,,0.0,0.65,0.0,0.0,,,,,,,,,,,,,,,,,,,,,0,50,100,100,100,,,,,,,,,,,,,,,,,50,,,,1.4,1.17,8,/moldova/fc-stauceni-vs-fc-victoria-bardar-h2h-stats
18/09/2026 10:00,Turkey,1. Lig,Bandırmaspor,Ümraniyespor,Over 0.5 HT,84%,@1.19,+17.6%,1.5u,Bandırmaspor,Ümraniyespor,59,84,71,46,1789736400,Sep 18 2026 - 1:00pm,1.75,0.33,1.75,0.33,2.84,46,100,71,59,29,13,84,42,71,17,10.08,5.33,29,13,0,incomplete,0,0,-1,-1,-1,-1,-1,-1,-1,-1,-1,-1,-1,-1,-1,-1,-1,-1,1.75,3.4,4.15,1.29,1.99,3.46,6.75,1.9,1.8,1.82,1.57,0.0,0.0,8.8,3.04,1.7,1.22,1.06,1.2,,1.87,,,1.35,1.67,2.5,2.78,3.86,2.8,2.12,1.67,1.34,1.17,0,29,42,71,88,1.4,2.73,6.85,2.69,1.36,1.08,1.2,2.13,5.0,3.5,1.61,1.12,,,,,17,1.44,8.4,3.24,1.43,0.43,8,/turkey/umraniyespor-vs-bandirmaspor-h2h-stats
18/09/2026 10:00,South Africa,National First Division,Casric Stars,Venda FC,Over 0.5 HT,75%,@1.33,+14.0%,1.0u,Casric Stars,Venda FC,25,75,25,25,1789736400,Sep 18 2026 - 1:00pm,3.0,0.0,3.0,0.0,1.5,25,100,25,25,0,0,75,25,50,0,6.0,0.0,25,25,0,incomplete,0,0,-1,-1,-1,-1,-1,-1,-1,-1,-1,-1,-1,-1,-1,-1,-1,-1,1.85,3.0,4.0,1.45,2.5,4.55,11.0,2.24,1.55,1.49,0.0,0.0,0.0,6.7,2.41,1.5,1.13,1.04,1.25,,1.91,,,,,,,,,,,,,0,75,75,100,100,1.52,3.22,9.2,2.31,1.26,1.02,1.32,2.54,6.1,2.8,1.41,1.08,,,,,25,,,,2.25,0.25,5,/south-africa/venda-football-academy-vs-casric-stars-h2h-stats
18/09/2026 10:00,South Africa,National First Division,Highbury,Gomora United,N/A,N/A,N/A,N/A,N/A,Highbury,Gomora United,25,50,25,25,1789736400,Sep 18 2026 - 1:00pm,1.5,2.0,1.5,2.0,1.75,25,100,25,25,25,0,50,0,25,0,0.0,0.0,0,0,0,incomplete,0,0,-1,-1,-1,-1,-1,-1,-1,-1,-1,-1,-1,-1,-1,-1,-1,-1,2.02,2.9,3.96,,,,,,,0.0,0.0,0.0,0.0,,,,,,,,,,,,,,,,,,,,,0,75,75,75,100,,,,,,,,,,,,,,,,,0,,,,2.25,1.75,5,/south-africa/highbury-fc-vs-gomora-united-h2h-stats
18/09/2026 10:00,Slovakia,4 Liga East,Sobrance Sobranecko,Spartak Medzilaborce,N/A,N/A,N/A,N/A,N/A,Sobrance Sobranecko,Spartak Medzilaborce,80,0,90,30,1789736400,Sep 18 2026 - 1:00pm,0.0,1.4,0.0,1.4,3.8,30,100,90,80,60,20,0,0,0,0,0.0,-2.0,0,0,0,incomplete,0,0,-1,-1,-1,-1,-1,-1,-1,-1,-1,-1,-1,-1,-1,-1,-1,-1,,,,,,,,,,0.0,0.0,0.0,0.0,,,,,,,,,,,,,,,,,,,,,0,10,20,40,80,,,,,,,,,,,,,,,,,0,,,,0.0,1.4,6,/slovakia/msk-spartak-medzilaborce-vs-fk-sobrance-sobranecko-h2h-stats
18/09/2026 10:30,Belarus,Vysheyshaya Liga,Belshina,Minsk,Over 0.5 HT,86%,@1.16,+23.8%,1.5u,Belshina,Minsk,52,86,81,53,1789738200,Sep 18 2026 - 1:30pm,1.5,1.45,1.5,1.45,2.48,53,96,81,52,10,5,86,19,76,43,9.55,2.9,77,48,34,incomplete,0,0,-1,-1,-1,-1,-1,-1,-1,-1,-1,-1,-1,-1,-1,-1,-1,-1,3.8,3.4,1.82,1.31,2.06,3.42,6.6,1.88,1.82,1.29,1.13,0.0,0.0,7.5,2.92,1.71,1.23,1.05,1.85,,1.2,,,,,,,,,,,,,5,19,49,90,95,1.44,2.96,7.1,2.53,1.33,1.04,1.24,2.23,4.75,3.4,1.59,1.12,,,,,5,,,,0.86,1.55,23,/belarus/fc-belshina-bobruisk-vs-fc-minsk-h2h-stats
18/09/2026 10:30,Egypt,Second Division,Pharco,Delta United,Gol Limite (Over 0.5 2HG),75%,@1.33,+31.2%,1.5u,Pharco,Delta United,25,25,50,25,1789738200,Sep 18 2026 - 1:30pm,3.0,0.5,3.0,0.5,1.5,25,75,50,25,0,0,25,0,75,50,4.0,0.0,50,0,0,incomplete,0,0,-1,-1,-1,-1,-1,-1,-1,-1,-1,-1,-1,-1,-1,-1,-1,-1,1.59,3.14,6.19,1.5,2.59,5.05,9.4,2.46,1.57,0.69,0.44,0.0,0.0,6.2,2.38,1.45,1.1,1.04,1.11,,2.1,,,,,,,,,,,,,25,50,75,100,100,1.5,3.42,9.5,2.5,1.23,1.05,1.32,2.61,6.0,2.89,1.39,1.08,,,,,0,,,,2.5,0.5,5,/egypt/pharco-fc-vs-delta-united-h2h-stats
18/09/2026 10:30,Egypt,Second Division,Proxy,Maleyet Kafr El Zayiat,Gol Limite (Over 0.5 2HG),75%,@1.33,+31.2%,1.5u,Proxy,Maleyet Kafr El Zayiat,0,75,75,25,1789738200,Sep 18 2026 - 1:30pm,1.5,2.0,1.5,2.0,1.75,25,100,75,0,0,0,75,0,75,25,6.0,0.0,50,0,0,incomplete,0,0,-1,-1,-1,-1,-1,-1,-1,-1,-1,-1,-1,-1,-1,-1,-1,-1,2.55,2.68,2.84,1.6,2.88,6.25,15.0,2.2,1.53,1.34,1.04,0.0,0.0,5.5,2.3,1.36,1.06,1.01,1.34,,1.4,,,,,,,,,,,,,0,25,100,100,100,1.57,3.86,9.9,2.25,1.2,1.01,1.39,2.94,7.2,2.61,1.31,1.05,,,,,0,,,,0.75,2.0,5,/egypt/maleyet-kafr-el-zayiat-vs-proxy-sc-h2h-stats
18/09/2026 10:30,Egypt,Second Division,El Seka El Hadid,Telecom Egypt SC,Gol Limite (Over 0.5 2HG),75%,@1.33,+31.2%,1.5u,El Seka El Hadid,Telecom Egypt SC,0,50,75,25,1789738200,Sep 18 2026 - 1:30pm,0.5,1.5,0.5,1.5,1.75,25,100,75,0,0,0,50,0,75,50,11.5,0.0,50,50,50,incomplete,0,0,-1,-1,-1,-1,-1,-1,-1,-1,-1,-1,-1,-1,-1,-1,-1,-1,3.32,2.55,2.41,1.61,3.0,6.5,11.0,2.27,1.57,1.05,1.36,0.0,0.0,4.8,2.25,1.36,1.1,1.01,1.38,,1.24,,,,,,,,,,,,,0,25,100,100,100,1.69,3.9,10.5,2.01,1.17,1.03,1.4,2.85,6.8,2.57,1.33,1.06,,,,,0,,,,1.0,2.25,5,/egypt/telecom-egypt-sc-vs-el-seka-el-hadid-h2h-stats
18/09/2026 10:30,Egypt,Second Division,Baladiyyat Al Mehalla,Kahraba Ismailia,Gol Limite (Over 0.5 2HG),75%,@1.33,+31.2%,1.5u,Baladiyyat Al Mehalla,Kahraba Ismailia,0,0,50,25,1789738200,Sep 18 2026 - 1:30pm,2.0,0.5,2.0,0.5,1.25,25,75,50,0,0,0,0,0,75,50,10.5,0.0,50,0,0,incomplete,0,0,-1,-1,-1,-1,-1,-1,-1,-1,-1,-1,-1,-1,-1,-1,-1,-1,3.11,2.85,2.37,1.56,2.56,4.95,12.0,2.2,1.6,1.95,1.27,0.0,0.0,5.3,2.29,1.44,1.11,1.03,1.42,,1.27,,,,,,,,,,,,,25,50,100,100,100,1.53,3.58,8.9,2.11,1.21,1.03,1.36,2.64,6.2,2.72,1.38,1.08,,,,,0,,,,1.0,1.75,5,/egypt/baladiyyat-al-mehalla-vs-kahraba-ismailia-h2h-stats
18/09/2026 10:30,Egypt,Second Division,La Viena FC,Masar,Gol Limite (Over 0.5 2HG),75%,@1.33,+31.2%,1.5u,La Viena FC,Masar,25,50,50,50,1789738200,Sep 18 2026 - 1:30pm,0.5,3.0,0.5,3.0,2.0,50,100,50,25,25,0,50,0,75,50,7.5,0.0,50,50,0,incomplete,0,0,-1,-1,-1,-1,-1,-1,-1,-1,-1,-1,-1,-1,-1,-1,-1,-1,3.59,2.95,2.05,1.58,2.75,5.35,13.0,2.25,1.57,0.63,1.66,0.0,0.0,5.25,2.18,1.4,1.09,1.03,1.32,,1.18,,,,,,,,,,,,,0,50,75,75,100,1.57,3.8,10.0,2.25,1.22,1.03,1.38,2.8,6.6,2.64,1.34,1.07,,,,,0,,,,0.5,3.0,5,/egypt/la-viena-fc-vs-fc-masar-h2h-stats
18/09/2026 10:30,Azerbaijan,Premyer Liqası,Qabala,Neftçi,Gol Limite (Over 0.5 2HG),67%,@1.49,+17.3%,1.5u,Qabala,Neftçi,50,67,50,50,1789738200,Sep 18 2026 - 1:30pm,1.33,2.0,1.33,2.0,2.33,50,84,50,50,34,17,67,50,67,17,8.33,4.0,50,33,33,incomplete,0,0,-1,-1,-1,-1,-1,-1,-1,-1,-1,-1,-1,-1,-1,-1,-1,-1,6.38,4.0,1.4,1.25,1.83,3.25,5.5,1.87,1.7,1.29,1.58,0.0,0.0,8.6,3.28,1.84,1.33,1.07,2.45,,1.11,,,1.56,1.96,3.26,3.62,5.5,2.25,1.75,1.42,1.2,1.06,17,50,50,67,84,1.36,2.64,6.5,2.9,1.38,1.06,1.25,2.15,4.6,3.5,1.62,1.17,,,,,33,,,,0.8,2.4,6,/azerbaijan/fk-qabala-vs-neftci-pfc-baki-h2h-stats
18/09/2026 10:30,Serbia,Srpska Liga Belgrade,Brodarac,Prva Iskra,Gol Limite (Over 0.5 2HG),75%,@1.33,+31.2%,1.5u,Brodarac,Prva Iskra,63,75,100,38,1789738200,Sep 18 2026 - 1:30pm,1.5,0.75,1.5,0.75,3.13,38,100,100,63,25,13,75,25,75,38,10.33,-1.5,84,84,67,incomplete,0,0,-1,-1,-1,-1,-1,-1,-1,-1,-1,-1,-1,-1,-1,-1,-1,-1,,,,,,,,,,1.18,1.22,0.0,0.0,,,,,,,,,,,,,,,,,,,,,0,0,38,75,88,,,,,,,,,,,,,,,,,50,,,,1.5,0.75,5,/serbia/fk-brodarac-vs-fk-prva-iskra-h2h-stats
18/09/2026 10:30,Serbia,Srpska Liga Belgrade,Stepojevac Vaga,Radnički Obrenovac,N/A,N/A,N/A,N/A,N/A,Stepojevac Vaga,Radnički Obrenovac,75,50,88,75,1789738200,Sep 18 2026 - 1:30pm,2.25,1.75,2.25,1.75,2.88,75,100,88,75,13,13,50,13,50,38,15.67,-1.25,50,50,50,incomplete,0,0,-1,-1,-1,-1,-1,-1,-1,-1,-1,-1,-1,-1,-1,-1,-1,-1,,,,,,,,,,1.34,1.93,0.0,0.0,,,,,,,,,,,,,,,,,,,,,0,13,25,88,88,,,,,,,,,,,,,,,,,0,,,,2.25,1.75,5,/serbia/fk-radnicki-obrenovac-vs-fk-stepojevac-vaga-h2h-stats
18/09/2026 11:00,Kazakhstan,Kazakhstan Premier League,Kyzyl-Zhar,Kaisar,Gol Limite (Over 0.5 2HG),83%,@1.20,+45.2%,1.5u,Kyzyl-Zhar,Kaisar,49,64,80,57,1789740000,Sep 18 2026 - 2:00pm,1.15,0.82,1.15,0.82,2.64,57,96,80,49,24,12,64,30,83,48,7.72,5.93,37,33,29,incomplete,0,0,-1,-1,-1,-1,-1,-1,-1,-1,-1,-1,-1,-1,-1,-1,-1,-1,2.08,3.2,3.02,1.28,2.0,3.34,6.55,1.78,1.91,1.39,1.28,0.0,0.0,8.5,3.08,1.77,1.25,1.07,1.25,,1.67,,,1.54,1.96,2.46,3.3,4.6,2.22,1.75,1.44,1.25,1.13,5,21,51,77,88,1.39,2.85,7.5,2.61,1.33,1.03,1.29,2.2,5.0,3.4,1.6,1.15,,,,,21,1.55,6.5,3.2,0.96,0.92,27,/kazakhstan/fk-kaisar-kyzylorda-vs-fk-kyzyl-zhar-sk-petropavlovsk-h2h-stats
18/09/2026 11:00,Kazakhstan,First Division,Turan Turkistan,Yelimay II,Gol Limite (Over 0.5 2HG),68%,@1.47,+19.0%,1.5u,Turan Turkistan,Yelimay II,59,82,78,46,1789740000,Sep 18 2026 - 2:00pm,2.0,0.45,2.0,0.45,2.82,46,100,78,59,32,9,82,50,68,41,10.3,1.75,60,55,35,incomplete,0,0,-1,-1,-1,-1,-1,-1,-1,-1,-1,-1,-1,-1,-1,-1,-1,-1,1.0,10.0,17.0,,,,,,,0.94,1.21,0.0,0.0,,,,,,,,,,,,,,,,,,,,,0,23,41,69,91,,,,,,,,,,,,,,,,,18,,,,2.14,0.55,23,/kazakhstan/fk-turan-turkistan-vs-yelimay-ii-h2h-stats
18/09/2026 11:00,FYR Macedonia,First Football League,Sileks,Tikveš,Gol Limite (Over 0.5 2HG),100%,@1.00,+75.0%,1.5u,Sileks,Tikveš,71,75,100,46,1789740000,Sep 18 2026 - 2:00pm,1.75,2.33,1.75,2.33,3.71,46,100,100,71,59,29,75,29,100,84,8.42,0.0,0,0,0,incomplete,0,0,-1,-1,-1,-1,-1,-1,-1,-1,-1,-1,-1,-1,-1,-1,-1,-1,2.1,3.3,3.15,1.2,1.74,2.88,5.5,1.6,2.15,1.95,2.13,0.0,0.0,11.0,4.0,1.94,1.36,1.11,1.23,,1.56,,,,,,,,,,,,,0,0,29,42,71,1.3,2.44,6.0,3.3,1.44,1.08,1.19,1.94,3.9,4.2,1.74,1.2,,,,,0,,,,1.14,1.71,8,/fyr-macedonia/fk-sileks-vs-fk-tikves-h2h-stats
18/09/2026 11:00,FYR Macedonia,First Football League,Shkendija,FK Bashkimi Kumanovo,Gol Limite (Over 0.5 2HG),100%,@1.00,+75.0%,1.5u,Shkendija,FK Bashkimi Kumanovo,88,75,88,50,1789740000,Sep 18 2026 - 2:00pm,2.25,0.75,2.25,0.75,3.5,50,100,88,88,38,25,75,13,100,88,8.75,0.0,50,25,13,incomplete,0,0,-1,-1,-1,-1,-1,-1,-1,-1,-1,-1,-1,-1,-1,-1,-1,-1,1.05,9.5,16.04,,1.36,,,,,1.74,0.84,0.0,0.0,,,3.0,,,,,,,,,,,,,,,,,,0,13,13,63,75,,,,,,,,,,,,,,,,,0,,,,2.29,0.57,8,/fyr-macedonia/kf-shkendija-vs-fk-bashkimi-kumanovo-h2h-stats
18/09/2026 11:00,Armenia,Armenian Premier League,Gandzasar,Banants,Gol Limite (Over 0.5 2HG),90%,@1.11,+57.5%,1.5u,Gandzasar,Banants,64,74,74,54,1789740000,Sep 18 2026 - 2:00pm,0.6,1.0,0.6,1.0,2.87,54,100,74,64,20,10,74,27,90,47,13.33,1.93,90,64,54,incomplete,0,0,-1,-1,-1,-1,-1,-1,-1,-1,-1,-1,-1,-1,-1,-1,-1,-1,3.75,3.65,1.86,1.18,1.69,2.66,4.9,1.62,2.08,1.36,1.46,0.0,0.0,9.6,3.84,2.05,1.37,1.11,1.3,,1.17,,,,,,,,,,,,,0,27,37,80,90,1.3,2.38,5.3,3.1,1.48,1.09,1.15,2.0,3.78,4.2,1.73,1.19,,,,,27,,,,0.43,1.14,8,/armenia/fc-banants-vs-fc-gandzasar-kapan-h2h-stats
18/09/2026 11:00,Russia,FNL,Volga Ulyanovsk,Spartak Kostroma,Cantos Over 8.5,80%,@1.25,+16.8%,1.5u,Volga Ulyanovsk,Spartak Kostroma,50,80,80,30,1789740000,Sep 18 2026 - 2:00pm,1.2,2.0,1.2,2.0,2.4,30,90,80,50,20,0,80,50,50,30,9.0,3.8,80,60,60,incomplete,0,0,-1,-1,-1,-1,-1,-1,-1,-1,-1,-1,-1,-1,-1,-1,-1,-1,2.75,3.05,2.47,1.32,2.14,3.82,7.2,1.82,1.88,1.45,1.04,0.0,0.0,7.7,2.88,1.72,1.21,1.03,1.36,,1.35,,,1.24,1.46,2.1,2.34,3.08,3.34,2.41,1.9,1.55,1.28,10,20,50,80,100,1.45,3.17,7.8,2.5,1.34,1.02,1.24,2.27,5.0,3.4,1.57,1.11,,,,,10,2.2,8.6,1.85,1.1,2.1,12,/russia/fk-volga-ulyanovsk-vs-fk-spartak-kostroma-h2h-stats
18/09/2026 11:00,Russia,FNL,Chelyabinsk,Ufa,Cantos Over 8.5,88%,@1.14,+41.7%,1.5u,Chelyabinsk,Ufa,63,88,75,50,1789740000,Sep 18 2026 - 2:00pm,0.75,1.25,0.75,1.25,2.75,50,100,75,63,38,0,88,38,63,50,8.0,5.5,88,75,75,incomplete,0,0,-1,-1,-1,-1,-1,-1,-1,-1,-1,-1,-1,-1,-1,-1,-1,-1,2.45,3.1,3.5,1.35,2.23,4.03,7.3,1.9,1.8,1.22,0.59,0.0,0.0,7.2,2.74,1.67,1.23,1.03,1.33,,1.74,,,1.32,1.61,2.04,2.61,3.62,2.94,2.16,1.71,1.4,1.2,0,25,38,63,100,1.42,2.97,6.65,2.6,1.33,1.05,1.28,2.32,5.1,3.24,1.52,1.1,,,,,38,1.67,8.5,2.53,0.8,1.7,12,/russia/fk-ufa-vs-fk-chelyabinsk-h2h-stats
18/09/2026 11:00,Russia,FNL,FK Sochi,SKA Khabarovsk,Gol Limite (Over 0.5 2HG),82%,@1.22,+43.5%,1.5u,FK Sochi,SKA Khabarovsk,54,62,64,44,1789740000,Sep 18 2026 - 2:00pm,1.8,0.17,1.8,0.17,2.95,44,100,64,54,44,27,62,54,82,54,10.47,3.8,54,45,45,incomplete,0,0,-1,-1,-1,-1,-1,-1,-1,-1,-1,-1,-1,-1,-1,-1,-1,-1,1.42,4.62,5.76,1.21,1.83,2.88,5.85,1.99,1.71,1.4,1.19,0.0,0.0,9.1,3.58,2.0,1.32,1.09,1.19,,2.84,,,1.23,1.48,2.16,2.36,3.1,3.38,2.36,1.87,1.52,1.27,0,37,47,57,74,1.34,2.73,5.55,3.08,1.44,1.08,1.17,2.0,4.1,4.0,1.73,1.17,,,,,34,1.2,10.5,4.15,2.0,0.4,12,/russia/fk-ska-khabarovsk-vs-fk-sochi-h2h-stats
18/09/2026 11:00,Poland,2. Liga,Sokół Kleczew,Avia Świdnik,Gol Limite (Over 0.5 2HG),70%,@1.43,+22.5%,1.5u,Sokół Kleczew,Avia Świdnik,37,47,57,20,1789740000,Sep 18 2026 - 2:00pm,1.2,1.0,1.2,1.0,2.1,20,90,57,37,27,0,47,20,70,27,8.75,0.33,67,38,38,incomplete,0,0,-1,-1,-1,-1,-1,-1,-1,-1,-1,-1,-1,-1,-1,-1,-1,-1,2.6,3.55,2.37,1.18,1.67,2.88,5.5,1.54,2.26,1.84,1.05,0.0,0.0,11.0,4.0,2.1,1.36,1.11,1.53,,1.44,,,,,,,,,,,,,10,44,64,74,100,1.29,2.55,6.5,3.3,1.45,1.08,1.17,1.87,3.7,4.4,1.8,1.23,,,,,10,,,,0.88,1.13,9,/poland/gp-ts-avia-swidnik-vs-sokol-kleczew-h2h-stats
18/09/2026 11:00,Panama,Liga Prom,Plaza Amador II,Panamá City,N/A,N/A,N/A,N/A,N/A,Plaza Amador II,Panamá City,38,54,38,25,1789740000,Sep 18 2026 - 2:00pm,1.5,2.33,1.5,2.33,2.34,25,84,38,38,25,25,54,25,50,38,8.5,0.0,50,38,38,incomplete,0,0,-1,-1,-1,-1,-1,-1,-1,-1,-1,-1,-1,-1,-1,-1,-1,-1,2.05,3.38,3.3,,1.7,,,,,1.97,0.96,0.0,0.0,,,2.1,,,,,,,,,,,,,,,,,,17,63,63,75,75,,,,,,,,,,,,,,,,,25,,,,1.5,1.88,9,/panama/cd-plaza-amador-ii-vs-panama-city-fc-h2h-stats
18/09/2026 11:00,Panama,Liga Prom,Independiente II,Bocas,Gol Limite (Over 0.5 2HG),63%,@1.59,+10.3%,1.0u,Independiente II,Bocas,88,63,88,88,1789740000,Sep 18 2026 - 2:00pm,3.0,0.33,3.0,0.33,4.17,88,100,88,88,75,42,63,50,63,46,10.5,0.0,50,50,50,incomplete,0,0,-1,-1,-1,-1,-1,-1,-1,-1,-1,-1,-1,-1,-1,-1,-1,-1,,,,,,,,,,1.26,1.75,0.0,0.0,,,,,,,,,,,,,,,,,,,,,0,13,13,25,59,,,,,,,,,,,,,,,,,34,,,,2.13,0.75,9,/panama/ca-independiente-de-la-chorrera-ii-vs-cd-bocas-junior-h2h-stats
18/09/2026 11:00,Croatia,Second NL,Lučko,Dugo Selo,Gol Limite (Over 0.5 2HG),75%,@1.33,+31.2%,1.5u,Lučko,Dugo Selo,25,50,75,50,1789740000,Sep 18 2026 - 2:00pm,0.5,0.5,0.5,0.5,2.0,50,100,75,25,0,0,50,0,75,75,0.0,0.0,0,0,0,incomplete,0,0,-1,-1,-1,-1,-1,-1,-1,-1,-1,-1,-1,-1,-1,-1,-1,-1,1.87,3.55,3.8,1.22,1.85,2.92,5.7,1.69,1.97,0.0,0.0,0.0,0.0,,3.48,1.95,1.31,1.09,1.22,,1.76,,,,,,,,,,,,,0,25,75,100,100,1.32,2.51,,2.9,1.42,,1.2,1.99,,4.0,1.7,,,,,,0,,,,1.25,1.0,5,/croatia/nk-lucko-vs-nk-dugo-selo-h2h-stats
18/09/2026 11:00,Croatia,Druga HNL,Mladost Ždralovi,Segesta Sisak,Gol Limite (Over 0.5 2HG),67%,@1.49,+17.3%,1.5u,Mladost Ždralovi,Segesta Sisak,0,59,67,17,1789740000,Sep 18 2026 - 2:00pm,2.33,0.0,2.33,0.0,1.67,17,100,67,0,0,0,59,17,67,25,9.0,3.0,25,25,25,incomplete,0,0,-1,-1,-1,-1,-1,-1,-1,-1,-1,-1,-1,-1,-1,-1,-1,-1,2.0,3.2,3.25,1.33,2.02,3.9,7.0,1.81,1.86,1.24,1.39,0.0,0.0,9.0,2.92,1.7,1.22,1.05,1.25,,1.73,,,,,,,,,,,,,0,34,100,100,100,1.36,2.77,7.2,2.88,1.35,1.05,1.25,2.22,4.8,3.6,1.56,1.14,,,,,17,,,,2.2,1.4,6,/croatia/hnk-segesta-sisak-vs-nk-mladost-zdralovi-h2h-stats
18/09/2026 11:00,Poland,3 Liga Group 3,Polkowice,Zagłębie Sosnowiec,Gol Limite (Over 0.5 2HG),88%,@1.14,+54.0%,1.5u,Polkowice,Zagłębie Sosnowiec,69,69,76,63,1789740000,Sep 18 2026 - 2:00pm,1.75,1.63,1.75,1.63,3.19,63,88,76,69,38,19,69,51,88,50,13.13,-1.01,84,71,65,incomplete,0,0,-1,-1,-1,-1,-1,-1,-1,-1,-1,-1,-1,-1,-1,-1,-1,-1,2.0,3.3,3.06,1.17,1.66,2.75,5.0,1.53,2.24,1.61,1.83,0.0,0.0,11.0,4.1,2.05,1.4,1.12,1.24,,1.44,,,,,,,,,,,,,13,26,32,63,82,1.31,2.42,5.0,2.94,1.45,1.12,1.17,1.85,,4.4,1.82,,,,,,46,,,,1.75,1.63,9,/poland/zaglebie-sosnowiec-vs-ks-polkowice-h2h-stats
18/09/2026 11:00,Poland,3 Liga Group 1,Lomza,Ząbkovia Ząbki,Gol Limite (Over 0.5 2HG),82%,@1.22,+43.5%,1.5u,Lomza,Ząbkovia Ząbki,57,76,82,63,1789740000,Sep 18 2026 - 2:00pm,0.38,1.63,0.38,1.63,3.44,63,94,82,57,44,38,76,44,82,57,11.71,-0.88,71,64,57,incomplete,0,0,-1,-1,-1,-1,-1,-1,-1,-1,-1,-1,-1,-1,-1,-1,-1,-1,2.1,3.75,2.58,,1.5,,,,,1.41,1.98,0.0,0.0,,,2.5,,,,,,,,,,,,,,,,,,7,19,44,57,63,,,,,,,,,,,,,,,,,17,,,,0.38,1.63,9,/poland/lks-1926-lomza-vs-mks-zabkovia-zabki-h2h-stats
18/09/2026 11:00,Kyrgyzstan,Top Liga,Bishkek City,Alay,Gol Limite (Over 0.5 2HG),64%,@1.56,+12.0%,1.0u,Bishkek City,Alay,40,71,68,44,1789740000,Sep 18 2026 - 2:00pm,1.08,1.77,1.08,1.77,2.43,44,84,68,40,24,16,71,36,64,32,11.0,0.43,78,67,45,incomplete,0,0,-1,-1,-1,-1,-1,-1,-1,-1,-1,-1,-1,-1,-1,-1,-1,-1,,,,,,,,,,1.3,1.46,0.0,0.0,,,,,,,,,,,,,,,,,,,,,17,33,61,76,84,,,,,,,,,,,,,,,,,16,,,,1.04,1.71,24,/kyrgyzstan/fk-alay-osh-vs-fc-bishkek-city-h2h-stats
18/09/2026 11:00,Kyrgyzstan,Top Liga,Bars,OshMU-Aldier,Gol Limite (Over 0.5 2HG),81%,@1.23,+41.8%,1.5u,Bars,OshMU-Aldier,75,74,96,63,1789740000,Sep 18 2026 - 2:00pm,2.44,1.17,2.44,1.17,3.62,63,96,96,75,52,26,74,32,81,68,10.25,0.0,75,63,50,incomplete,0,0,-1,-1,-1,-1,-1,-1,-1,-1,-1,-1,-1,-1,-1,-1,-1,-1,,,,,,,,,,0.0,1.39,0.0,0.0,,,,,,,,,,,,,,,,,,,,,4,4,25,49,74,,,,,,,,,,,,,,,,,13,,,,1.95,1.22,24,/kyrgyzstan/oshmu-aldier-fc-vs-fc-bars-issyk-kul-h2h-stats
18/09/2026 11:00,Argentina,Campeonato de Fútbol Femenino,Newell's Old Boys W,Gimnasia Esgrima Res.,Gol Limite (Over 0.5 2HG),70%,@1.43,+22.5%,1.5u,Newell's Old Boys W,Gimnasia Esgrima Res.,46,50,72,37,1789740000,Sep 18 2026 - 2:00pm,0.39,1.09,0.39,1.09,2.57,37,92,72,46,26,15,50,26,70,37,6.57,-0.39,26,19,5,incomplete,0,0,-1,-1,-1,-1,-1,-1,-1,-1,-1,-1,-1,-1,-1,-1,-1,-1,2.73,3.02,2.22,,2.25,,,,,0.87,1.24,0.0,0.0,,,1.61,,,,,,,,,,,,,,,,,,9,28,54,74,85,,,,,,,,,,,,,,,,,7,,,,0.39,1.09,9,/argentina/club-de-gimnasia-y-esgrima-la-plata-reserve-vs-ca-newells-old-boys-h2h-stats
18/09/2026 11:30,Estonia,Esiliiga,Tallinna Kalev,Tallinna FC Flora U21,Over 0.5 HT,94%,@1.06,+6.2%,1.0u,Tallinna Kalev,Tallinna FC Flora U21,76,94,90,76,1789741800,Sep 18 2026 - 2:30pm,1.57,1.47,1.57,1.47,4.0,76,97,90,76,55,42,94,59,87,66,10.98,2.61,66,59,52,incomplete,0,0,-1,-1,-1,-1,-1,-1,-1,-1,-1,-1,-1,-1,-1,-1,-1,-1,2.2,4.2,2.45,1.04,1.2,1.57,2.35,1.26,3.55,1.73,1.74,0.0,0.0,41.0,9.5,4.0,2.38,1.52,1.56,,1.57,,,,,,,,,,,,,4,10,25,45,59,1.13,1.67,3.2,5.5,2.1,1.3,1.05,1.42,2.24,7.8,2.65,1.58,,,,,45,,,,1.29,1.62,30,/estonia/jk-tallinna-kalev-vs-tallinna-fc-flora-u21-h2h-stats
18/09/2026 11:30,Lithuania,1 Lyga,Be1 NFA,TransINVEST Vilnius II,Gol Limite (Over 0.5 2HG),90%,@1.11,+57.5%,1.5u,Be1 NFA,TransINVEST Vilnius II,80,90,90,55,1789741800,Sep 18 2026 - 2:30pm,2.4,0.75,2.4,0.75,3.47,55,100,90,80,36,19,90,54,90,64,9.67,0.0,57,49,49,incomplete,0,0,-1,-1,-1,-1,-1,-1,-1,-1,-1,-1,-1,-1,-1,-1,-1,-1,1.33,4.8,6.5,1.11,1.36,2.1,3.2,1.57,2.3,1.32,1.19,0.0,0.0,21.0,6.5,2.88,1.67,1.3,1.07,,3.0,,,,,,,,,,,,,0,10,20,64,82,1.2,2.1,4.5,4.0,1.67,1.17,1.11,1.62,2.85,5.5,2.16,1.35,,,,,28,,,,2.04,0.88,25,/lithuania/be1-nacionaline-futbolo-akademija-vs-transinvest-vilnius-ii-h2h-stats
18/09/2026 11:30,Poland,2. Liga,Rekord Bielsko-Biała W,Świt Skolwin,Over 1.5 FT,100%,@1.00,+14.0%,1.0u,Rekord Bielsko-Biała W,Świt Skolwin,88,84,100,59,1789741800,Sep 18 2026 - 2:30pm,2.0,1.0,2.0,1.0,3.54,59,100,100,88,42,25,84,59,88,59,9.5,0.0,84,84,50,incomplete,0,0,-1,-1,-1,-1,-1,-1,-1,-1,-1,-1,-1,-1,-1,-1,-1,-1,1.8,3.9,3.75,1.14,1.51,2.28,4.0,1.5,2.4,1.55,1.16,0.0,0.0,13.0,4.8,2.33,1.51,1.17,1.22,,1.87,,,,,,,,,,,,,0,0,13,59,75,1.22,2.17,5.5,3.5,1.59,1.14,1.13,1.73,3.2,5.1,1.96,1.29,,,,,29,,,,1.63,0.63,9,/poland/oks-swit-skolwin-szczecin-vs-bts-rekord-bielsko-biala-women-h2h-stats
18/09/2026 11:30,Croatia,Druga HNL,Sesvete,Cibalia,Over 1.5 FT,100%,@1.00,+34.0%,1.5u,Sesvete,Cibalia,34,42,100,67,1789741800,Sep 18 2026 - 2:30pm,2.0,1.0,2.0,1.0,2.34,67,100,100,34,0,0,42,17,84,59,9.17,5.33,67,0,0,incomplete,0,0,-1,-1,-1,-1,-1,-1,-1,-1,-1,-1,-1,-1,-1,-1,-1,-1,1.97,3.35,3.8,1.34,2.15,4.0,8.3,1.95,1.73,1.25,1.63,0.0,0.0,8.5,2.78,1.6,1.17,1.03,1.25,,1.76,,,,,,,,,,,,,0,0,67,100,100,1.39,3.2,9.0,2.61,1.3,1.03,1.3,2.32,5.3,3.3,1.49,1.11,,,,,17,,,,1.8,1.4,6,/croatia/hnk-cibalia-vinkovci-vs-nk-sesvete-h2h-stats
18/09/2026 11:30,Poland,3 Liga Group 1,Lechia T. Mazowiecki,Swit,Gol Limite (Over 0.5 2HG),76%,@1.32,+33.0%,1.5u,Lechia T. Mazowiecki,Swit,69,63,82,69,1789741800,Sep 18 2026 - 2:30pm,1.25,1.38,1.25,1.38,3.38,69,88,82,69,38,32,63,32,76,57,13.3,-0.88,92,92,78,incomplete,0,0,-1,-1,-1,-1,-1,-1,-1,-1,-1,-1,-1,-1,-1,-1,-1,-1,2.34,3.65,2.65,1.11,1.4,2.04,3.28,1.37,2.71,1.84,2.22,0.0,0.0,17.0,5.25,2.56,1.67,1.25,1.34,,1.48,,,,,,,,,,,,,13,19,32,63,69,1.2,2.08,4.0,4.0,1.64,1.19,1.11,1.62,,5.5,2.11,,,,,,0,,,,1.25,1.38,9,/poland/rks-lechia-tomaszow-mazowiecki-vs-mks-swit-nowy-dwor-mazowiecki-h2h-stats
18/09/2026 11:30,Croatia,3. HNL East,Tomislav Cerna,Slavija Pleternica,N/A,N/A,N/A,N/A,N/A,Tomislav Cerna,Slavija Pleternica,50,0,63,38,1789741800,Sep 18 2026 - 2:30pm,2.25,1.5,2.25,1.5,2.75,38,100,63,50,25,13,0,0,13,13,2.0,-2.0,0,0,0,incomplete,0,0,-1,-1,-1,-1,-1,-1,-1,-1,-1,-1,-1,-1,-1,-1,-1,-1,,,,,1.7,,,,,1.63,0.0,0.0,0.0,,,2.1,,,,,,,,,,,,,,,,,,0,38,50,75,88,,,,,,,,,,,,,,,,,0,,,,2.25,1.5,5,/croatia/nk-slavija-pleternica-vs-nk-tomislav-cerna-h2h-stats
18/09/2026 11:30,Poland,4 Liga Małopolska,Lubań Maniowy,Beskid Andrychów,Gol Limite (Over 0.5 2HG),75%,@1.33,+31.2%,1.5u,Lubań Maniowy,Beskid Andrychów,73,61,88,73,1789741800,Sep 18 2026 - 2:30pm,1.29,1.25,1.29,1.25,3.4,73,94,88,73,46,32,61,41,75,47,4.0,-1.88,0,0,0,incomplete,0,0,-1,-1,-1,-1,-1,-1,-1,-1,-1,-1,-1,-1,-1,-1,-1,-1,,,,,,,,,,1.3,0.0,0.0,0.0,,,,,,,,,,,,,,,,,,,,,7,13,27,55,68,,,,,,,,,,,,,,,,,67,,,,1.29,1.25,9,/poland/aks-beskid-andrychow-vs-lks-luban-maniowy-h2h-stats
18/09/2026 11:40,UAE,Division One,Gulf United,Al Jazira Al Hamra,Gol Limite (Over 0.5 2HG),100%,@1.00,+75.0%,1.5u,Gulf United,Al Jazira Al Hamra,75,75,100,50,1789742400,Sep 18 2026 - 2:40pm,0.0,0.0,0.0,0.0,4.5,50,100,100,75,75,75,75,75,100,100,11.0,0.0,75,25,25,incomplete,0,0,-1,-1,-1,-1,-1,-1,-1,-1,-1,-1,-1,-1,-1,-1,-1,-1,1.85,3.65,3.07,1.14,1.57,2.55,3.1,1.4,2.36,1.73,0.69,0.0,0.0,12.9,5.0,2.25,1.47,1.16,1.22,,1.71,,,,,,,,,,,,,0,0,25,25,25,1.25,2.21,3.5,2.75,1.55,1.14,1.14,1.77,3.1,4.9,1.9,1.3,,,,,50,,,,1.0,0.5,5,/uae/al-jazira-al-hamra-vs-gulf-united-fc-h2h-stats
18/09/2026 11:40,UAE,Division One,Dubai City,Al Arabi,Gol Limite (Over 0.5 2HG),100%,@1.00,+75.0%,1.5u,Dubai City,Al Arabi,75,75,100,75,1789742400,Sep 18 2026 - 2:40pm,1.5,3.0,1.5,3.0,4.0,75,100,100,75,50,25,75,25,100,75,7.5,0.0,75,75,25,incomplete,0,0,-1,-1,-1,-1,-1,-1,-1,-1,-1,-1,-1,-1,-1,-1,-1,-1,5.0,4.0,1.41,1.15,1.62,2.2,3.3,1.57,2.0,1.01,1.9,0.0,0.0,12.9,4.25,2.19,1.33,1.11,2.45,,1.11,,,,,,,,,,,,,0,0,25,50,75,1.22,2.02,5.0,3.18,1.55,1.13,1.15,1.83,3.3,4.7,1.84,1.27,,,,,0,,,,1.0,2.5,5,/uae/al-arabi-uae-vs-dubai-city-fc-h2h-stats
18/09/2026 11:40,UAE,Division One,Palm City 365,Forte Virtus,N/A,N/A,N/A,N/A,N/A,Palm City 365,Forte Virtus,50,75,50,50,1789742400,Sep 18 2026 - 2:40pm,1.5,0.0,1.5,0.0,3.0,50,100,50,50,25,25,75,0,50,50,15.5,0.0,100,100,100,incomplete,0,0,-1,-1,-1,-1,-1,-1,-1,-1,-1,-1,-1,-1,-1,-1,-1,-1,2.15,3.5,2.75,1.13,1.58,2.43,4.0,1.36,2.43,1.43,1.24,0.0,0.0,11.0,4.4,2.23,1.48,1.19,1.08,,1.53,,,,,,,,,,,,,0,50,50,75,75,1.27,2.24,4.7,3.4,1.58,1.14,1.15,1.78,3.2,4.7,1.93,1.28,,,,,0,,,,1.5,2.0,5,/uae/palm-city-365-vs-forte-virtus-h2h-stats
18/09/2026 11:40,UAE,Division One,Al Urooba,Emirates,Gol Limite (Over 0.5 2HG),75%,@1.33,+31.2%,1.5u,Al Urooba,Emirates,25,75,75,50,1789742400,Sep 18 2026 - 2:40pm,2.0,0.0,2.0,0.0,2.0,50,100,75,25,0,0,75,25,75,25,17.5,0.0,75,75,50,incomplete,0,0,-1,-1,-1,-1,-1,-1,-1,-1,-1,-1,-1,-1,-1,-1,-1,-1,1.8,3.45,3.8,1.2,1.9,2.97,6.5,1.76,1.91,2.21,1.81,0.0,0.0,11.0,2.75,1.9,1.36,1.1,1.2,,1.88,,,,,,,,,,,,,0,25,75,100,100,1.31,2.67,4.2,3.0,1.4,1.08,1.21,2.02,4.0,3.9,1.68,1.19,,,,,0,,,,1.5,0.75,5,/uae/emirates-club-vs-al-urooba-h2h-stats
18/09/2026 11:40,UAE,Division One,Al Fujairah,Dibba Al Hisn,Over 0.5 HT,100%,@1.00,+29.0%,1.5u,Al Fujairah,Dibba Al Hisn,25,100,25,0,1789742400,Sep 18 2026 - 2:40pm,3.0,0.0,3.0,0.0,2.25,0,100,25,25,25,25,100,25,25,25,6.0,0.0,75,75,75,incomplete,0,0,-1,-1,-1,-1,-1,-1,-1,-1,-1,-1,-1,-1,-1,-1,-1,-1,3.15,3.5,1.91,1.17,1.7,2.59,5.0,1.6,1.95,1.78,1.42,0.0,0.0,12.0,3.98,2.1,1.39,1.12,1.2,,1.29,,,,,,,,,,,,,0,75,75,75,75,1.29,2.42,6.0,3.25,1.45,1.11,1.17,1.85,3.5,4.4,1.82,1.25,,,,,0,,,,1.5,1.0,5,/uae/dibba-al-hisn-vs-al-fujairah-h2h-stats
18/09/2026 11:40,UAE,Division One,Dibba Al Fujairah,Ittifaq,Gol Limite (Over 0.5 2HG),100%,@1.00,+75.0%,1.5u,Dibba Al Fujairah,Ittifaq,50,50,75,50,1789742400,Sep 18 2026 - 2:40pm,3.0,0.0,3.0,0.0,4.25,50,100,75,50,50,50,50,50,100,75,9.0,0.0,75,25,0,incomplete,0,0,-1,-1,-1,-1,-1,-1,-1,-1,-1,-1,-1,-1,-1,-1,-1,-1,1.4,4.2,5.33,,1.65,,,,,1.75,0.89,0.0,0.0,,,2.2,,,,,,,,,,,,,,,,,,0,25,50,50,50,,,,,,,,,,,,,,,,,50,,,,2.0,0.25,5,/uae/dibba-al-fujairah-vs-al-ittifaq-fc-h2h-stats
18/09/2026 11:40,UAE,Division One,Al Bataeh,Al Hamriyah,Gol Limite (Over 0.5 2HG),100%,@1.00,+75.0%,1.5u,Al Bataeh,Al Hamriyah,75,50,75,50,1789742400,Sep 18 2026 - 2:40pm,1.5,0.0,1.5,0.0,2.75,50,100,75,75,25,0,50,0,100,75,9.5,0.0,50,25,25,incomplete,0,0,-1,-1,-1,-1,-1,-1,-1,-1,-1,-1,-1,-1,-1,-1,-1,-1,1.8,3.4,3.44,1.24,1.8,3.05,6.0,1.7,1.99,1.47,1.46,0.0,0.0,9.65,2.75,1.91,1.28,1.13,1.22,,1.71,,,,,,,,,,,,,0,25,25,75,100,1.3,2.58,6.0,2.32,1.4,1.08,1.22,2.04,4.1,3.8,1.67,1.18,,,,,0,,,,1.75,1.5,5,/uae/al-hamriyah-vs-al-bataeh-club-h2h-stats
18/09/2026 12:00,Kazakhstan,Kazakhstan Premier League,Aktobe,Ulytau,Gol Limite (Over 0.5 2HG),79%,@1.27,+38.3%,1.5u,Aktobe,Ulytau,42,59,71,50,1789743600,Sep 18 2026 - 3:00pm,2.42,0.67,2.42,0.67,2.25,50,88,71,42,17,9,59,17,79,42,10.5,4.83,50,30,21,incomplete,0,0,-1,-1,-1,-1,-1,-1,-1,-1,-1,-1,-1,-1,-1,-1,-1,-1,1.5,4.07,5.99,1.21,1.79,2.83,5.3,1.83,1.83,1.73,1.18,0.0,0.0,11.0,3.58,1.93,1.33,1.13,1.2,,2.29,,,1.18,1.37,1.62,2.03,2.5,3.9,2.7,2.1,1.7,1.43,13,29,58,83,92,1.32,2.57,6.2,2.89,1.4,1.06,1.25,1.95,3.98,4.0,1.73,1.18,,,,,17,1.43,6.7,3.8,1.64,1.24,27,/kazakhstan/fk-aktobe-vs-fk-ulytau-zhezkazgan-h2h-stats
18/09/2026 12:00,Finland,Kolmonen Etelä,NuPS,SexyPöxyt,Gol Limite (Over 0.5 2HG),89%,@1.12,+55.8%,1.5u,NuPS,SexyPöxyt,66,74,95,61,1789743600,Sep 18 2026 - 3:00pm,1.37,1.53,1.37,1.53,3.69,61,100,95,66,45,29,74,45,89,61,8.4,-1.26,58,36,29,incomplete,0,0,-1,-1,-1,-1,-1,-1,-1,-1,-1,-1,-1,-1,-1,-1,-1,-1,1.7,4.2,3.3,,,,,,,1.52,1.36,0.0,0.0,,,,,,,,,,,,,,,,,,,,,0,6,35,55,71,,,,,,,,,,,,,,,,,44,,,,1.37,1.53,0,/finland/nummelan-palloseura-vs-sexypoxyt-h2h-stats
18/09/2026 12:00,Finland,Kolmonen Länsi,ÅCF,KaaPo,Gol Limite (Over 0.5 2HG),63%,@1.59,+10.3%,1.0u,ÅCF,KaaPo,68,54,87,55,1789743600,Sep 18 2026 - 3:00pm,0.58,1.22,0.58,1.22,3.61,55,92,87,68,44,33,54,33,63,44,7.58,-1.68,44,41,41,incomplete,0,0,-1,-1,-1,-1,-1,-1,-1,-1,-1,-1,-1,-1,-1,-1,-1,-1,3.62,4.5,1.69,,1.36,,,,,0.96,1.48,0.0,0.0,,,3.0,,,,,,,,,,,,,,,,,,8,14,32,57,68,,,,,,,,,,,,,,,,,10,,,,0.58,1.22,0,/finland/kaapo-kaarina-vs-abo-club-de-futbol-h2h-stats
18/09/2026 12:00,Russia,FNL,Neftekhimik,Ural,N/A,N/A,N/A,N/A,N/A,Neftekhimik,Ural,30,60,60,40,1789743600,Sep 18 2026 - 3:00pm,0.6,1.4,0.6,1.4,1.9,40,90,60,30,10,0,60,20,60,30,9.2,5.2,40,40,20,incomplete,0,0,-1,-1,-1,-1,-1,-1,-1,-1,-1,-1,-1,-1,-1,-1,-1,-1,4.05,3.6,1.74,1.28,2.06,3.71,7.1,1.92,1.79,1.18,1.79,0.0,0.0,9.1,3.21,1.78,1.27,1.04,1.24,,1.21,,,1.29,1.6,2.32,2.59,3.5,3.04,2.18,1.72,1.41,1.22,10,40,70,90,100,1.41,2.92,7.3,2.92,1.34,1.03,1.23,2.27,5.05,3.48,1.57,1.11,,,,,0,3.32,7.55,1.54,1.09,1.9,12,/russia/fk-ural-vs-fk-neftekhimik-nizhnekamsk-h2h-stats
18/09/2026 12:00,Romania,Liga I,UTA Arad,Sepsi,N/A,N/A,N/A,N/A,N/A,UTA Arad,Sepsi,35,45,45,35,1789743600,Sep 18 2026 - 3:00pm,1.5,1.0,1.5,1.0,2.15,35,65,45,35,35,23,45,33,55,25,7.35,5.45,55,35,35,incomplete,0,0,-1,-1,-1,-1,-1,-1,-1,-1,-1,-1,-1,-1,-1,-1,-1,-1,1.8,3.3,4.0,1.28,1.98,3.34,6.55,1.84,1.91,1.7,0.98,0.0,0.0,9.0,3.08,1.82,1.29,1.05,1.18,,1.87,,,1.2,1.43,1.77,2.24,2.92,3.6,2.5,1.92,1.53,1.32,35,55,65,65,78,1.36,2.75,7.2,2.7,1.4,1.03,1.25,2.2,5.0,3.5,1.62,1.13,,,,,10,1.57,7.9,3.4,1.0,1.44,10,/romania/sepsi-osk-sfantu-gheorghe-vs-afc-uta-arad-h2h-stats
18/09/2026 12:15,Austria,Landesliga Salzburg,Thalgau,Neumarkt,N/A,N/A,N/A,N/A,N/A,Thalgau,Neumarkt,75,13,88,75,1789744500,Sep 18 2026 - 3:15pm,3.0,0.25,3.0,0.25,4.63,75,100,88,75,75,50,13,0,13,0,5.0,4.0,0,0,0,incomplete,0,0,-1,-1,-1,-1,-1,-1,-1,-1,-1,-1,-1,-1,-1,-1,-1,-1,,,,,1.4,,,,,0.0,1.19,0.0,0.0,,,2.75,,,,,,,,,,,,,,,,,,0,13,25,25,50,,,,,,,,,,,,,,,,,0,,,,1.0,0.14,8,/austria/tsv-neumarkt-am-wallersee-vs-ufv-thalgau-h2h-stats
18/09/2026 12:15,Poland,4 Liga Kujawsko Pomorska,Kujawiak Kowal,Orlęta Aleksandrów Kuj.,N/A,N/A,N/A,N/A,N/A,Kujawiak Kowal,Orlęta Aleksandrów Kuj.,72,0,93,50,1789744500,Sep 18 2026 - 3:15pm,1.57,0.71,1.57,0.71,3.57,50,93,93,72,43,29,0,0,0,0,0.0,-2.0,0,0,0,incomplete,0,0,-1,-1,-1,-1,-1,-1,-1,-1,-1,-1,-1,-1,-1,-1,-1,-1,,,,,,,,,,0.0,0.0,0.0,0.0,,,,,,,,,,,,,,,,,,,,,7,7,29,57,71,,,,,,,,,,,,,,,,,0,,,,1.57,0.71,8,/poland/mzks-orleta-aleksandrow-kujawski-vs-mks-kujawiak-kowal-h2h-stats
18/09/2026 12:30,Finland,Ykkösliiga,JäPS,EIF,Cantos Over 9.5,73%,@1.37,+19.7%,1.5u,JäPS,EIF,36,64,55,27,1789745400,Sep 18 2026 - 3:30pm,1.73,0.82,1.73,0.82,2.37,27,87,55,36,23,18,64,27,64,32,11.18,3.27,78,73,59,incomplete,0,0,-1,-1,-1,-1,-1,-1,-1,-1,-1,-1,-1,-1,-1,-1,-1,-1,2.78,3.4,2.13,1.15,1.75,2.52,4.65,1.51,2.36,1.27,1.46,0.0,0.0,10.9,4.2,2.11,1.44,1.12,1.49,,1.4,,,1.09,1.27,1.64,1.84,2.3,4.9,3.22,2.31,1.82,1.53,14,46,64,78,82,1.29,2.3,6.0,3.24,1.5,1.1,1.13,1.83,3.58,4.55,1.84,1.21,,,,,14,2.25,7.5,1.98,1.39,1.22,24,/finland/ekenas-if-vs-jarvenpaan-palloseura-h2h-stats
18/09/2026 12:30,Finland,Ykkösliiga,Haka,Klubi-04,Over 1.5 FT,96%,@1.04,+7.5%,1.0u,Haka,Klubi-04,50,71,96,63,1789745400,Sep 18 2026 - 3:30pm,1.92,0.92,1.92,0.92,3.13,63,100,96,50,34,13,71,29,79,59,11.66,4.5,63,42,34,incomplete,0,0,-1,-1,-1,-1,-1,-1,-1,-1,-1,-1,-1,-1,-1,-1,-1,-1,1.45,4.5,5.2,1.12,1.41,2.1,3.53,1.48,2.45,1.76,1.39,0.0,0.0,16.0,6.1,2.87,1.74,1.29,1.2,,2.32,,,1.09,1.25,1.47,1.85,2.3,4.92,3.28,2.35,1.86,1.53,0,4,50,67,88,1.2,2.1,3.94,4.3,1.73,1.18,1.08,1.55,2.76,5.65,2.19,1.35,,,,,13,1.28,10.75,4.1,1.78,0.87,24,/finland/valkeakosken-haka-vs-talenttiklubi-04-h2h-stats
18/09/2026 12:30,Finland,Kolmonen Itä,PeKa,IPS Edustus,Gol Limite (Over 0.5 2HG),63%,@1.59,+10.3%,1.0u,PeKa,IPS Edustus,82,63,95,79,1789745400,Sep 18 2026 - 3:30pm,2.32,2.11,2.32,2.11,4.53,79,100,95,82,66,56,63,35,63,50,12.36,-1.84,55,55,48,incomplete,0,0,-1,-1,-1,-1,-1,-1,-1,-1,-1,-1,-1,-1,-1,-1,-1,-1,1.48,5.4,4.7,,1.2,,,,,2.21,1.85,0.0,0.0,,,4.33,,,,,,,,,,,,,,,,,,0,6,19,34,45,,,,,,,,,,,,,,,,,30,,,,2.32,2.11,0,/finland/ips-edustus-vs-peka-h2h-stats
18/09/2026 12:30,Finland,Kolmonen Länsi,VIFK,Kiisto,Gol Limite (Over 0.5 2HG),65%,@1.54,+13.7%,1.0u,VIFK,Kiisto,75,58,88,63,1789745400,Sep 18 2026 - 3:30pm,2.5,1.85,2.5,1.85,4.05,63,95,88,75,50,40,58,40,65,45,11.18,-2.0,43,25,22,incomplete,0,0,-1,-1,-1,-1,-1,-1,-1,-1,-1,-1,-1,-1,-1,-1,-1,-1,,,,,,,,,,1.93,1.32,0.0,0.0,,,,,,,,,,,,,,,,,,,,,5,13,25,50,60,,,,,,,,,,,,,,,,,24,,,,2.5,1.85,0,/finland/idrottsforeningen-kamraterna-vasa-vs-fc-kiisto-h2h-stats
18/09/2026 12:30,Russia,FNL,Shinnik,KAMAZ,Gol Limite (Over 0.5 2HG),90%,@1.11,+57.5%,1.5u,Shinnik,KAMAZ,50,70,90,70,1789745400,Sep 18 2026 - 3:30pm,1.4,1.0,1.4,1.0,2.9,70,100,90,50,50,0,70,20,90,80,12.95,4.0,80,80,58,incomplete,0,0,-1,-1,-1,-1,-1,-1,-1,-1,-1,-1,-1,-1,-1,-1,-1,-1,1.9,3.15,3.45,1.36,2.19,4.1,7.4,1.95,1.76,1.26,0.99,0.0,0.0,7.1,2.7,1.62,1.18,1.03,1.32,,1.79,,,1.26,1.5,2.18,2.41,3.3,3.18,2.33,1.8,1.47,1.25,0,10,50,50,100,1.46,2.97,6.7,2.54,1.32,1.05,1.28,2.32,5.1,3.24,1.52,1.1,,,,,10,1.79,7.21,2.61,1.5,0.55,12,/russia/fk-shinnik-yaroslavl-vs-fk-kamaz-naberezhnye-chelny-h2h-stats
18/09/2026 12:30,Germany,State Leagues Südbaden,Auggen,Wolfenweiler,N/A,N/A,N/A,N/A,N/A,Auggen,Wolfenweiler,60,0,90,70,1789745400,Sep 18 2026 - 3:30pm,1.8,0.2,1.8,0.2,3.2,70,100,90,60,30,20,0,0,0,0,0.0,-2.0,0,0,0,incomplete,0,0,-1,-1,-1,-1,-1,-1,-1,-1,-1,-1,-1,-1,-1,-1,-1,-1,,,,,,,,,,0.0,0.0,0.0,0.0,,,,,,,,,,,,,,,,,,,,,0,10,40,70,80,,,,,,,,,,,,,,,,,0,,,,1.8,0.2,6,/germany/fc-auggen-vs-fc-wolfenweiler-schallstadt-h2h-stats
18/09/2026 12:30,Germany,State Leagues Bayern Nordwest,Coburg,TSV Abtswind,N/A,N/A,N/A,N/A,N/A,Coburg,TSV Abtswind,82,0,91,46,1789745400,Sep 18 2026 - 3:30pm,2.0,3.0,2.0,3.0,4.14,46,100,91,82,69,41,0,0,0,0,0.0,-2.0,0,0,0,incomplete,0,0,-1,-1,-1,-1,-1,-1,-1,-1,-1,-1,-1,-1,-1,-1,-1,-1,,,,,,,,,,0.0,0.0,0.0,0.0,,,,,,,,,,,,,,,,,,,,,0,9,18,32,60,,,,,,,,,,,,,,,,,0,,,,2.0,3.0,12,/germany/tsv-abtswind-vs-fc-coburg-h2h-stats
18/09/2026 12:45,Azerbaijan,Premyer Liqası,Qarabağ,Safa,Gol Limite (Over 0.5 2HG),100%,@1.00,+75.0%,1.5u,Qarabağ,Safa,67,84,84,67,1789746300,Sep 18 2026 - 3:45pm,3.0,1.0,3.0,1.0,3.59,67,100,84,67,67,42,84,25,100,67,10.33,2.17,67,50,50,incomplete,0,0,-1,-1,-1,-1,-1,-1,-1,-1,-1,-1,-1,-1,-1,-1,-1,-1,1.1,8.0,13.0,1.06,1.31,1.83,3.1,2.06,1.73,2.71,0.95,0.0,0.0,18.5,6.2,3.1,1.84,1.33,1.02,,5.1,,,1.19,1.42,1.74,2.17,2.86,3.68,2.57,1.97,1.6,1.34,0,17,34,34,59,1.16,1.94,4.1,4.15,1.78,1.2,1.12,1.62,2.51,5.5,2.15,1.42,,,,,25,,,,2.5,0.6,6,/azerbaijan/qarabag-agdam-fk-vs-fk-safa-h2h-stats
18/09/2026 12:45,Iraq,Iraqi Premier League,Al Mosul,Naft,Over 2.5 FT,75%,@1.33,+77.8%,1.5u,Al Mosul,Naft,75,75,75,34,1789746300,Sep 18 2026 - 3:45pm,2.33,1.25,2.33,1.25,2.42,34,75,75,75,17,0,75,42,63,34,5.58,2.67,50,50,34,incomplete,0,0,-1,-1,-1,-1,-1,-1,-1,-1,-1,-1,-1,-1,-1,-1,-1,-1,2.32,2.91,2.57,,2.37,,,,,1.26,0.89,0.0,0.0,,,1.53,,,,,,,,,,,,,,,,,,25,25,25,84,100,,,,,,,,,,,,,,,,,0,,,,1.14,1.71,8,/iraq/al-naft-sport-club-vs-al-mosul-h2h-stats
18/09/2026 12:45,Iraq,Iraqi Premier League,Karbalaa FC,Erbil,N/A,N/A,N/A,N/A,N/A,Karbalaa FC,Erbil,17,42,34,34,1789746300,Sep 18 2026 - 3:45pm,1.33,2.0,1.33,2.0,1.59,34,75,34,17,17,17,42,0,50,34,9.17,1.0,50,0,0,incomplete,0,0,-1,-1,-1,-1,-1,-1,-1,-1,-1,-1,-1,-1,-1,-1,-1,-1,5.39,3.6,1.57,,1.95,,,,,1.58,1.13,0.0,0.0,,,1.85,,,,,,,,,,,,,,,,,,25,67,84,84,84,,,,,,,,,,,,,,,,,0,,,,0.71,2.0,8,/iraq/erbil-sc-vs-karbalaa-fc-h2h-stats
18/09/2026 12:50,Saudi Arabia,First Division,Al Ta'ee,Al Bukayriyah,Gol Limite (Over 0.5 2HG),84%,@1.19,+47.0%,1.5u,Al Ta'ee,Al Bukayriyah,67,67,84,67,1789746600,Sep 18 2026 - 3:50pm,1.33,0.0,1.33,0.0,3.34,67,84,84,67,50,50,67,50,84,84,11.67,4.67,67,67,67,incomplete,0,0,-1,-1,-1,-1,-1,-1,-1,-1,-1,-1,-1,-1,-1,-1,-1,-1,1.95,3.4,3.5,1.29,1.85,3.14,7.0,1.75,1.95,0.96,1.01,0.0,0.0,9.5,3.5,1.8,1.29,1.07,1.14,,1.82,,,,,,,,,,,,,17,17,34,50,50,1.35,2.62,5.8,2.9,1.36,1.09,1.25,2.1,4.0,3.8,1.62,1.17,,,,,0,,,,1.4,0.4,6,/saudi-arabia/al-taee-hail-vs-al-bukayriyah-fc-h2h-stats
18/09/2026 13:00,Estonia,Meistriliiga,Harju Jalgpallikool,Kuressaare,Gol Limite (Over 0.5 2HG),86%,@1.16,+50.5%,1.5u,Harju Jalgpallikool,Kuressaare,61,79,79,50,1789747200,Sep 18 2026 - 4:00pm,1.36,0.71,1.36,0.71,3.0,50,100,79,61,36,18,79,40,86,43,10.57,3.93,82,72,64,incomplete,0,0,-1,-1,-1,-1,-1,-1,-1,-1,-1,-1,-1,-1,-1,-1,-1,-1,1.95,3.6,3.0,1.11,1.45,2.22,4.1,1.44,2.51,1.57,1.5,0.0,0.0,14.5,4.9,2.48,1.56,1.17,1.27,,1.62,,,1.13,1.32,1.76,1.97,2.52,4.3,2.9,2.17,1.74,1.44,0,22,40,64,83,1.23,2.2,4.8,3.42,1.64,1.17,1.15,1.7,3.08,5.0,2.05,1.3,,,,,25,,,,1.32,1.0,29,/estonia/fc-kuressaare-vs-harju-jalgpallikool-h2h-stats
18/09/2026 13:00,Estonia,Esiliiga B,Vaprus II,Legion,Gol Limite (Over 0.5 2HG),90%,@1.11,+57.5%,1.5u,Vaprus II,Legion,83,83,94,61,1789747200,Sep 18 2026 - 4:00pm,1.85,0.4,1.85,0.4,5.08,61,100,94,83,76,57,83,63,90,71,9.09,2.83,71,60,49,incomplete,0,0,-1,-1,-1,-1,-1,-1,-1,-1,-1,-1,-1,-1,-1,-1,-1,-1,1.14,6.5,7.61,1.01,1.08,1.32,1.74,1.44,2.6,1.95,1.18,0.0,0.0,,13.0,6.5,3.0,1.98,1.06,,5.5,,,,,,,,,,,,,0,7,18,24,43,1.07,1.5,2.55,7.5,2.55,1.44,1.01,,1.97,11.0,,1.74,,,,,23,,,,1.48,0.46,30,/estonia/tallinna-jk-legion-vs-parnu-jk-vaprus-ii-h2h-stats
18/09/2026 13:00,Belarus,Vysheyshaya Liga,ML Vitebsk,Arsenal Dzyarzhynsk,N/A,N/A,N/A,N/A,N/A,ML Vitebsk,Arsenal Dzyarzhynsk,33,76,71,53,1789747200,Sep 18 2026 - 4:00pm,1.5,1.27,1.5,1.27,2.22,53,80,71,33,14,14,76,34,57,28,12.24,3.31,82,68,53,incomplete,0,0,-1,-1,-1,-1,-1,-1,-1,-1,-1,-1,-1,-1,-1,-1,-1,-1,1.17,6.8,13.0,1.09,1.41,2.13,3.34,2.11,1.7,1.34,0.97,0.0,0.0,10.5,5.25,2.52,1.67,1.24,1.1,,4.85,,,,,,,,,,,,,20,29,67,86,86,1.21,2.12,4.5,3.64,1.67,1.14,1.09,1.66,2.91,5.35,2.11,1.31,,,,,20,,,,2.05,1.05,23,/belarus/fc-maxline-vitebsk-vs-fk-arsenal-dzyarzhynsk-h2h-stats
18/09/2026 13:00,Finland,Kolmonen Itä,JJK Jyväskylä II,FC Komeetat,Gol Limite (Over 0.5 2HG),95%,@1.05,+66.2%,1.5u,JJK Jyväskylä II,FC Komeetat,70,80,100,55,1789747200,Sep 18 2026 - 4:00pm,0.9,0.7,0.9,0.7,4.4,55,100,100,70,55,50,80,40,95,70,8.9,0.0,45,39,39,incomplete,0,0,-1,-1,-1,-1,-1,-1,-1,-1,-1,-1,-1,-1,-1,-1,-1,-1,2.54,4.45,1.92,,1.2,,,,,1.21,1.26,0.0,0.0,,,4.33,,,,,,,,,,,,,,,,,,0,0,30,45,50,,,,,,,,,,,,,,,,,10,,,,1.1,0.6,0,/finland/fc-komeetat-vs-jyvaskylan-jalkapalloklubi-ii-h2h-stats
18/09/2026 13:00,Finland,Kolmonen Itä,STPS,MP II,Gol Limite (Over 0.5 2HG),64%,@1.56,+12.0%,1.0u,STPS,MP II,82,66,95,64,1789747200,Sep 18 2026 - 4:00pm,0.89,1.42,0.89,1.42,4.03,64,100,95,82,61,34,66,50,64,50,10.81,-2.0,82,82,59,incomplete,0,0,-1,-1,-1,-1,-1,-1,-1,-1,-1,-1,-1,-1,-1,-1,-1,-1,,,,,,,,,,1.49,2.14,0.0,0.0,,,,,,,,,,,,,,,,,,,,,0,6,19,40,66,,,,,,,,,,,,,,,,,43,,,,0.89,1.42,0,/finland/savonlinnan-tyovaen-palloseura-vs-mikkelin-palloilijat-ii-h2h-stats
18/09/2026 13:00,Finland,Kolmonen Länsi,LTU,Peimari United,N/A,N/A,N/A,N/A,N/A,LTU,Peimari United,61,58,74,58,1789747200,Sep 18 2026 - 4:00pm,1.58,1.79,1.58,1.79,2.82,58,89,74,61,32,16,58,19,55,24,10.05,-1.79,69,59,37,incomplete,0,0,-1,-1,-1,-1,-1,-1,-1,-1,-1,-1,-1,-1,-1,-1,-1,-1,,,,,,,,,,1.28,1.95,0.0,0.0,,,,,,,,,,,,,,,,,,,,,11,27,40,69,84,,,,,,,,,,,,,,,,,20,,,,1.58,1.79,0,/finland/peimari-united-vs-littoisten-tyovaen-urheilijat-h2h-stats
18/09/2026 13:00,Finland,Kolmonen Länsi,PiPS,JyTy Turku,Gol Limite (Over 0.5 2HG),74%,@1.35,+29.5%,1.5u,PiPS,JyTy Turku,71,64,84,66,1789747200,Sep 18 2026 - 4:00pm,0.89,0.84,0.89,0.84,3.32,66,98,84,71,48,21,64,32,74,50,9.58,-1.68,61,55,42,incomplete,0,0,-1,-1,-1,-1,-1,-1,-1,-1,-1,-1,-1,-1,-1,-1,-1,-1,1.79,3.95,3.5,,1.44,,,,,1.38,1.46,0.0,0.0,,,2.62,,,,,,,,,,,,,,,,,,3,16,29,53,79,,,,,,,,,,,,,,,,,7,,,,0.89,0.84,0,/finland/jyty-turku-vs-piikkion-palloseura-h2h-stats
18/09/2026 13:00,Finland,Kolmonen Länsi,Loiske,ACE,Gol Limite (Over 0.5 2HG),79%,@1.27,+38.3%,1.5u,Loiske,ACE,82,77,95,69,1789747200,Sep 18 2026 - 4:00pm,1.21,0.53,1.21,0.53,4.19,69,98,95,82,50,37,77,42,79,61,7.89,-1.52,62,41,38,incomplete,0,0,-1,-1,-1,-1,-1,-1,-1,-1,-1,-1,-1,-1,-1,-1,-1,-1,,,,,,,,,,1.31,1.24,0.0,0.0,,,,,,,,,,,,,,,,,,,,,3,6,19,50,63,,,,,,,,,,,,,,,,,26,,,,1.21,0.53,0,/finland/loiske-vs-tampereen-teekkareiden-jp-kerho-ace-h2h-stats
18/09/2026 13:00,Finland,Kolmonen Länsi,Ylivieska,KPV Akatemia,Gol Limite (Over 0.5 2HG),74%,@1.35,+29.5%,1.5u,Ylivieska,KPV Akatemia,87,77,92,77,1789747200,Sep 18 2026 - 4:00pm,1.74,0.84,1.74,0.84,4.79,77,100,92,87,66,47,77,48,74,50,7.01,-2.0,43,36,29,incomplete,0,0,-1,-1,-1,-1,-1,-1,-1,-1,-1,-1,-1,-1,-1,-1,-1,-1,,,,,,,,,,1.38,1.56,0.0,0.0,,,,,,,,,,,,,,,,,,,,,0,8,13,35,53,,,,,,,,,,,,,,,,,40,,,,1.74,0.84,0,/finland/kpv-akatemia-vs-fc-ylivieska-h2h-stats
18/09/2026 13:00,Finland,Kolmonen Etelä,MPS,EPS II,Gol Limite (Over 0.5 2HG),74%,@1.35,+29.5%,1.5u,MPS,EPS II,61,84,84,53,1789747200,Sep 18 2026 - 4:00pm,0.89,0.89,0.89,0.89,3.53,53,92,84,61,50,29,84,53,74,48,8.25,-0.84,54,48,42,incomplete,0,0,-1,-1,-1,-1,-1,-1,-1,-1,-1,-1,-1,-1,-1,-1,-1,-1,,,,,,,,,,1.16,1.42,0.0,0.0,,,,,,,,,,,,,,,,,,,,,8,16,40,50,71,,,,,,,,,,,,,,,,,17,,,,0.89,0.89,0,/finland/malmin-palloseura-vs-espoon-palloseuran-jalkapallo-reservi-h2h-stats
18/09/2026 13:00,Poland,Ekstraklasa,Widzew Łódź,Wieczysta Kraków,Gol Limite (Over 0.5 2HG),75%,@1.33,+31.2%,1.5u,Widzew Łódź,Wieczysta Kraków,68,68,88,68,1789747200,Sep 18 2026 - 4:00pm,0.5,0.6,0.5,0.6,3.4,68,88,88,68,45,33,68,48,75,63,12.2,4.7,68,48,48,incomplete,0,0,-1,-1,-1,-1,-1,-1,-1,-1,-1,-1,-1,-1,-1,-1,-1,-1,1.85,3.7,3.5,1.15,1.56,2.53,4.2,1.53,2.38,1.7,1.53,0.0,0.0,15.0,5.0,2.33,1.48,1.16,1.3,,1.83,,,1.11,1.22,1.33,1.7,1.97,4.29,3.17,2.48,2.15,1.73,13,13,33,55,68,1.19,2.21,4.8,3.6,1.57,1.11,1.12,1.79,3.4,4.6,1.93,1.25,,,,,48,1.55,9.0,3.02,1.0,0.57,9,/poland/rts-widzew-lodz-vs-klub-sportowy-wieczysta-krakow-h2h-stats
18/09/2026 13:00,Lithuania,1 Lyga,Orgánica Masachapa,Dainava,Gol Limite (Over 0.5 2HG),84%,@1.19,+47.0%,1.5u,Orgánica Masachapa,Dainava,60,53,80,47,1789747200,Sep 18 2026 - 4:00pm,1.25,1.11,1.25,1.11,2.88,47,84,80,60,38,18,53,27,84,59,10.34,0.0,86,56,47,incomplete,0,0,-1,-1,-1,-1,-1,-1,-1,-1,-1,-1,-1,-1,-1,-1,-1,-1,,,,1.14,1.53,2.25,3.75,1.44,2.0,1.11,1.36,0.0,0.0,18.0,5.0,2.5,1.44,1.22,2.3,,1.14,,,,,,,,,,,,,17,21,41,63,82,1.22,1.95,5.0,3.75,1.45,1.14,1.13,1.72,3.2,5.1,2.0,1.29,,,,,14,,,,0.92,1.61,25,/lithuania/alytaus-dfk-dainava-vs-organica-masachapa-fc-h2h-stats
18/09/2026 13:00,Lithuania,1 Lyga,Jonava,Tauras,Gol Limite (Over 0.5 2HG),64%,@1.56,+12.0%,1.0u,Jonava,Tauras,43,70,61,56,1789747200,Sep 18 2026 - 4:00pm,1.27,1.25,1.27,1.25,2.25,56,91,61,43,30,0,70,18,64,39,10.24,0.33,74,47,39,incomplete,0,0,-1,-1,-1,-1,-1,-1,-1,-1,-1,-1,-1,-1,-1,-1,-1,-1,4.0,3.75,1.73,1.2,1.72,2.88,5.0,1.67,2.08,1.24,1.3,0.0,0.0,13.0,4.0,2.07,1.4,1.14,1.21,,1.26,,,,,,,,,,,,,9,39,57,70,100,1.3,2.5,6.0,3.2,1.5,1.11,1.18,1.92,3.8,4.3,1.78,1.21,,,,,14,,,,1.13,1.67,25,/lithuania/fk-jonava-vs-fk-tauras-taurage-h2h-stats
18/09/2026 13:00,Slovakia,2. Liga,Liptovský Mikuláš,Zlaté Moravce,Gol Limite (Over 0.5 2HG),88%,@1.14,+54.0%,1.5u,Liptovský Mikuláš,Zlaté Moravce,59,75,75,59,1789747200,Sep 18 2026 - 4:00pm,1.67,1.5,1.67,1.5,3.0,59,100,75,59,34,17,75,46,88,29,15.17,2.42,88,75,59,incomplete,0,0,-1,-1,-1,-1,-1,-1,-1,-1,-1,-1,-1,-1,-1,-1,-1,-1,2.0,3.7,3.1,1.13,1.53,2.3,4.0,1.48,2.41,2.05,1.82,0.0,0.0,13.7,4.55,2.28,1.51,1.17,1.33,,1.67,,,,,,,,,,,,,0,25,42,67,84,1.26,2.3,4.5,3.24,1.54,1.15,1.14,1.75,3.1,4.9,1.93,1.3,,,,,46,,,,1.13,1.38,9,/slovakia/fc-zlate-vion-moravce-vs-mfk-tatran-liptovsky-mikulas-h2h-stats
18/09/2026 13:00,Czech Republic,FNL,Karviná,Hanácká,Gol Limite (Over 0.5 2HG),84%,@1.19,+47.0%,1.5u,Karviná,Hanácká,33,50,84,34,1789747200,Sep 18 2026 - 4:00pm,3.0,0.33,3.0,0.33,2.5,34,100,84,33,17,17,50,17,84,50,11.34,3.33,67,50,50,incomplete,0,0,-1,-1,-1,-1,-1,-1,-1,-1,-1,-1,-1,-1,-1,-1,-1,-1,1.34,5.4,7.2,1.08,1.4,2.12,3.5,1.62,2.13,1.91,1.2,0.0,0.0,17.0,6.0,2.75,1.67,1.25,1.06,,2.92,,,1.14,1.33,1.78,1.99,2.54,4.26,2.88,2.16,1.73,1.43,0,17,67,84,84,1.19,2.04,4.75,3.9,1.67,1.18,1.15,1.62,2.88,5.7,2.12,1.32,,,,,17,,,,1.88,0.75,9,/czech-republic/mfk-karvina-vs-sk-hanacka-slavia-kromeriz-h2h-stats
18/09/2026 13:00,Czech Republic,FNL,Vysočina Jihlava,Slavia Praha U21,Over 0.5 HT,88%,@1.14,+10.0%,1.0u,Vysočina Jihlava,Slavia Praha U21,29,88,75,63,1789747200,Sep 18 2026 - 4:00pm,1.5,1.67,1.5,1.67,2.21,63,100,75,29,17,0,88,17,71,29,11.33,4.67,59,42,29,incomplete,0,0,-1,-1,-1,-1,-1,-1,-1,-1,-1,-1,-1,-1,-1,-1,-1,-1,1.93,3.6,3.25,1.12,1.57,2.33,4.15,1.44,2.44,1.67,1.29,0.0,0.0,15.0,5.0,2.35,1.48,1.18,1.22,,1.69,,,1.11,1.28,1.69,1.89,2.38,4.64,3.08,2.28,1.81,1.49,0,25,71,84,100,1.25,2.2,4.8,3.7,1.62,1.15,1.11,1.75,3.34,4.9,1.93,1.29,,,,,17,,,,1.63,1.63,9,/czech-republic/fc-vysocina-jihlava-vs-sk-slavia-praha-under-21-h2h-stats
18/09/2026 13:00,Czech Republic,FNL,Opava,Arsenal Ceska Lipa,Gol Limite (Over 0.5 2HG),88%,@1.14,+54.0%,1.5u,Opava,Arsenal Ceska Lipa,38,75,88,50,1789747200,Sep 18 2026 - 4:00pm,1.25,1.0,1.25,1.0,2.75,50,100,88,38,25,13,75,25,88,50,10.25,4.0,88,88,75,incomplete,0,0,-1,-1,-1,-1,-1,-1,-1,-1,-1,-1,-1,-1,-1,-1,-1,-1,1.76,3.6,3.9,1.17,1.68,2.66,4.95,1.65,2.08,1.39,1.07,0.0,0.0,11.3,3.95,2.02,1.37,1.11,1.2,,2.05,,,1.13,1.31,1.74,1.95,2.48,4.39,2.95,2.2,1.76,1.45,0,13,63,75,88,1.31,2.45,6.05,2.94,1.5,1.06,1.14,1.87,3.78,4.35,1.8,1.22,,,,,13,,,,0.88,1.13,9,/czech-republic/sfc-opava-vs-fk-arsenal-ceska-lipa-h2h-stats
18/09/2026 13:00,Czech Republic,FNL,Prostějov,Dukla Praha,Gol Limite (Over 0.5 2HG),100%,@1.00,+75.0%,1.5u,Prostějov,Dukla Praha,75,88,100,100,1789747200,Sep 18 2026 - 4:00pm,1.25,1.33,1.25,1.33,3.21,100,100,100,75,46,0,88,25,100,63,10.42,3.67,67,67,67,incomplete,0,0,-1,-1,-1,-1,-1,-1,-1,-1,-1,-1,-1,-1,-1,-1,-1,-1,3.2,3.4,2.0,1.24,1.82,2.97,5.55,1.69,2.0,1.34,1.38,0.0,0.0,8.9,3.8,1.85,1.3,1.08,1.7,,1.22,,,1.18,1.4,1.91,2.14,2.79,3.78,2.62,2.01,1.62,1.35,0,0,25,54,100,1.35,2.64,6.0,2.76,1.38,1.1,1.19,2.03,4.15,3.75,1.67,1.18,,,,,13,,,,0.88,2.0,9,/czech-republic/fk-dukla-praha-vs-fk-prostejov-h2h-stats
18/09/2026 13:00,Malta,Maltese Premier League,Zabbar St. Patrick,Birkirkara,Gol Limite (Over 0.5 2HG),80%,@1.25,+40.0%,1.5u,Zabbar St. Patrick,Birkirkara,40,70,60,50,1789747200,Sep 18 2026 - 4:00pm,1.0,1.4,1.0,1.4,2.3,50,90,60,40,20,10,70,30,80,30,8.0,2.6,70,40,30,incomplete,0,0,-1,-1,-1,-1,-1,-1,-1,-1,-1,-1,-1,-1,-1,-1,-1,-1,4.0,3.3,1.75,1.33,1.98,3.48,8.0,1.87,1.83,0.81,1.39,0.0,0.0,8.5,3.13,1.7,1.22,1.05,1.25,,1.12,,,,,,,,,,,,,10,40,60,80,90,1.42,2.88,7.5,2.59,1.36,1.06,1.25,2.2,4.8,3.6,1.57,1.13,,,,,25,,,,1.0,1.4,6,/malta/birkirkara-fc-vs-zabbar-saint-patrick-fc-h2h-stats
18/09/2026 13:00,Armenia,Armenian Premier League,Artsakh,Van,Gol Limite (Over 0.5 2HG),100%,@1.00,+75.0%,1.5u,Artsakh,Van,71,71,88,13,1789747200,Sep 18 2026 - 4:00pm,3.0,0.0,3.0,0.0,3.13,13,100,88,71,42,13,71,71,100,34,7.67,2.92,25,25,13,incomplete,0,0,-1,-1,-1,-1,-1,-1,-1,-1,-1,-1,-1,-1,-1,-1,-1,-1,1.03,11.0,23.0,1.02,1.21,1.62,2.44,2.5,1.44,2.06,0.59,0.0,0.0,17.0,7.8,3.58,2.19,1.49,1.03,,8.5,,,,,,,,,,,,,0,13,29,59,88,1.13,1.75,3.5,5.5,1.91,1.25,1.07,1.5,2.21,6.78,2.4,1.44,,,,,13,,,,3.0,0.57,8,/armenia/fc-artsakh-vs-fk-van-h2h-stats
18/09/2026 13:00,Poland,1. Liga,Warta Poznań,Puszcza Niepołomice,Over 0.5 HT,100%,@1.00,+26.0%,1.5u,Warta Poznań,Puszcza Niepołomice,75,100,75,0,1789747200,Sep 18 2026 - 4:00pm,3.0,0.0,3.0,0.0,2.5,0,100,75,75,0,0,100,25,50,50,12.0,3.5,75,75,75,incomplete,0,0,-1,-1,-1,-1,-1,-1,-1,-1,-1,-1,-1,-1,-1,-1,-1,-1,2.05,3.55,3.1,1.23,1.73,2.7,5.0,1.59,2.19,1.83,1.51,0.0,0.0,11.3,4.11,2.0,1.36,1.1,1.22,,1.64,,,1.19,1.39,1.7,2.14,2.83,3.74,2.59,1.98,1.57,1.33,0,25,25,100,100,1.26,2.45,6.0,3.29,1.48,1.11,1.17,1.93,3.7,4.4,1.75,1.22,,,,,0,1.66,8.8,2.49,1.5,0.86,9,/poland/mks-puszcza-niepolomice-vs-ks-warta-poznan-h2h-stats
18/09/2026 13:00,Austria,Landesliga Kärnten,Ferlach,Lendorf,N/A,N/A,N/A,N/A,N/A,Ferlach,Lendorf,50,14,79,64,1789747200,Sep 18 2026 - 4:00pm,1.29,1.71,1.29,1.71,3.22,64,100,79,50,36,22,14,14,36,14,11.33,-2.0,67,17,17,incomplete,0,0,-1,-1,-1,-1,-1,-1,-1,-1,-1,-1,-1,-1,-1,-1,-1,-1,,,,,,,,,,1.51,1.66,0.0,0.0,,,,,,,,,,,,,,,,,,,,,0,22,50,65,79,,,,,,,,,,,,,,,,,50,,,,1.29,1.71,8,/austria/atus-ferlach-vs-sv-lendorf-h2h-stats
18/09/2026 13:00,Poland,2. Liga,Zawisza Bydgoszcz,Górnik Łęczna,Gol Limite (Over 0.5 2HG),88%,@1.14,+54.0%,1.5u,Zawisza Bydgoszcz,Górnik Łęczna,50,75,88,63,1789747200,Sep 18 2026 - 4:00pm,2.5,1.75,2.5,1.75,3.0,63,100,88,50,38,25,75,13,88,63,12.25,0.0,88,88,75,incomplete,0,0,-1,-1,-1,-1,-1,-1,-1,-1,-1,-1,-1,-1,-1,-1,-1,-1,2.3,3.5,2.65,1.17,1.65,2.62,4.9,1.55,2.25,2.33,1.78,0.0,0.0,12.0,4.05,2.1,1.38,1.11,1.22,,1.47,,,,,,,,,,,,,0,13,50,63,75,1.28,2.55,5.0,3.3,1.45,1.06,1.17,1.87,3.7,4.4,1.8,1.22,,,,,13,,,,1.88,2.0,9,/poland/gks-gornik-leczna-vs-wks-zawisza-bydgoszcz-h2h-stats
18/09/2026 13:00,Bulgaria,Third League Southeast,Botev Plovdiv II,Sozopol,N/A,N/A,N/A,N/A,N/A,Botev Plovdiv II,Sozopol,67,33,92,67,1789747200,Sep 18 2026 - 4:00pm,0.83,1.5,0.83,1.5,4.17,67,100,92,67,67,42,33,33,25,25,4.0,-1.83,50,50,0,incomplete,0,0,-1,-1,-1,-1,-1,-1,-1,-1,-1,-1,-1,-1,-1,-1,-1,-1,,,,,,,,,,0.93,0.0,0.0,0.0,,,,,,,,,,,,,,,,,,,,,0,9,33,33,59,,,,,,,,,,,,,,,,,100,,,,0.83,1.5,7,/bulgaria/fk-sozopol-vs-pfk-botev-plovdiv-ii-h2h-stats
18/09/2026 13:00,Austria,Landesliga Wien,TWL Elektra,Austria XIII,N/A,N/A,N/A,N/A,N/A,TWL Elektra,Austria XIII,50,13,88,50,1789747200,Sep 18 2026 - 4:00pm,3.0,1.25,3.0,1.25,2.88,50,88,88,50,50,13,13,0,25,25,3.0,-1.75,0,0,0,incomplete,0,0,-1,-1,-1,-1,-1,-1,-1,-1,-1,-1,-1,-1,-1,-1,-1,-1,,,,,,,,,,1.16,0.0,0.0,0.0,,,,,,,,,,,,,,,,,,,,,13,13,50,50,88,,,,,,,,,,,,,,,,,0,,,,3.0,1.25,5,/austria/fv-austria-xiii-vs-twl-elektra-h2h-stats
18/09/2026 13:00,Austria,Landesliga Wien,Red Star Penzing,LAC-Inter,Gol Limite (Over 0.5 2HG),63%,@1.59,+10.3%,1.0u,Red Star Penzing,LAC-Inter,75,50,75,63,1789747200,Sep 18 2026 - 4:00pm,3.0,2.25,3.0,2.25,3.25,63,100,75,75,50,25,50,25,63,38,8.5,-1.5,25,0,0,incomplete,0,0,-1,-1,-1,-1,-1,-1,-1,-1,-1,-1,-1,-1,-1,-1,-1,-1,,,,,,,,,,1.69,1.51,0.0,0.0,,,,,,,,,,,,,,,,,,,,,0,25,25,50,75,,,,,,,,,,,,,,,,,0,,,,3.0,2.25,5,/austria/sc-red-star-penzing-vs-landstrasser-athletik-club-inter-h2h-stats
18/09/2026 13:00,Austria,Landesliga Oberösterreich,Kornspitz Pregarten,Grün Weiß Micheldorf,N/A,N/A,N/A,N/A,N/A,Kornspitz Pregarten,Grün Weiß Micheldorf,79,50,93,79,1789747200,Sep 18 2026 - 4:00pm,0.57,1.43,0.57,1.43,3.64,79,100,93,79,50,29,50,50,57,36,0.0,-2.0,0,0,0,incomplete,0,0,-1,-1,-1,-1,-1,-1,-1,-1,-1,-1,-1,-1,-1,-1,-1,-1,,,,,,,,,,0.0,0.0,0.0,0.0,,,,,,,,,,,,,,,,,,,,,0,7,22,50,72,,,,,,,,,,,,,,,,,50,,,,0.57,1.43,8,/austria/sv-grun-weiss-micheldorf-vs-spg-kornspitz-pregarten-h2h-stats
18/09/2026 13:05,Saudi Arabia,First Division,Jeddah,Al-Saqer,Ambas Marcam (BTTS Yes),75%,@1.33,+38.8%,1.5u,Jeddah,Al-Saqer,25,75,75,75,1789747500,Sep 18 2026 - 4:05pm,2.0,1.0,2.0,1.0,2.25,75,100,75,25,25,0,75,50,75,25,6.5,1.5,25,25,25,incomplete,0,0,-1,-1,-1,-1,-1,-1,-1,-1,-1,-1,-1,-1,-1,-1,-1,-1,2.7,3.1,2.37,1.36,2.2,3.9,7.8,1.85,1.83,0.94,1.18,0.0,0.0,7.8,2.78,1.6,1.18,1.02,1.44,,1.35,,,,,,,,,,,,,0,25,75,75,100,1.45,3.13,8.0,2.59,1.32,1.06,1.26,2.3,5.5,3.1,1.5,1.13,,,,,25,,,,1.6,0.8,6,/saudi-arabia/jeddah-club-vs-al-saqer-fc-h2h-stats
18/09/2026 13:10,Finland,Kolmonen Etelä,LPS,ToTe,Gol Limite (Over 0.5 2HG),84%,@1.19,+47.0%,1.5u,LPS,ToTe,79,84,95,74,1789747800,Sep 18 2026 - 4:10pm,2.0,1.79,2.0,1.79,4.21,74,100,95,79,61,37,84,55,84,63,9.19,-0.68,70,58,46,incomplete,0,0,-1,-1,-1,-1,-1,-1,-1,-1,-1,-1,-1,-1,-1,-1,-1,-1,2.43,4.1,2.12,,,,,,,1.45,1.58,0.0,0.0,,,,,,,,,,,,,,,,,,,,,0,5,21,40,64,,,,,,,,,,,,,,,,,48,,,,2.0,1.79,0,/finland/laajasalon-palloseura-vs-toukolan-teras-fc-h2h-stats
18/09/2026 13:30,Faroe Islands,1. Deild,ÍF,HB II,Gol Limite (Over 0.5 2HG),91%,@1.10,+59.2%,1.5u,ÍF,HB II,67,82,96,73,1789749000,Sep 18 2026 - 4:30pm,1.3,1.0,1.3,1.0,3.7,73,100,96,67,48,15,82,43,91,72,10.0,0.0,75,50,50,incomplete,0,0,-1,-1,-1,-1,-1,-1,-1,-1,-1,-1,-1,-1,-1,-1,-1,-1,1.72,4.6,3.42,,,,,,,1.62,1.85,0.0,0.0,,,,,,,,,,,,,,,,,,,,,0,5,33,53,86,,,,,,,,,,,,,,,,,15,,,,1.57,0.91,24,/faroe-islands/if-fuglafjordur-vs-hb-torshavn-ii-h2h-stats
18/09/2026 13:30,Finland,Kolmonen Etelä,Valtti,PPS,Gol Limite (Over 0.5 2HG),87%,@1.15,+52.2%,1.5u,Valtti,PPS,82,76,95,66,1789749000,Sep 18 2026 - 4:30pm,1.37,0.42,1.37,0.42,4.24,66,100,95,82,58,35,76,53,87,71,9.39,-0.79,84,70,61,incomplete,0,0,-1,-1,-1,-1,-1,-1,-1,-1,-1,-1,-1,-1,-1,-1,-1,-1,1.09,8.5,12.0,,,,,,,1.49,1.02,0.0,0.0,,,,,,,,,,,,,,,,,,,,,0,6,19,42,66,,,,,,,,,,,,,,,,,18,,,,1.37,0.42,0,/finland/puotinkylan-valtti-vs-pakkalan-palloseura-h2h-stats
18/09/2026 13:30,Finland,Kolmonen Etelä,Lahti II,Futura,Gol Limite (Over 0.5 2HG),81%,@1.23,+41.8%,1.5u,Lahti II,Futura,64,89,75,59,1789749000,Sep 18 2026 - 4:30pm,1.56,2.61,1.56,2.61,3.7,59,95,75,64,50,33,89,50,81,48,5.07,-1.72,36,22,18,incomplete,0,0,-1,-1,-1,-1,-1,-1,-1,-1,-1,-1,-1,-1,-1,-1,-1,-1,,,,,,,,,,1.45,0.0,0.0,0.0,,,,,,,,,,,,,,,,,,,,,6,25,36,50,67,,,,,,,,,,,,,,,,,38,,,,1.56,2.61,0,/finland/fc-futura-vs-fc-lahti-ii-lahden-united-h2h-stats
18/09/2026 13:30,Austria,2. Liga,WSPG Wels,First Vienna,Gol Limite (Over 0.5 2HG),100%,@1.00,+75.0%,1.5u,WSPG Wels,First Vienna,50,67,84,50,1789749000,Sep 18 2026 - 4:30pm,0.0,2.0,0.0,2.0,2.84,50,100,84,50,33,17,67,33,100,67,9.0,5.33,67,50,50,incomplete,0,0,-1,-1,-1,-1,-1,-1,-1,-1,-1,-1,-1,-1,-1,-1,-1,-1,3.45,3.5,1.85,1.19,1.57,2.43,4.45,1.53,2.32,1.54,1.26,0.0,0.0,12.7,4.6,2.15,1.49,1.14,1.17,,1.18,,,1.34,1.65,2.42,2.7,3.78,2.84,2.1,1.68,1.38,1.18,0,17,50,67,84,1.25,2.25,5.75,3.5,1.53,1.11,1.12,1.82,3.54,4.7,1.9,1.22,,,,,17,2.6,7.07,1.82,0.67,2.17,7,/austria/first-vienna-fc-1894-vs-wspg-hogo-wels-h2h-stats
18/09/2026 13:30,Austria,2. Liga,Floridsdorfer AC,Liefering,Over 0.5 HT,100%,@1.00,+29.0%,1.5u,Floridsdorfer AC,Liefering,67,100,84,50,1789749000,Sep 18 2026 - 4:30pm,2.33,2.33,2.33,2.33,3.33,50,100,84,67,67,17,100,67,67,50,6.67,6.0,67,67,50,incomplete,0,0,-1,-1,-1,-1,-1,-1,-1,-1,-1,-1,-1,-1,-1,-1,-1,-1,2.47,3.4,2.5,1.19,1.62,2.43,4.4,1.55,2.38,1.31,1.64,0.0,0.0,12.3,4.64,2.21,1.49,1.15,1.29,,1.41,,,1.21,1.44,1.78,2.23,2.96,3.55,2.5,1.93,1.57,1.31,0,17,34,34,84,1.29,2.34,5.3,3.4,1.51,1.11,1.14,1.84,3.54,4.55,1.88,1.22,,,,,33,1.63,7.6,3.03,1.67,1.67,7,/austria/floridsdorfer-ac-vs-fc-liefering-h2h-stats
18/09/2026 13:30,Austria,2. Liga,Kapfenberger SV,Amstetten,Gol Limite (Over 0.5 2HG),84%,@1.19,+47.0%,1.5u,Kapfenberger SV,Amstetten,50,84,67,50,1789749000,Sep 18 2026 - 4:30pm,1.0,0.67,1.0,0.67,2.5,50,100,67,50,33,0,84,33,84,34,9.67,4.67,50,50,50,incomplete,0,0,-1,-1,-1,-1,-1,-1,-1,-1,-1,-1,-1,-1,-1,-1,-1,-1,3.5,3.6,1.85,1.13,1.56,2.46,4.29,1.55,2.3,1.31,1.41,0.0,0.0,13.7,4.7,2.36,1.53,1.16,1.22,,1.22,,,1.16,1.36,1.83,2.05,2.64,4.04,2.76,2.09,1.69,1.4,0,33,50,67,100,1.25,2.31,5.15,3.32,1.57,1.14,1.18,1.8,3.32,4.5,1.91,1.25,,,,,17,2.85,8.15,1.48,0.5,1.5,7,/austria/kapfenberger-sv-vs-sku-amstetten-h2h-stats
18/09/2026 13:30,Germany,2. Bundesliga,Greuther Fürth,Magdeburg,Over 0.5 HT,100%,@1.00,+22.0%,1.5u,Greuther Fürth,Magdeburg,75,100,75,50,1789749000,Sep 18 2026 - 4:30pm,0.0,1.5,0.0,1.5,3.25,50,100,75,75,25,25,100,75,75,25,14.5,3.0,75,50,50,incomplete,0,0,-1,-1,-1,-1,-1,-1,-1,-1,-1,-1,-1,-1,-1,-1,-1,-1,2.45,3.85,2.18,1.09,1.46,2.1,3.48,1.38,2.81,1.64,1.84,0.0,0.0,20.0,5.3,2.59,1.73,1.27,1.62,,1.38,,,1.15,1.29,1.7,1.95,2.37,4.45,2.75,2.17,1.8,1.45,0,25,25,75,75,1.22,2.01,4.33,4.0,1.69,1.15,1.12,1.6,2.82,5.5,2.16,1.36,,,,,50,2.2,8.5,1.75,1.0,1.8,6,/germany/spvgg-greuther-furth-vs-1-fc-magdeburg-h2h-stats
18/09/2026 13:30,Germany,2. Bundesliga,Wolfsburg,Darmstadt 98,Cantos Over 10.5,100%,@1.00,+68.0%,1.5u,Wolfsburg,Darmstadt 98,50,75,50,25,1789749000,Sep 18 2026 - 4:30pm,1.0,0.0,1.0,0.0,3.0,25,75,50,50,25,25,75,25,50,50,10.5,4.0,100,100,100,incomplete,0,0,-1,-1,-1,-1,-1,-1,-1,-1,-1,-1,-1,-1,-1,-1,-1,-1,1.59,4.0,4.65,1.09,1.44,2.06,3.5,1.45,2.5,1.95,0.94,0.0,0.0,19.5,5.3,2.7,1.71,1.25,1.19,,2.27,,,1.1,1.21,1.4,1.68,2.08,4.39,3.25,2.66,2.03,1.64,25,50,50,75,75,1.22,2.01,3.95,3.8,1.72,1.18,1.1,1.67,3.1,5.0,2.1,1.33,,,,,25,1.59,8.5,2.91,1.6,0.8,6,/germany/vfl-wolfsburg-vs-sv-darmstadt-1898-h2h-stats
18/09/2026 13:30,Germany,Oberliga Nordost Süd,FC Frankfurt,ZFC Meuselwitz,Gol Limite (Over 0.5 2HG),100%,@1.00,+75.0%,1.5u,FC Frankfurt,ZFC Meuselwitz,50,50,50,0,1789749000,Sep 18 2026 - 4:30pm,0.0,3.0,0.0,3.0,3.25,0,100,50,50,25,25,50,50,100,25,0.0,0.0,0,0,0,incomplete,0,0,-1,-1,-1,-1,-1,-1,-1,-1,-1,-1,-1,-1,-1,-1,-1,-1,14.9,7.5,1.08,,,,,,,0.0,0.0,0.0,0.0,,,,,,,,,,,,,,,,,,,,,0,50,50,75,75,,,,,,,,,,,,,,,,,0,,,,0.0,3.0,5,/germany/zfc-meuselwitz-vs-1-fc-frankfurt-h2h-stats
18/09/2026 13:30,Germany,Oberliga Nordost Nord,Reinickendorfer Fuchse,Union Klosterfelde,Gol Limite (Over 0.5 2HG),75%,@1.33,+31.2%,1.5u,Reinickendorfer Fuchse,Union Klosterfelde,25,75,100,75,1789749000,Sep 18 2026 - 4:30pm,1.0,0.5,1.0,0.5,2.25,75,100,100,25,0,0,75,25,75,25,0.0,0.0,0,0,0,incomplete,0,0,-1,-1,-1,-1,-1,-1,-1,-1,-1,-1,-1,-1,-1,-1,-1,-1,,,,,,,,,,0.0,0.0,0.0,0.0,,,,,,,,,,,,,,,,,,,,,0,0,75,100,100,,,,,,,,,,,,,,,,,0,,,,1.25,1.0,5,/germany/reinickendorfer-fuchse-vs-sg-union-klosterfelde-h2h-stats
18/09/2026 13:30,Albania,Superliga,Vllaznia Shkodër,Teuta Durrës,Over 3.5 FT,75%,@1.33,+233.8%,1.5u,Vllaznia Shkodër,Teuta Durrës,75,50,75,75,1789749000,Sep 18 2026 - 4:30pm,0.5,2.0,0.5,2.0,3.25,75,75,75,75,75,25,50,50,75,75,9.5,0.0,50,50,25,incomplete,0,0,-1,-1,-1,-1,-1,-1,-1,-1,-1,-1,-1,-1,-1,-1,-1,-1,2.12,3.05,3.3,1.39,2.29,4.45,8.0,1.96,1.73,1.98,1.88,0.0,0.0,7.6,2.59,1.53,1.14,1.03,1.26,,1.57,,,,,,,,,,,,,25,25,25,25,75,1.46,3.3,7.7,2.39,1.25,1.04,1.28,2.45,5.3,3.12,1.44,1.11,,,,,25,,,,0.5,2.5,5,/albania/ks-teuta-durres-vs-ks-vllaznia-shkoder-h2h-stats
18/09/2026 13:30,Austria,Landesliga Kärnten,Spittal,St. Veit / Glan,N/A,N/A,N/A,N/A,N/A,Spittal,St. Veit / Glan,72,29,86,50,1789749000,Sep 18 2026 - 4:30pm,0.86,2.14,0.86,2.14,3.36,50,93,86,72,50,22,29,7,36,15,5.4,-2.0,40,30,30,incomplete,0,0,-1,-1,-1,-1,-1,-1,-1,-1,-1,-1,-1,-1,-1,-1,-1,-1,,,,,,,,,,1.49,0.0,0.0,0.0,,,,,,,,,,,,,,,,,,,,,7,15,29,50,79,,,,,,,,,,,,,,,,,13,,,,0.86,2.14,8,/austria/sv-spittal-an-der-drau-vs-fc-sankt-veit-an-der-glan-h2h-stats
18/09/2026 13:30,Austria,Regionalliga West,Dornbirn,Lauterach,Gol Limite (Over 0.5 2HG),86%,@1.16,+50.5%,1.5u,Dornbirn,Lauterach,71,64,86,72,1789749000,Sep 18 2026 - 4:30pm,2.43,0.43,2.43,0.43,3.93,72,100,86,71,71,36,64,50,86,71,8.1,-0.86,33,33,33,incomplete,0,0,-1,-1,-1,-1,-1,-1,-1,-1,-1,-1,-1,-1,-1,-1,-1,-1,1.22,5.8,7.82,1.04,1.28,1.62,2.3,1.56,2.18,1.52,1.61,0.0,0.0,,7.1,3.42,2.12,1.49,1.08,,3.6,,,,,,,,,,,,,0,14,29,29,64,1.11,1.8,3.4,5.5,1.87,1.26,1.07,1.38,2.17,6.8,2.64,1.56,,,,,50,,,,2.43,0.43,8,/austria/fc-dornbirn-1913-vs-fc-lauterach-h2h-stats
18/09/2026 13:30,Germany,State Leagues Bayern Mitte,Grainet,SC Ettmannsdorf,N/A,N/A,N/A,N/A,N/A,Grainet,SC Ettmannsdorf,50,0,78,50,1789749000,Sep 18 2026 - 4:30pm,0.91,0.91,0.91,0.91,3.23,50,91,78,50,41,27,0,0,0,0,0.0,-2.0,0,0,0,incomplete,0,0,-1,-1,-1,-1,-1,-1,-1,-1,-1,-1,-1,-1,-1,-1,-1,-1,,,,,,,,,,0.0,0.0,0.0,0.0,,,,,,,,,,,,,,,,,,,,,9,23,50,60,73,,,,,,,,,,,,,,,,,0,,,,0.91,0.91,12,/germany/sc-ettmannsdorf-vs-grainet-h2h-stats
18/09/2026 13:30,Slovakia,3 Liga West,MŠK Senec,Dunajská Lužná,N/A,N/A,N/A,N/A,N/A,MŠK Senec,Dunajská Lužná,50,9,83,67,1789749000,Sep 18 2026 - 4:30pm,1.0,1.5,1.0,1.5,2.75,67,100,83,50,33,9,9,9,17,9,11.0,-1.5,63,63,63,incomplete,0,0,-1,-1,-1,-1,-1,-1,-1,-1,-1,-1,-1,-1,-1,-1,-1,-1,2.05,3.4,3.1,,1.65,,,,,1.32,1.55,0.0,0.0,,,2.2,,,,,,,,,,,,,,,,,,0,17,50,67,92,,,,,,,,,,,,,,,,,0,,,,1.0,1.5,7,/slovakia/ofk-dunajska-luzna-vs-msk-senec-h2h-stats
18/09/2026 13:45,Finland,Kolmonen Itä,Kings,KuPS Akatemia II,Gol Limite (Over 0.5 2HG),80%,@1.25,+40.0%,1.5u,Kings,KuPS Akatemia II,75,70,90,60,1789749900,Sep 18 2026 - 4:45pm,2.1,0.7,2.1,0.7,4.1,60,100,90,75,65,45,70,40,80,60,10.3,0.0,65,55,35,incomplete,0,0,-1,-1,-1,-1,-1,-1,-1,-1,-1,-1,-1,-1,-1,-1,-1,-1,1.22,5.8,7.5,,,,,,,1.71,1.65,0.0,0.0,,,,,,,,,,,,,,,,,,,,,0,10,25,35,55,,,,,,,,,,,,,,,,,24,,,,2.3,1.0,0,/finland/kings-sc-vs-kups-akatemia-ii-h2h-stats
18/09/2026 13:45,Austria,Landesliga Kärnten,Grafenstein,St. Michael,N/A,N/A,N/A,N/A,N/A,Grafenstein,St. Michael,64,29,93,64,1789749900,Sep 18 2026 - 4:45pm,2.0,1.14,2.0,1.14,3.29,64,100,93,64,43,29,29,15,36,29,8.67,-1.86,59,42,17,incomplete,0,0,-1,-1,-1,-1,-1,-1,-1,-1,-1,-1,-1,-1,-1,-1,-1,-1,,,,,,,,,,1.88,1.38,0.0,0.0,,,,,,,,,,,,,,,,,,,,,0,7,36,57,71,,,,,,,,,,,,,,,,,25,,,,2.0,1.14,8,/austria/fc-sankt-michael-im-lavanttal-vs-tsv-grafenstein-h2h-stats
18/09/2026 14:00,Sweden,Damallsvenskan,Malmö FF W,Djurgården W,Gol Limite (Over 0.5 2HG),82%,@1.22,+43.5%,1.5u,Malmö FF W,Djurgården W,59,83,71,35,1789750800,Sep 18 2026 - 5:00pm,2.13,1.0,2.13,1.0,2.75,35,94,71,59,23,23,83,41,82,41,11.17,1.64,64,47,42,incomplete,0,0,-1,-1,-1,-1,-1,-1,-1,-1,-1,-1,-1,-1,-1,-1,-1,-1,1.39,4.5,6.25,1.12,1.55,2.3,3.82,1.73,1.95,1.82,1.29,0.0,0.0,15.0,5.1,2.3,1.53,1.19,1.03,,3.1,,,1.08,1.24,1.6,1.8,2.24,5.14,3.35,2.43,1.91,1.56,7,29,42,78,78,1.2,2.22,5.2,4.0,1.6,1.13,1.17,1.73,3.5,4.4,1.95,1.25,,,,,12,,,,1.83,1.0,19,/sweden/djurgardens-if-dff-vs-malmo-ff-women-h2h-stats
18/09/2026 14:00,Norway,Eliteserien,Sarpsborg 08,KFUM,Over 0.5 HT,95%,@1.05,+18.8%,1.5u,Sarpsborg 08,KFUM,61,95,78,67,1789750800,Sep 18 2026 - 5:00pm,1.67,0.56,1.67,0.56,2.78,67,100,78,61,34,6,95,61,73,28,9.45,4.0,78,67,45,incomplete,0,0,-1,-1,-1,-1,-1,-1,-1,-1,-1,-1,-1,-1,-1,-1,-1,-1,1.62,4.3,4.75,1.12,1.51,2.35,4.2,1.55,2.3,1.59,1.28,0.0,0.0,17.0,5.0,2.4,1.56,1.22,1.17,,2.25,,,1.15,1.28,1.48,1.92,2.29,3.79,2.8,2.2,1.82,1.51,0,22,39,67,95,1.25,2.23,5.2,3.32,1.6,1.13,1.17,1.72,3.3,4.85,2.02,1.29,,,,,50,1.65,8.2,2.7,1.25,1.1,22,/norway/sarpsborg-08-ff-vs-kfum-fotball-h2h-stats
18/09/2026 14:00,Sweden,Superettan,Falkenberg,Östersunds FK,Gol Limite (Over 0.5 2HG),88%,@1.14,+54.0%,1.5u,Falkenberg,Östersunds FK,42,63,79,67,1789750800,Sep 18 2026 - 5:00pm,2.0,1.42,2.0,1.42,2.59,67,100,79,42,21,13,63,21,88,46,9.58,3.09,59,50,42,incomplete,0,0,-1,-1,-1,-1,-1,-1,-1,-1,-1,-1,-1,-1,-1,-1,-1,-1,2.2,3.1,2.92,1.23,1.86,3.04,5.85,1.67,2.1,1.22,1.06,0.0,0.0,10.0,3.42,1.9,1.35,1.13,1.29,,1.62,,,1.21,1.44,1.77,2.22,2.94,3.56,2.51,1.89,1.57,1.28,0,21,59,79,88,1.38,2.62,6.95,3.09,1.4,1.04,1.22,2.03,4.25,3.75,1.71,1.15,,,,,13,2.66,7.36,1.78,1.83,1.75,25,/sweden/ostersunds-fk-vs-falkenbergs-ff-h2h-stats
18/09/2026 14:00,Sweden,Division 2 Norra Gotaland,Husqvarna,IFK Skövde,Gol Limite (Over 0.5 2HG),84%,@1.19,+47.0%,1.5u,Husqvarna,IFK Skövde,62,71,79,53,1789750800,Sep 18 2026 - 5:00pm,2.57,1.95,2.57,1.95,3.07,53,93,79,62,43,15,71,48,84,48,9.93,-1.43,47,44,37,incomplete,0,0,-1,-1,-1,-1,-1,-1,-1,-1,-1,-1,-1,-1,-1,-1,-1,-1,1.9,3.5,3.55,1.2,1.57,2.63,4.35,1.55,2.2,1.46,1.62,0.0,0.0,15.0,4.5,2.25,1.44,1.14,1.22,,1.83,,,,,,,,,,,,,8,22,38,57,86,1.25,2.23,5.5,3.5,1.53,1.13,,1.81,,,1.86,,,,,,35,,,,2.57,1.95,22,/sweden/husqvarna-ff-vs-ifk-skovde-fk-h2h-stats
18/09/2026 14:00,Sweden,Division 2 Sodra Gotaland,Lilla Torg,Linero,Gol Limite (Over 0.5 2HG),79%,@1.27,+38.3%,1.5u,Lilla Torg,Linero,60,86,88,57,1789750800,Sep 18 2026 - 5:00pm,1.24,1.62,1.24,1.62,3.15,57,95,88,60,36,19,86,43,79,48,8.8,-2.0,66,52,37,incomplete,0,0,-1,-1,-1,-1,-1,-1,-1,-1,-1,-1,-1,-1,-1,-1,-1,-1,2.62,3.75,2.26,1.13,1.53,2.15,3.42,1.39,2.69,1.18,1.28,0.0,0.0,20.0,6.0,2.6,1.67,1.23,1.18,,1.4,,,,,,,,,,,,,5,12,41,65,81,1.22,2.04,4.4,4.0,1.67,1.16,1.11,1.65,2.9,5.5,2.06,1.34,,,,,30,,,,1.24,1.62,22,/sweden/linero-if-vs-lilla-torg-h2h-stats
18/09/2026 14:00,Sweden,Division 2 Sodra Gotaland,Staffanstorp United,Österlen,Over 1.5 FT,93%,@1.08,+6.0%,1.0u,Staffanstorp United,Österlen,64,83,93,67,1789750800,Sep 18 2026 - 5:00pm,1.05,1.33,1.05,1.33,3.15,67,95,93,64,34,22,83,48,81,52,12.73,-2.0,66,60,47,incomplete,0,0,-1,-1,-1,-1,-1,-1,-1,-1,-1,-1,-1,-1,-1,-1,-1,-1,2.62,3.6,2.15,1.14,1.46,2.18,3.58,1.41,2.62,1.34,1.37,0.0,0.0,17.0,5.1,2.38,1.58,1.21,1.22,,1.44,,,,,,,,,,,,,5,8,36,67,79,1.23,2.2,4.5,3.7,1.62,1.15,1.12,1.69,3.0,5.3,2.01,1.32,,,,,40,,,,1.05,1.33,22,/sweden/osterlen-ff-vs-staffanstorp-united-h2h-stats
18/09/2026 14:00,Sweden,Division 2 Vastra Gotaland,Böljan,Landvetter IS,Gol Limite (Over 0.5 2HG),79%,@1.27,+38.3%,1.5u,Böljan,Landvetter IS,53,76,74,50,1789750800,Sep 18 2026 - 5:00pm,1.52,2.24,1.52,2.24,2.79,50,98,74,53,29,14,76,53,79,36,11.0,-1.28,60,50,30,incomplete,0,0,-1,-1,-1,-1,-1,-1,-1,-1,-1,-1,-1,-1,-1,-1,-1,-1,3.5,3.9,1.87,1.13,1.43,2.12,3.42,1.44,2.63,1.61,1.61,0.0,0.0,20.0,5.5,2.46,1.62,1.23,1.2,,1.22,,,,,,,,,,,,,3,26,48,72,86,1.22,2.06,4.3,3.75,1.65,1.17,1.11,1.65,2.9,5.5,2.06,1.35,,,,,35,,,,1.52,2.24,22,/sweden/landvetter-is-vs-if-boljan-falkenberg-h2h-stats
18/09/2026 14:00,Sweden,Division 2 Vastra Gotaland,Torslanda,Lindome,Gol Limite (Over 0.5 2HG),88%,@1.14,+54.0%,1.5u,Torslanda,Lindome,69,86,95,72,1789750800,Sep 18 2026 - 5:00pm,1.05,1.62,1.05,1.62,3.36,72,98,95,69,41,27,86,53,88,60,9.5,-1.14,70,63,48,incomplete,0,0,-1,-1,-1,-1,-1,-1,-1,-1,-1,-1,-1,-1,-1,-1,-1,-1,2.14,3.95,2.8,1.07,1.29,1.8,2.7,1.3,3.3,1.33,1.23,0.0,0.0,26.0,7.0,3.04,1.87,1.36,1.38,,1.52,,,,,,,,,,,,,3,5,31,60,74,1.17,1.83,3.7,4.5,1.84,1.22,1.08,1.49,2.51,6.4,2.32,1.42,,,,,30,,,,1.05,1.62,22,/sweden/torslanda-ik-vs-lindome-gif-h2h-stats
18/09/2026 14:00,Finland,Kolmonen Etelä,Atlantis II,ToTe / Tapio,Gol Limite (Over 0.5 2HG),81%,@1.23,+41.8%,1.5u,Atlantis II,ToTe / Tapio,73,89,81,70,1789750800,Sep 18 2026 - 5:00pm,1.06,0.72,1.06,0.72,4.53,70,97,81,73,64,42,89,45,81,61,7.12,-1.06,69,57,48,incomplete,0,0,-1,-1,-1,-1,-1,-1,-1,-1,-1,-1,-1,-1,-1,-1,-1,-1,,,,,,,,,,1.33,1.02,0.0,0.0,,,,,,,,,,,,,,,,,,,,,3,20,28,36,59,,,,,,,,,,,,,,,,,22,,,,1.06,0.72,0,/finland/atlantis-fc-ii-vs-toukolan-teras-tapio-h2h-stats
18/09/2026 14:00,Finland,Kolmonen Etelä,Ponnistus,Gnistan / Ogeli,Gol Limite (Over 0.5 2HG),86%,@1.16,+50.5%,1.5u,Ponnistus,Gnistan / Ogeli,75,92,89,72,1789750800,Sep 18 2026 - 5:00pm,1.17,1.06,1.17,1.06,4.2,72,97,89,75,64,36,92,50,86,64,8.5,-1.33,65,54,49,incomplete,0,0,-1,-1,-1,-1,-1,-1,-1,-1,-1,-1,-1,-1,-1,-1,-1,-1,,,,,,,,,,1.15,1.68,0.0,0.0,,,,,,,,,,,,,,,,,,,,,3,12,25,36,64,,,,,,,,,,,,,,,,,35,,,,1.17,1.06,0,/finland/helsingin-ponnistus-vs-gnistan-ogeli-h2h-stats
18/09/2026 14:00,Bulgaria,First League,Slavia Sofia,CSKA 1948 Sofia,Gol Limite (Over 0.5 2HG),70%,@1.43,+22.5%,1.5u,Slavia Sofia,CSKA 1948 Sofia,35,23,55,55,1789750800,Sep 18 2026 - 5:00pm,0.8,1.0,0.8,1.0,1.95,55,80,55,35,25,0,23,23,70,45,9.05,4.7,58,58,33,incomplete,0,0,-1,-1,-1,-1,-1,-1,-1,-1,-1,-1,-1,-1,-1,-1,-1,-1,4.0,3.3,1.75,1.33,2.03,3.48,8.0,1.88,1.82,0.98,1.41,0.0,0.0,9.0,3.1,1.72,1.22,1.07,1.2,,1.2,,,1.24,1.47,2.04,2.34,3.14,3.46,2.44,1.85,1.49,1.27,20,45,65,75,100,1.41,2.79,8.0,2.84,1.36,1.06,1.24,2.25,5.0,3.3,1.58,1.12,,,,,10,3.21,7.7,1.58,1.22,2.11,10,/bulgaria/pfc-slavia-sofia-vs-fk-cska-1948-sofia-h2h-stats
18/09/2026 14:00,Denmark,Superliga,Lyngby,Silkeborg,Gol Limite (Over 0.5 2HG),88%,@1.14,+54.0%,1.5u,Lyngby,Silkeborg,38,63,88,88,1789750800,Sep 18 2026 - 5:00pm,1.0,0.5,1.0,0.5,2.63,88,100,88,38,38,0,63,25,88,63,8.0,3.5,75,63,50,incomplete,0,0,-1,-1,-1,-1,-1,-1,-1,-1,-1,-1,-1,-1,-1,-1,-1,-1,1.81,3.95,3.25,1.12,1.47,2.25,4.04,1.48,2.5,1.79,1.12,0.0,0.0,14.5,4.75,2.36,1.6,1.22,1.2,,1.89,,,1.21,1.41,1.97,2.16,2.88,3.25,2.5,1.96,1.57,1.32,0,13,63,63,100,1.2,2.15,4.65,3.8,1.6,1.13,1.12,1.72,3.1,4.9,2.02,1.28,,,,,13,1.4,9.8,3.45,0.88,0.88,9,/denmark/silkeborg-if-vs-lyngby-boldklub-h2h-stats
18/09/2026 14:00,Montenegro,Montenegrin First League,Budućnost,Petrovac,N/A,N/A,N/A,N/A,N/A,Budućnost,Petrovac,17,50,50,17,1789750800,Sep 18 2026 - 5:00pm,1.33,1.0,1.33,1.0,1.17,17,50,50,17,0,0,50,0,50,17,6.0,5.0,33,17,17,incomplete,0,0,-1,-1,-1,-1,-1,-1,-1,-1,-1,-1,-1,-1,-1,-1,-1,-1,2.25,2.95,3.2,1.43,2.33,4.8,9.0,2.0,1.7,1.55,1.3,0.0,0.0,8.0,2.55,1.48,1.14,1.03,1.28,,1.52,,,,,,,,,,,,,50,50,84,100,100,1.44,3.3,10.0,2.38,1.29,1.05,1.3,2.48,6.2,2.99,1.43,1.07,,,,,0,,,,1.38,1.0,9,/montenegro/fk-buducnost-podgorica-vs-ofk-petrovac-h2h-stats
18/09/2026 14:00,Turkey,Süper Lig,Kasımpaşa,Konyaspor,Over 0.5 HT,100%,@1.00,+40.0%,1.5u,Kasımpaşa,Konyaspor,50,100,75,75,1789750800,Sep 18 2026 - 5:00pm,1.0,0.0,1.0,0.0,3.25,75,100,75,50,50,25,100,25,75,50,5.5,7.0,75,75,50,incomplete,0,0,-1,-1,-1,-1,-1,-1,-1,-1,-1,-1,-1,-1,-1,-1,-1,-1,2.37,3.3,2.9,1.26,1.9,3.4,7.5,1.72,1.95,1.34,1.67,0.0,0.0,9.5,3.2,1.78,1.29,1.06,1.24,,1.58,,,1.32,1.59,2.38,2.5,3.15,2.83,2.15,1.7,1.41,1.22,0,25,50,50,75,1.4,2.71,7.5,2.64,1.39,1.06,1.21,2.2,4.55,3.64,1.65,1.14,,,,,25,1.78,7.3,2.5,1.8,0.6,6,/turkey/konyaspor-vs-kasimpasa-h2h-stats
18/09/2026 14:00,Germany,Regionalliga Nordost,Zwickau,Hallescher FC,Gol Limite (Over 0.5 2HG),75%,@1.33,+31.2%,1.5u,Zwickau,Hallescher FC,58,80,78,55,1789750800,Sep 18 2026 - 5:00pm,1.5,1.6,1.5,1.6,2.45,55,100,78,58,10,0,80,35,75,33,9.0,2.0,100,50,50,incomplete,0,0,-1,-1,-1,-1,-1,-1,-1,-1,-1,-1,-1,-1,-1,-1,-1,-1,3.35,3.57,1.9,,,,,,,0.0,0.0,0.0,0.0,,,,,,,,,,,,,,,,,,,,,0,23,43,90,100,,,,,,,,,,,,,,,,,23,,,,1.56,1.78,10,/germany/fsv-zwickau-vs-hallescher-fc-h2h-stats
18/09/2026 14:00,Germany,Regionalliga Bayern,Buchbach,Schweinfurt,Gol Limite (Over 0.5 2HG),68%,@1.47,+19.0%,1.5u,Buchbach,Schweinfurt,45,78,80,68,1789750800,Sep 18 2026 - 5:00pm,2.5,0.8,2.5,0.8,3.33,68,100,80,45,33,33,78,55,68,45,0.0,0.0,0,0,0,incomplete,0,0,-1,-1,-1,-1,-1,-1,-1,-1,-1,-1,-1,-1,-1,-1,-1,-1,,,,,,,,,,0.0,0.0,0.0,0.0,,,,,,,,,,,,,,,,,,,,,0,20,55,68,68,,,,,,,,,,,,,,,,,33,,,,2.5,1.22,10,/germany/1-fc-schweinfurt-1905-vs-tsv-buchbach-h2h-stats
18/09/2026 14:00,Germany,Regionalliga Bayern,Aubstadt,Bayern München II,Gol Limite (Over 0.5 2HG),84%,@1.19,+47.0%,1.5u,Aubstadt,Bayern München II,40,84,100,40,1789750800,Sep 18 2026 - 5:00pm,1.4,1.0,1.4,1.0,3.2,40,100,100,40,40,30,84,47,84,57,0.0,0.0,0,0,0,incomplete,0,0,-1,-1,-1,-1,-1,-1,-1,-1,-1,-1,-1,-1,-1,-1,-1,-1,,,,,,,,,,0.0,0.0,0.0,0.0,,,,,,,,,,,,,,,,,,,,,0,0,60,60,70,,,,,,,,,,,,,,,,,10,,,,1.0,1.0,10,/germany/fc-bayern-munchen-ii-vs-tsv-aubstadt-h2h-stats
18/09/2026 14:00,Germany,Regionalliga Südwest,FSV Frankfurt,Stuttgarter Kickers,Gol Limite (Over 0.5 2HG),100%,@1.00,+75.0%,1.5u,FSV Frankfurt,Stuttgarter Kickers,59,71,84,59,1789750800,Sep 18 2026 - 5:00pm,2.0,2.0,2.0,2.0,2.88,59,100,84,59,29,17,71,29,100,29,0.0,0.0,0,0,0,incomplete,0,0,-1,-1,-1,-1,-1,-1,-1,-1,-1,-1,-1,-1,-1,-1,-1,-1,2.7,3.5,2.41,1.13,1.55,2.33,4.05,1.46,2.46,0.0,0.0,0.0,0.0,13.2,4.5,2.24,1.53,1.16,1.25,,1.5,,,,,,,,,,,,,0,17,42,71,84,1.25,2.17,4.7,3.6,1.56,1.12,1.12,1.75,3.28,4.75,1.93,1.25,,,,,17,,,,1.71,1.86,8,/germany/fsv-frankfurt-vs-sv-stuttgarter-kickers-h2h-stats
18/09/2026 14:00,Germany,Regionalliga Südwest,Eintracht Trier,Kickers Offenbach,N/A,N/A,N/A,N/A,N/A,Eintracht Trier,Kickers Offenbach,17,67,67,34,1789750800,Sep 18 2026 - 5:00pm,1.33,1.33,1.33,1.33,1.67,34,84,67,17,0,0,67,50,50,0,0.0,0.0,0,0,0,incomplete,0,0,-1,-1,-1,-1,-1,-1,-1,-1,-1,-1,-1,-1,-1,-1,-1,-1,2.6,3.4,2.47,1.17,1.62,2.56,4.45,1.5,2.31,0.0,0.0,0.0,0.0,11.8,4.0,2.11,1.4,1.14,1.23,,1.41,,,,,,,,,,,,,17,34,84,100,100,1.29,2.44,5.5,3.05,1.52,1.08,1.14,1.82,3.58,4.45,1.85,1.21,,,,,0,,,,1.86,2.29,8,/germany/sv-eintracht-trier-05-vs-offenbacher-fc-kickers-1901-h2h-stats
18/09/2026 14:00,Germany,Oberliga Hamburg,Vorwärts-Wacker 04,Süderelbe,Gol Limite (Over 0.5 2HG),67%,@1.49,+17.3%,1.5u,Vorwärts-Wacker 04,Süderelbe,50,50,84,67,1789750800,Sep 18 2026 - 5:00pm,0.67,1.33,0.67,1.33,2.83,67,100,84,50,50,0,50,33,67,33,0.0,0.0,0,0,0,incomplete,0,0,-1,-1,-1,-1,-1,-1,-1,-1,-1,-1,-1,-1,-1,-1,-1,-1,,,,,,,,,,0.0,0.0,0.0,0.0,,,,,,,,,,,,,,,,,,,,,0,17,50,50,100,,,,,,,,,,,,,,,,,25,,,,1.57,1.43,8,/germany/fc-suderelbe-vs-sc-vorwarts-wacker-1904-h2h-stats
18/09/2026 14:00,Denmark,1st Division,Kolding IF,Hillerød,Cantos Over 9.5,75%,@1.33,+35.0%,1.5u,Kolding IF,Hillerød,38,75,50,50,1789750800,Sep 18 2026 - 5:00pm,1.0,0.25,1.0,0.25,2.75,50,88,50,38,25,25,75,38,63,25,9.0,4.5,75,75,63,incomplete,0,0,-1,-1,-1,-1,-1,-1,-1,-1,-1,-1,-1,-1,-1,-1,-1,-1,1.88,3.6,3.45,1.13,1.57,2.45,3.96,1.51,2.35,1.42,1.44,0.0,0.0,15.0,4.55,2.38,1.49,1.17,1.17,,1.83,,,1.23,1.46,1.8,2.25,3.05,3.42,2.47,1.88,1.56,1.3,13,50,63,75,75,1.21,2.3,4.85,3.64,1.57,1.12,1.13,1.8,3.32,4.6,1.92,1.25,,,,,25,1.66,7.5,2.95,0.88,1.0,9,/denmark/kolding-if-vs-hillerod-fodbold-h2h-stats
18/09/2026 14:00,Turkey,1. Lig,Muğlaspor,76 Iğdır Belediyespor,Over 0.5 HT,84%,@1.19,+14.2%,1.0u,Muğlaspor,76 Iğdır Belediyespor,33,84,50,33,1789750800,Sep 18 2026 - 5:00pm,1.67,2.0,1.67,2.0,1.84,33,84,50,33,17,0,84,17,50,33,7.0,7.0,34,34,34,incomplete,0,0,-1,-1,-1,-1,-1,-1,-1,-1,-1,-1,-1,-1,-1,-1,-1,-1,3.0,3.0,2.2,1.3,1.99,3.6,6.35,1.8,1.96,1.36,1.08,0.0,0.0,6.95,2.97,1.75,1.25,1.07,1.53,,1.36,,,1.42,1.79,2.3,3.14,,2.49,1.87,1.49,1.27,,17,50,67,84,100,1.36,2.89,7.4,2.34,1.32,1.03,1.25,2.2,4.45,3.5,1.6,1.14,,,,,17,2.02,7.8,2.02,1.43,2.14,8,/turkey/mugla-spor-kulubu-vs-76-igdir-belediye-spor-kulubu-h2h-stats
18/09/2026 14:00,Germany,Oberliga Bayern Nord,Cham,Neudrossenfeld,N/A,N/A,N/A,N/A,N/A,Cham,Neudrossenfeld,80,50,80,70,1789750800,Sep 18 2026 - 5:00pm,2.4,0.6,2.4,0.6,3.4,70,100,80,80,40,40,50,30,60,30,0.0,0.0,0,0,0,incomplete,0,0,-1,-1,-1,-1,-1,-1,-1,-1,-1,-1,-1,-1,-1,-1,-1,-1,1.49,4.39,4.71,,,,,,,0.0,0.0,0.0,0.0,,,,,,,,,,,,,,,,,,,,,0,20,20,60,60,,,,,,,,,,,,,,,,,50,,,,2.5,1.2,11,/germany/neudrossenfeld-vs-asv-cham-h2h-stats
18/09/2026 14:00,Germany,Oberliga Bayern Nord,Weiden,Gebenbach,N/A,N/A,N/A,N/A,N/A,Weiden,Gebenbach,40,60,60,50,1789750800,Sep 18 2026 - 5:00pm,0.6,2.6,0.6,2.6,2.7,50,100,60,40,20,10,60,40,40,30,0.0,0.0,0,0,0,incomplete,0,0,-1,-1,-1,-1,-1,-1,-1,-1,-1,-1,-1,-1,-1,-1,-1,-1,2.9,4.16,1.9,,,,,,,0.0,0.0,0.0,0.0,,,,,,,,,,,,,,,,,,,,,0,40,60,80,90,,,,,,,,,,,,,,,,,46,,,,1.0,2.2,11,/germany/djk-gebenbach-vs-spvgg-weiden-h2h-stats
18/09/2026 14:00,Germany,Oberliga Bayern Nord,Kornburg,Viktoria Aschaffenburg,N/A,N/A,N/A,N/A,N/A,Kornburg,Viktoria Aschaffenburg,50,70,80,40,1789750800,Sep 18 2026 - 5:00pm,1.8,1.2,1.8,1.2,2.9,40,90,80,50,40,20,70,50,60,20,0.0,0.0,0,0,0,incomplete,0,0,-1,-1,-1,-1,-1,-1,-1,-1,-1,-1,-1,-1,-1,-1,-1,-1,1.99,4.12,2.73,,,,,,,0.0,0.0,0.0,0.0,,,,,,,,,,,,,,,,,,,,,10,20,50,60,80,,,,,,,,,,,,,,,,,33,,,,1.7,1.3,11,/germany/sv-viktoria-aschaffenburg-vs-tsv-kornburg-h2h-stats
18/09/2026 14:00,Germany,Oberliga Bayern Nord,Großbardorf,Eintracht Bamberg,N/A,N/A,N/A,N/A,N/A,Großbardorf,Eintracht Bamberg,40,30,60,40,1789750800,Sep 18 2026 - 5:00pm,1.4,2.0,1.4,2.0,2.2,40,90,60,40,20,10,30,30,60,10,0.0,0.0,0,0,0,incomplete,0,0,-1,-1,-1,-1,-1,-1,-1,-1,-1,-1,-1,-1,-1,-1,-1,-1,3.23,4.3,1.76,,,,,,,0.0,0.0,0.0,0.0,,,,,,,,,,,,,,,,,,,,,10,40,60,80,90,,,,,,,,,,,,,,,,,29,,,,1.0,2.0,11,/germany/1-fc-eintracht-bamberg-vs-tsv-grossbardorf-1923-h2h-stats
18/09/2026 14:00,Germany,Oberliga Baden Wurttemberg,Nöttingen,Young Boys Reutlingen,Gol Limite (Over 0.5 2HG),84%,@1.19,+47.0%,1.5u,Nöttingen,Young Boys Reutlingen,50,59,67,50,1789750800,Sep 18 2026 - 5:00pm,1.0,1.5,1.0,1.5,2.42,50,100,67,50,25,0,59,25,84,25,0.0,0.0,0,0,0,incomplete,0,0,-1,-1,-1,-1,-1,-1,-1,-1,-1,-1,-1,-1,-1,-1,-1,-1,5.44,5.58,1.34,,,,,,,0.0,0.0,0.0,0.0,,,,,,,,,,,,,,,,,,,,,0,34,50,75,100,,,,,,,,,,,,,,,,,25,,,,0.43,1.83,8,/germany/fc-nottingen-1957-vs-young-boys-reutlingen-h2h-stats
18/09/2026 14:00,Germany,Oberliga Baden Wurttemberg,Villingen,Türkischer Singen,Gol Limite (Over 0.5 2HG),67%,@1.49,+17.3%,1.5u,Villingen,Türkischer Singen,50,67,67,67,1789750800,Sep 18 2026 - 5:00pm,1.0,0.33,1.0,0.33,2.67,67,100,67,50,17,17,67,33,67,50,0.0,0.0,0,0,0,incomplete,0,0,-1,-1,-1,-1,-1,-1,-1,-1,-1,-1,-1,-1,-1,-1,-1,-1,,,,,,,,,,0.0,0.0,0.0,0.0,,,,,,,,,,,,,,,,,,,,,0,33,50,84,84,,,,,,,,,,,,,,,,,33,,,,1.86,1.0,8,/germany/fc-08-villingen-vs-turkischer-sv-singen-h2h-stats
18/09/2026 14:00,Germany,Oberliga Bayern Süd,Heimstetten,Gundelfingen,Gol Limite (Over 0.5 2HG),80%,@1.25,+40.0%,1.5u,Heimstetten,Gundelfingen,50,70,80,70,1789750800,Sep 18 2026 - 5:00pm,1.4,1.2,1.4,1.2,3.0,70,90,80,50,40,20,70,40,80,50,0.0,0.0,0,0,0,incomplete,0,0,-1,-1,-1,-1,-1,-1,-1,-1,-1,-1,-1,-1,-1,-1,-1,-1,2.04,4.04,2.68,,,,,,,0.0,0.0,0.0,0.0,,,,,,,,,,,,,,,,,,,,,10,20,50,60,80,,,,,,,,,,,,,,,,,20,,,,1.2,1.3,11,/germany/sv-heimstetten-vs-gundelfingen-h2h-stats
18/09/2026 14:00,Germany,Oberliga Bayern Süd,1860 München II,Erlbach,Gol Limite (Over 0.5 2HG),80%,@1.25,+40.0%,1.5u,1860 München II,Erlbach,30,60,60,60,1789750800,Sep 18 2026 - 5:00pm,1.8,1.0,1.8,1.0,2.5,60,90,60,30,30,20,60,30,80,30,0.0,0.0,0,0,0,incomplete,0,0,-1,-1,-1,-1,-1,-1,-1,-1,-1,-1,-1,-1,-1,-1,-1,-1,2.4,4.08,2.17,,,,,,,0.0,0.0,0.0,0.0,,,,,,,,,,,,,,,,,,,,,10,40,70,70,80,,,,,,,,,,,,,,,,,30,,,,1.3,1.8,11,/germany/tsv-1860-munchen-ii-vs-erlbach-h2h-stats
18/09/2026 14:00,Austria,Landesliga Kärnten,Dellach im Gailtal,Nußdorf,N/A,N/A,N/A,N/A,N/A,Dellach im Gailtal,Nußdorf,84,23,92,47,1789750800,Sep 18 2026 - 5:00pm,0.17,0.0,0.17,0.0,4.27,47,100,92,84,61,45,23,15,31,31,14.0,-2.0,75,75,50,incomplete,0,0,-1,-1,-1,-1,-1,-1,-1,-1,-1,-1,-1,-1,-1,-1,-1,-1,,,,,,,,,,1.73,1.04,0.0,0.0,,,,,,,,,,,,,,,,,,,,,0,9,17,40,55,,,,,,,,,,,,,,,,,25,,,,0.17,0.0,8,/austria/sv-dellach-im-gailtal-vs-fc-wirtschaftsring-nussdorf-debant-h2h-stats
18/09/2026 14:00,Denmark,2nd Division,Nykøbing,HIK,Over 1.5 FT,100%,@1.00,+7.0%,1.0u,Nykøbing,HIK,84,71,100,71,1789750800,Sep 18 2026 - 5:00pm,2.0,0.33,2.0,0.33,3.34,71,100,100,84,50,0,71,59,84,54,10.92,0.0,84,54,54,incomplete,0,0,-1,-1,-1,-1,-1,-1,-1,-1,-1,-1,-1,-1,-1,-1,-1,-1,1.35,5.0,7.35,1.07,1.33,1.96,2.92,1.6,2.2,2.05,1.08,0.0,0.0,18.5,7.0,2.81,1.83,1.31,1.05,,3.04,,,,,,,,,,,,,0,0,17,50,100,1.17,1.93,4.2,4.4,1.75,1.23,1.08,1.53,2.64,6.4,2.22,1.38,,,,,34,,,,2.43,1.0,8,/denmark/nykobing-fc-vs-hellerup-ik-h2h-stats
18/09/2026 14:00,Denmark,2nd Division,Skive,B 93,Gol Limite (Over 0.5 2HG),75%,@1.33,+31.2%,1.5u,Skive,B 93,63,75,88,63,1789750800,Sep 18 2026 - 5:00pm,0.25,1.25,0.25,1.25,3.0,63,88,88,63,50,13,75,50,75,63,9.5,0.75,38,25,25,incomplete,0,0,-1,-1,-1,-1,-1,-1,-1,-1,-1,-1,-1,-1,-1,-1,-1,-1,2.95,3.3,2.22,1.17,1.63,2.52,4.45,1.53,2.28,1.28,1.59,0.0,0.0,11.7,3.98,2.15,1.41,1.14,1.22,,1.35,,,,,,,,,,,,,13,13,38,50,88,1.3,2.27,5.5,3.18,1.51,1.1,1.16,1.84,3.5,4.6,1.83,1.24,,,,,25,,,,1.14,1.29,8,/denmark/skive-ik-vs-boldklubben-af-1893-h2h-stats
18/09/2026 14:00,Denmark,2nd Division,Roskilde,FA 2000,Gol Limite (Over 0.5 2HG),71%,@1.41,+24.2%,1.5u,Roskilde,FA 2000,42,59,59,59,1789750800,Sep 18 2026 - 5:00pm,1.67,1.0,1.67,1.0,2.17,59,88,59,42,29,0,59,59,71,13,11.67,0.75,75,63,63,incomplete,0,0,-1,-1,-1,-1,-1,-1,-1,-1,-1,-1,-1,-1,-1,-1,-1,-1,1.57,3.9,5.2,1.15,1.61,2.52,4.6,1.68,2.01,1.27,1.04,0.0,0.0,12.9,4.25,2.13,1.41,1.13,1.11,,2.27,,,,,,,,,,,,,13,42,59,71,100,1.29,2.38,6.0,3.18,1.47,1.1,1.16,1.83,3.4,4.6,1.84,1.26,,,,,34,,,,1.57,0.71,8,/denmark/fc-roskilde-vs-frederiksberg-alliancen-2000-h2h-stats
18/09/2026 14:00,Denmark,2nd Division,Fremad Amager,Næstved,Over 0.5 HT,100%,@1.00,+29.0%,1.5u,Fremad Amager,Næstved,59,100,88,88,1789750800,Sep 18 2026 - 5:00pm,1.67,2.0,1.67,2.0,2.75,88,100,88,59,29,0,100,46,88,29,6.92,0.0,88,54,38,incomplete,0,0,-1,-1,-1,-1,-1,-1,-1,-1,-1,-1,-1,-1,-1,-1,-1,-1,2.65,3.45,2.43,1.16,1.61,2.46,4.33,1.5,2.3,1.18,1.2,0.0,0.0,9.2,4.1,2.13,1.43,1.14,1.48,,1.36,,,,,,,,,,,,,0,13,42,71,100,1.29,2.34,6.0,3.25,1.48,1.11,1.15,1.83,3.3,4.7,1.84,1.27,,,,,46,,,,1.43,1.71,8,/denmark/bk-fremad-amager-vs-naestved-bk-h2h-stats
18/09/2026 14:00,Denmark,3. Division,Holbæk B&I,Ringsted,Gol Limite (Over 0.5 2HG),100%,@1.00,+75.0%,1.5u,Holbæk B&I,Ringsted,67,50,100,84,1789750800,Sep 18 2026 - 5:00pm,3.0,0.33,3.0,0.33,3.67,84,100,100,67,33,33,50,33,100,84,7.0,0.0,33,0,0,incomplete,0,0,-1,-1,-1,-1,-1,-1,-1,-1,-1,-1,-1,-1,-1,-1,-1,-1,1.27,5.55,6.56,1.07,1.26,1.72,2.63,1.51,2.29,1.32,1.52,0.0,0.0,25.0,7.5,3.0,1.96,1.44,1.06,,3.4,,,,,,,,,,,,,0,0,34,67,67,1.15,1.84,3.9,4.7,1.83,1.27,1.06,1.44,2.38,7.3,2.45,1.47,,,,,33,,,,2.29,0.57,8,/denmark/holbaek-bold-idraetsforening-vs-ringsted-if-h2h-stats
18/09/2026 14:00,Austria,Regionalliga Ost,Gloggnitz,Horn,N/A,N/A,N/A,N/A,N/A,Gloggnitz,Horn,43,65,79,57,1789750800,Sep 18 2026 - 5:00pm,1.14,1.14,1.14,1.14,2.57,57,93,79,43,29,15,65,22,57,29,8.89,0.43,69,35,17,incomplete,0,0,-1,-1,-1,-1,-1,-1,-1,-1,-1,-1,-1,-1,-1,-1,-1,-1,,,,,,,,,,1.38,1.23,0.0,0.0,,,,,,,,,,,,,,,,,,,,,7,22,57,72,86,,,,,,,,,,,,,,,,,0,,,,1.14,1.14,8,/austria/sv-horn-vs-sv-gloggnitz-h2h-stats
18/09/2026 14:00,Cyprus,First Division,Paphos,AEL,N/A,N/A,N/A,N/A,N/A,Paphos,AEL,50,50,50,0,1789750800,Sep 18 2026 - 5:00pm,1.0,0.0,1.0,0.0,3.0,0,50,50,50,50,50,50,50,50,50,12.0,6.0,50,50,50,incomplete,0,0,-1,-1,-1,-1,-1,-1,-1,-1,-1,-1,-1,-1,-1,-1,-1,-1,1.4,4.2,6.25,1.22,1.73,2.78,5.3,1.95,1.8,2.06,1.0,0.0,0.0,12.2,4.1,1.98,1.37,1.09,1.05,,2.7,,,,,,,,,,,,,50,50,50,50,50,1.3,2.57,5.3,2.96,1.43,1.1,1.17,2.05,3.7,3.8,1.76,1.22,,,,,0,,,,2.33,2.0,4,/cyprus/ael-limassol-vs-paphos-fc-h2h-stats
18/09/2026 14:00,Cyprus,First Division,Omonia 29is Maiou,AEK Larnaca,Over 3.5 FT,100%,@1.00,+174.0%,1.5u,Omonia 29is Maiou,AEK Larnaca,100,100,100,100,1789750800,Sep 18 2026 - 5:00pm,1.0,3.0,1.0,3.0,4.5,100,100,100,100,100,50,100,100,100,100,3.0,5.0,0,0,0,incomplete,0,0,-1,-1,-1,-1,-1,-1,-1,-1,-1,-1,-1,-1,-1,-1,-1,-1,6.0,4.2,1.5,1.19,1.75,2.74,5.2,1.8,1.83,1.58,1.38,0.0,0.0,10.9,3.78,2.0,1.35,1.1,1.19,,1.08,,,,,,,,,,,,,0,0,0,0,50,1.33,2.5,6.0,3.09,1.46,1.07,1.2,2.05,4.2,4.0,1.77,1.2,,,,,0,,,,1.67,2.0,4,/cyprus/aek-larnaca-vs-als-omonia-29is-maiou-h2h-stats
18/09/2026 14:00,Poland,3 Liga Group 3,Polonia Nysa,Raków Częstochowa II,Gol Limite (Over 0.5 2HG),94%,@1.06,+64.5%,1.5u,Polonia Nysa,Raków Częstochowa II,69,82,88,63,1789750800,Sep 18 2026 - 5:00pm,0.63,0.75,0.63,0.75,3.38,63,94,88,69,44,19,82,38,94,63,10.07,-1.25,63,48,41,incomplete,0,0,-1,-1,-1,-1,-1,-1,-1,-1,-1,-1,-1,-1,-1,-1,-1,-1,,,,,,,,,,1.22,1.6,0.0,0.0,,,,,,,,,,,,,,,,,,,,,7,13,32,57,82,,,,,,,,,,,,,,,,,50,,,,0.63,0.75,9,/poland/ks-polonia-nysa-vs-ks-rakow-czestochowa-ii-h2h-stats
18/09/2026 14:00,Austria,Landesliga Salzburg,SV Schwarzach,Straßwalchen,N/A,N/A,N/A,N/A,N/A,SV Schwarzach,Straßwalchen,88,0,100,88,1789750800,Sep 18 2026 - 5:00pm,0.75,3.0,0.75,3.0,5.0,88,100,100,88,50,38,0,0,0,0,0.0,0.0,0,0,0,incomplete,0,0,-1,-1,-1,-1,-1,-1,-1,-1,-1,-1,-1,-1,-1,-1,-1,-1,,,,,,,,,,0.0,0.0,0.0,0.0,,,,,,,,,,,,,,,,,,,,,0,0,13,50,63,,,,,,,,,,,,,,,,,0,,,,0.43,3.0,8,/austria/sv-strasswalchen-vs-sv-schwarzach-h2h-stats
18/09/2026 14:00,Austria,Landesliga Wien,Schwechat,First Vienna II,Gol Limite (Over 0.5 2HG),63%,@1.59,+10.3%,1.0u,Schwechat,First Vienna II,63,50,75,63,1789750800,Sep 18 2026 - 5:00pm,2.25,0.75,2.25,0.75,3.38,63,100,75,63,38,38,50,50,63,50,9.33,-2.0,75,75,75,incomplete,0,0,-1,-1,-1,-1,-1,-1,-1,-1,-1,-1,-1,-1,-1,-1,-1,-1,,,,,,,,,,1.59,1.58,0.0,0.0,,,,,,,,,,,,,,,,,,,,,0,25,38,63,63,,,,,,,,,,,,,,,,,50,,,,2.25,0.75,5,/austria/sv-schwechat-vs-first-vienna-fc-1894-ii-h2h-stats
18/09/2026 14:00,Austria,Landesliga Niederösterreich,Ebreichsdorf,Retz,N/A,N/A,N/A,N/A,N/A,Ebreichsdorf,Retz,67,17,84,75,1789750800,Sep 18 2026 - 5:00pm,1.83,2.17,1.83,2.17,4.17,75,100,84,67,59,25,17,9,17,0,3.0,-1.0,0,0,0,incomplete,0,0,-1,-1,-1,-1,-1,-1,-1,-1,-1,-1,-1,-1,-1,-1,-1,-1,,,,,,,,,,1.33,0.0,0.0,0.0,,,,,,,,,,,,,,,,,,,,,0,17,33,42,75,,,,,,,,,,,,,,,,,0,,,,1.83,2.17,7,/austria/ask-ebreichsdorf-vs-sc-retz-h2h-stats
18/09/2026 14:00,Austria,Landesliga Niederösterreich,Ardagger,Wieselburg,N/A,N/A,N/A,N/A,N/A,Ardagger,Wieselburg,59,0,67,59,1789750800,Sep 18 2026 - 5:00pm,1.0,1.83,1.0,1.83,3.0,59,84,67,59,59,17,0,0,0,0,0.0,-2.0,0,0,0,incomplete,0,0,-1,-1,-1,-1,-1,-1,-1,-1,-1,-1,-1,-1,-1,-1,-1,-1,,,,,,,,,,0.0,0.0,0.0,0.0,,,,,,,,,,,,,,,,,,,,,17,33,42,42,83,,,,,,,,,,,,,,,,,0,,,,1.0,1.83,7,/austria/scu-ardagger-vs-sc-wieselburg-h2h-stats
18/09/2026 14:00,Austria,Landesliga Oberösterreich,Gmunden,St. Valentin,N/A,N/A,N/A,N/A,N/A,Gmunden,St. Valentin,57,43,79,50,1789750800,Sep 18 2026 - 5:00pm,0.57,1.29,0.57,1.29,2.57,50,86,79,57,29,7,43,0,50,50,0.0,-2.0,0,0,0,incomplete,0,0,-1,-1,-1,-1,-1,-1,-1,-1,-1,-1,-1,-1,-1,-1,-1,-1,,,,,,,,,,0.0,0.0,0.0,0.0,,,,,,,,,,,,,,,,,,,,,15,22,43,71,93,,,,,,,,,,,,,,,,,0,,,,0.57,1.29,8,/austria/sv-gmunden-vs-st-valentin-ask-h2h-stats
18/09/2026 14:00,Austria,Landesliga Oberösterreich,Edelweiß / Neue Heimat,Union Gschwandt,N/A,N/A,N/A,N/A,N/A,Edelweiß / Neue Heimat,Union Gschwandt,69,47,77,69,1789750800,Sep 18 2026 - 5:00pm,1.57,1.17,1.57,1.17,3.3,69,85,77,69,54,38,47,30,47,40,0.0,-2.0,0,0,0,incomplete,0,0,-1,-1,-1,-1,-1,-1,-1,-1,-1,-1,-1,-1,-1,-1,-1,-1,,,,,,,,,,0.0,0.0,0.0,0.0,,,,,,,,,,,,,,,,,,,,,16,24,31,47,62,,,,,,,,,,,,,,,,,25,,,,1.57,1.17,8,/austria/union-unis-gschwandt-vs-edelweiss-neue-heimat-h2h-stats
18/09/2026 14:00,Austria,Landesliga Steiermark,Großklein,St. Anna,Gol Limite (Over 0.5 2HG),67%,@1.49,+17.3%,1.5u,Großklein,St. Anna,42,42,75,50,1789750800,Sep 18 2026 - 5:00pm,1.33,1.83,1.33,1.83,2.84,50,92,75,42,25,17,42,34,67,50,6.0,-1.83,50,34,17,incomplete,0,0,-1,-1,-1,-1,-1,-1,-1,-1,-1,-1,-1,-1,-1,-1,-1,-1,,,,,,,,,,1.05,0.0,0.0,0.0,,,,,,,,,,,,,,,,,,,,,9,25,59,75,83,,,,,,,,,,,,,,,,,25,,,,1.33,1.83,7,/austria/usv-st-anna-am-aigen-vs-fc-grossklein-h2h-stats
18/09/2026 14:00,Austria,Landesliga Steiermark,Pachern,Kindberg-Mürzhofen,Gol Limite (Over 0.5 2HG),75%,@1.33,+31.2%,1.5u,Pachern,Kindberg-Mürzhofen,67,75,75,42,1789750800,Sep 18 2026 - 5:00pm,1.5,0.67,1.5,0.67,3.42,42,100,75,67,42,34,75,33,75,75,5.5,-2.0,42,42,25,incomplete,0,0,-1,-1,-1,-1,-1,-1,-1,-1,-1,-1,-1,-1,-1,-1,-1,-1,1.79,3.95,3.45,,1.53,,,,,1.42,0.0,0.0,0.0,,,2.37,,,,,,,,,,,,,,,,,,0,25,34,59,67,,,,,,,,,,,,,,,,,42,,,,1.5,0.67,7,/austria/fc-kindberg-murzhofen-vs-sv-pachern-h2h-stats
18/09/2026 14:00,Austria,Landesliga Steiermark,Gnas,Wildon,Gol Limite (Over 0.5 2HG),92%,@1.09,+61.0%,1.5u,Gnas,Wildon,67,50,83,42,1789750800,Sep 18 2026 - 5:00pm,2.5,1.67,2.5,1.67,3.0,42,100,83,67,25,17,50,25,92,83,11.75,-1.83,75,75,63,incomplete,0,0,-1,-1,-1,-1,-1,-1,-1,-1,-1,-1,-1,-1,-1,-1,-1,-1,2.25,3.68,2.42,,1.44,,,,,1.29,1.82,0.0,0.0,,,2.62,,,,,,,,,,,,,,,,,,0,17,33,75,83,,,,,,,,,,,,,,,,,25,,,,2.5,1.67,7,/austria/sv-union-gnas-vs-sv-wildon-h2h-stats
18/09/2026 14:00,Poland,4 Liga Śląska I,Ruch Radzionków,Victoria Częstochowa,Gol Limite (Over 0.5 2HG),63%,@1.59,+10.3%,1.0u,Ruch Radzionków,Victoria Częstochowa,57,44,63,32,1789750800,Sep 18 2026 - 5:00pm,1.75,0.0,1.75,0.0,3.5,32,94,63,57,44,44,44,25,63,38,13.0,-1.88,84,34,34,incomplete,0,0,-1,-1,-1,-1,-1,-1,-1,-1,-1,-1,-1,-1,-1,-1,-1,-1,,,,,,,,,,1.77,1.27,0.0,0.0,,,,,,,,,,,,,,,,,,,,,7,38,44,57,57,,,,,,,,,,,,,,,,,25,,,,1.75,0.0,9,/poland/ks-ruch-radzionkow-vs-ks-victoria-czestochowa-h2h-stats
18/09/2026 14:00,Germany,State Leagues Saarland,Ballweiler-Wecklingen,FV Bischmisheim,N/A,N/A,N/A,N/A,N/A,Ballweiler-Wecklingen,FV Bischmisheim,84,0,100,84,1789750800,Sep 18 2026 - 5:00pm,1.56,1.44,1.56,1.44,4.28,84,100,100,84,67,39,0,0,0,0,0.0,-2.0,0,0,0,incomplete,0,0,-1,-1,-1,-1,-1,-1,-1,-1,-1,-1,-1,-1,-1,-1,-1,-1,,,,,,,,,,0.0,0.0,0.0,0.0,,,,,,,,,,,,,,,,,,,,,0,0,17,33,61,,,,,,,,,,,,,,,,,0,,,,1.56,1.44,10,/germany/djk-ballweiler-wecklingen-vs-fv-bischmisheim-h2h-stats
18/09/2026 14:00,Germany,State Leagues Bayern Mitte,Kareth Lappersdorf,Wenzenbach,N/A,N/A,N/A,N/A,N/A,Kareth Lappersdorf,Wenzenbach,78,0,91,64,1789750800,Sep 18 2026 - 5:00pm,1.18,1.55,1.18,1.55,4.05,64,96,91,78,55,46,0,0,0,0,0.0,-2.0,0,0,0,incomplete,0,0,-1,-1,-1,-1,-1,-1,-1,-1,-1,-1,-1,-1,-1,-1,-1,-1,,,,,,,,,,0.0,0.0,0.0,0.0,,,,,,,,,,,,,,,,,,,,,5,9,23,46,55,,,,,,,,,,,,,,,,,0,,,,1.18,1.55,12,/germany/tsv-kareth-lappersdorf-vs-wenzenbach-h2h-stats
18/09/2026 14:00,Germany,State Leagues Bayern Mitte,1. FC Bad Kötzting,Dingolfing,N/A,N/A,N/A,N/A,N/A,1. FC Bad Kötzting,Dingolfing,57,0,96,57,1789750800,Sep 18 2026 - 5:00pm,1.82,2.2,1.82,2.2,3.33,57,100,96,57,33,24,0,0,0,0,0.0,-2.0,0,0,0,incomplete,0,0,-1,-1,-1,-1,-1,-1,-1,-1,-1,-1,-1,-1,-1,-1,-1,-1,,,,,,,,,,0.0,0.0,0.0,0.0,,,,,,,,,,,,,,,,,,,,,0,5,43,67,76,,,,,,,,,,,,,,,,,0,,,,1.82,2.2,12,/germany/1-fc-bad-kotzting-vs-fc-dingolfing-h2h-stats
18/09/2026 14:00,Germany,State Leagues Bayern Nordost,1. SC Feucht,Schwabach,N/A,N/A,N/A,N/A,N/A,1. SC Feucht,Schwabach,64,0,82,55,1789750800,Sep 18 2026 - 5:00pm,1.64,2.27,1.64,2.27,3.41,55,96,82,64,55,27,0,0,0,0,0.0,-2.0,0,0,0,incomplete,0,0,-1,-1,-1,-1,-1,-1,-1,-1,-1,-1,-1,-1,-1,-1,-1,-1,,,,,,,,,,0.0,0.0,0.0,0.0,,,,,,,,,,,,,,,,,,,,,5,18,36,46,73,,,,,,,,,,,,,,,,,0,,,,1.64,2.27,12,/germany/1-sc-feucht-vs-sc-04-schwabach-h2h-stats
18/09/2026 14:00,Germany,State Leagues Bayern Nordost,Großschwarzenlohe,Jahn Forchheim,N/A,N/A,N/A,N/A,N/A,Großschwarzenlohe,Jahn Forchheim,78,0,91,78,1789750800,Sep 18 2026 - 5:00pm,1.18,1.45,1.18,1.45,3.96,78,96,91,78,64,37,0,0,0,0,0.0,-2.0,0,0,0,incomplete,0,0,-1,-1,-1,-1,-1,-1,-1,-1,-1,-1,-1,-1,-1,-1,-1,-1,,,,,,,,,,0.0,0.0,0.0,0.0,,,,,,,,,,,,,,,,,,,,,5,9,23,37,64,,,,,,,,,,,,,,,,,0,,,,1.18,1.45,12,/germany/spvgg-jahn-forchheim-vs-sc-grossschwarzenlohe-ev-h2h-stats
18/09/2026 14:00,Germany,State Leagues Bayern Südost,Chiemgau Traunstein,Planegg-Krailling,N/A,N/A,N/A,N/A,N/A,Chiemgau Traunstein,Planegg-Krailling,72,0,86,71,1789750800,Sep 18 2026 - 5:00pm,1.6,1.36,1.6,1.36,3.68,71,96,86,72,43,34,0,0,0,0,0.0,-2.0,0,0,0,incomplete,0,0,-1,-1,-1,-1,-1,-1,-1,-1,-1,-1,-1,-1,-1,-1,-1,-1,,,,,,,,,,0.0,0.0,0.0,0.0,,,,,,,,,,,,,,,,,,,,,5,15,29,58,67,,,,,,,,,,,,,,,,,0,,,,1.6,1.36,12,/germany/sb-chiemgau-traunstein-vs-planegg-krailling-h2h-stats
18/09/2026 14:00,France,National 2 Group B,Granville,Saint-Malo,N/A,N/A,N/A,N/A,N/A,Granville,Saint-Malo,50,63,75,63,1789750800,Sep 18 2026 - 5:00pm,1.25,2.0,1.25,2.0,2.5,63,88,75,50,38,0,63,50,50,13,7.33,-1.25,50,25,25,incomplete,0,0,-1,-1,-1,-1,-1,-1,-1,-1,-1,-1,-1,-1,-1,-1,-1,-1,3.4,2.92,2.17,,2.2,,,,,0.7,1.08,0.0,0.0,,,1.65,,,,,,,,,,,,,,,,,,13,25,50,63,100,,,,,,,,,,,,,,,,,50,,,,1.25,2.0,5,/france/us-granvillaise-vs-us-saint-malo-h2h-stats
18/09/2026 14:00,France,National 2 Group B,Saint-Colomban Locminé,Avranches,N/A,N/A,N/A,N/A,N/A,Saint-Colomban Locminé,Avranches,25,13,50,38,1789750800,Sep 18 2026 - 5:00pm,0.5,2.0,0.5,2.0,1.5,38,75,50,25,0,0,13,0,38,13,4.0,-2.0,0,0,0,incomplete,0,0,-1,-1,-1,-1,-1,-1,-1,-1,-1,-1,-1,-1,-1,-1,-1,-1,,,,,,,,,,0.88,0.43,0.0,0.0,,,,,,,,,,,,,,,,,,,,,25,50,75,100,100,,,,,,,,,,,,,,,,,0,,,,0.5,2.0,5,/france/us-avranches-mont-saint-michel-vs-la-saint-colomban-locmine-h2h-stats
18/09/2026 14:00,Germany,State Leagues Westfalen 1,Peckeloh,Mesum,N/A,N/A,N/A,N/A,N/A,Peckeloh,Mesum,84,0,92,59,1789750800,Sep 18 2026 - 5:00pm,2.33,1.0,2.33,1.0,4.34,59,100,92,84,75,34,0,0,0,0,0.0,-2.0,0,0,0,incomplete,0,0,-1,-1,-1,-1,-1,-1,-1,-1,-1,-1,-1,-1,-1,-1,-1,-1,,,,,,,,,,0.0,0.0,0.0,0.0,,,,,,,,,,,,,,,,,,,,,0,9,17,25,67,,,,,,,,,,,,,,,,,0,,,,2.33,1.0,7,/germany/sv-mesum-1927-vs-sc-peckeloh-1960-h2h-stats
18/09/2026 14:00,Germany,State Leagues Sudwest,SG Eintracht Bad Kreuznach,FK Pirmasens II,N/A,N/A,N/A,N/A,N/A,SG Eintracht Bad Kreuznach,FK Pirmasens II,79,0,100,50,1789750800,Sep 18 2026 - 5:00pm,1.71,0.71,1.71,0.71,3.43,50,100,100,79,36,15,0,0,0,0,0.0,-2.0,0,0,0,incomplete,0,0,-1,-1,-1,-1,-1,-1,-1,-1,-1,-1,-1,-1,-1,-1,-1,-1,,,,,,,,,,0.0,0.0,0.0,0.0,,,,,,,,,,,,,,,,,,,,,0,0,22,64,86,,,,,,,,,,,,,,,,,0,,,,1.71,0.71,9,/germany/sg-eintracht-bad-kreuznach-vs-fk-pirmasens-ii-h2h-stats
18/09/2026 14:00,Poland,4 Liga Podkarpacka,Stal Łańcut,Radomyślanka,Gol Limite (Over 0.5 2HG),79%,@1.27,+38.3%,1.5u,Stal Łańcut,Radomyślanka,79,79,100,64,1789750800,Sep 18 2026 - 5:00pm,0.86,1.0,0.86,1.0,3.65,64,100,100,79,43,22,79,43,79,57,6.0,-2.0,50,50,0,incomplete,0,0,-1,-1,-1,-1,-1,-1,-1,-1,-1,-1,-1,-1,-1,-1,-1,-1,1.67,4.33,3.5,,1.44,,,,,0.0,0.89,0.0,0.0,,,2.62,,,,,,,,,,,,,,,,,,0,0,22,57,79,,,,,,,,,,,,,,,,,27,,,,0.86,1.0,8,/poland/lks-stal-lancut-vs-radomyslanka-h2h-stats
18/09/2026 14:00,Poland,4 Liga Podkarpacka,Wiązownica,Legion Pilzno,Gol Limite (Over 0.5 2HG),64%,@1.56,+12.0%,1.0u,Wiązownica,Legion Pilzno,57,29,72,57,1789750800,Sep 18 2026 - 5:00pm,2.0,0.86,2.0,0.86,2.5,57,79,72,57,22,15,29,7,64,50,11.0,-1.86,100,100,50,incomplete,0,0,-1,-1,-1,-1,-1,-1,-1,-1,-1,-1,-1,-1,-1,-1,-1,-1,,,,,,,,,,1.24,1.48,0.0,0.0,,,,,,,,,,,,,,,,,,,,,22,29,43,79,86,,,,,,,,,,,,,,,,,0,,,,2.0,0.86,8,/poland/ks-wiazownica-vs-ks-legion-pilzno-h2h-stats
18/09/2026 14:00,Poland,4 Liga Warminsko Mazurska,Granica Kętrzyn,Naki Olsztyn,Gol Limite (Over 0.5 2HG),72%,@1.39,+26.0%,1.5u,Granica Kętrzyn,Naki Olsztyn,71,79,93,72,1789750800,Sep 18 2026 - 5:00pm,2.29,1.29,2.29,1.29,4.22,72,100,93,71,71,36,79,43,72,50,7.33,-2.0,34,34,34,incomplete,0,0,-1,-1,-1,-1,-1,-1,-1,-1,-1,-1,-1,-1,-1,-1,-1,-1,1.47,4.45,4.9,,1.4,,,,,0.0,2.09,0.0,0.0,,,2.75,,,,,,,,,,,,,,,,,,0,7,29,29,64,,,,,,,,,,,,,,,,,50,,,,2.29,1.29,8,/poland/kks-granica-ketrzyn-vs-naki-olsztyn-h2h-stats
18/09/2026 14:00,Croatia,3. HNL Center,Prečko,Naftas Ivanic,N/A,N/A,N/A,N/A,N/A,Prečko,Naftas Ivanic,34,17,84,50,1789750800,Sep 18 2026 - 5:00pm,1.0,1.0,1.0,1.0,2.0,50,84,84,34,0,0,17,0,33,17,4.0,-2.0,0,0,0,incomplete,0,0,-1,-1,-1,-1,-1,-1,-1,-1,-1,-1,-1,-1,-1,-1,-1,-1,,,,,,,,,,1.55,0.0,0.0,0.0,,,,,,,,,,,,,,,,,,,,,17,17,67,100,100,,,,,,,,,,,,,,,,,0,,,,1.0,1.0,4,/croatia/precko-vs-naftas-ivanic-h2h-stats
18/09/2026 14:00,Croatia,3. HNL Center,Zagorec,Mladost Petrinja,N/A,N/A,N/A,N/A,N/A,Zagorec,Mladost Petrinja,67,17,67,34,1789750800,Sep 18 2026 - 5:00pm,1.0,0.0,1.0,0.0,3.0,34,100,67,67,33,17,17,17,50,33,5.0,-2.0,0,0,0,incomplete,0,0,-1,-1,-1,-1,-1,-1,-1,-1,-1,-1,-1,-1,-1,-1,-1,-1,,,,,,,,,,2.13,0.0,0.0,0.0,,,,,,,,,,,,,,,,,,,,,0,33,33,67,84,,,,,,,,,,,,,,,,,25,,,,1.0,0.0,4,/croatia/nk-mladost-petrinja-vs-nk-zagorec-krapina-h2h-stats
18/09/2026 14:00,Kosovo,Superleague of Kosovo,Gjilani,Prishtina,Gol Limite (Over 0.5 2HG),100%,@1.00,+75.0%,1.5u,Gjilani,Prishtina,75,75,75,75,1789750800,Sep 18 2026 - 5:00pm,2.0,3.0,2.0,3.0,3.75,75,100,75,75,75,50,75,75,100,50,9.5,0.0,0,0,0,incomplete,0,0,-1,-1,-1,-1,-1,-1,-1,-1,-1,-1,-1,-1,-1,-1,-1,-1,2.65,3.2,2.37,1.26,1.93,3.34,7.0,1.72,1.96,1.38,1.86,0.0,0.0,9.95,3.2,1.75,1.24,1.07,1.24,,1.4,,,,,,,,,,,,,0,25,25,25,50,1.33,2.73,6.6,2.84,1.36,1.06,1.24,2.15,4.5,3.6,1.6,1.16,,,,,75,,,,1.83,3.0,7,/kosovo/fc-prishtina-vs-kf-gjilani-h2h-stats
18/09/2026 14:00,Peru,Liga 3,Deportivo Lute,César Vallejo II,N/A,N/A,N/A,N/A,N/A,Deportivo Lute,César Vallejo II,50,17,84,50,1789750800,Sep 18 2026 - 5:00pm,2.17,0.17,2.17,0.17,3.17,50,100,84,50,42,17,17,9,9,9,5.0,0.0,0,0,0,incomplete,0,0,-1,-1,-1,-1,-1,-1,-1,-1,-1,-1,-1,-1,-1,-1,-1,-1,,,,,,,,,,2.87,0.8,0.0,0.0,,,,,,,,,,,,,,,,,,,,,0,17,50,59,83,,,,,,,,,,,,,,,,,50,,,,1.31,1.31,16,/peru/deportivo-lute-vs-cd-universidad-cesar-vallejo-ii-h2h-stats
18/09/2026 14:10,Austria,Regionalliga Ost,Favoritner AC,Krems / Getzersdorf,N/A,N/A,N/A,N/A,N/A,Favoritner AC,Krems / Getzersdorf,40,77,70,42,1789751400,Sep 18 2026 - 5:10pm,1.29,0.83,1.29,0.83,2.42,42,100,70,40,32,0,77,16,48,31,7.31,-0.17,32,17,7,incomplete,0,0,-1,-1,-1,-1,-1,-1,-1,-1,-1,-1,-1,-1,-1,-1,-1,-1,,,,1.17,1.66,2.75,4.75,1.54,2.26,1.48,1.6,0.0,0.0,13.0,4.0,2.1,1.39,1.13,1.62,,1.31,,,,,,,,,,,,,0,30,61,68,100,1.25,2.3,5.3,3.3,1.5,1.11,1.16,1.87,3.6,4.6,1.8,1.23,,,,,0,,,,1.29,0.83,8,/austria/favoritner-ac-vs-krems-getzersdorf-h2h-stats
18/09/2026 14:15,Finland,Kolmonen Itä,Metso,Vaajakoski / Reds,Gol Limite (Over 0.5 2HG),85%,@1.18,+48.8%,1.5u,Metso,Vaajakoski / Reds,85,74,95,58,1789751700,Sep 18 2026 - 5:15pm,2.11,1.2,2.11,1.2,4.77,58,100,95,85,85,57,74,49,85,74,9.2,0.0,35,27,27,incomplete,0,0,-1,-1,-1,-1,-1,-1,-1,-1,-1,-1,-1,-1,-1,-1,-1,-1,,,,,,,,,,1.58,1.21,0.0,0.0,,,,,,,,,,,,,,,,,,,,,0,6,16,16,43,,,,,,,,,,,,,,,,,13,,,,1.7,0.85,0,/finland/fc-vaajakoski-reds-vs-metso-h2h-stats
18/09/2026 14:15,Austria,Landesliga Tirol,Wörgl,Stubai,N/A,N/A,N/A,N/A,N/A,Wörgl,Stubai,79,43,93,79,1789751700,Sep 18 2026 - 5:15pm,0.71,0.57,0.71,0.57,3.86,79,100,93,79,50,29,43,22,50,43,0.0,-2.0,0,0,0,incomplete,0,0,-1,-1,-1,-1,-1,-1,-1,-1,-1,-1,-1,-1,-1,-1,-1,-1,,,,,,,,,,0.0,0.0,0.0,0.0,,,,,,,,,,,,,,,,,,,,,0,7,22,50,72,,,,,,,,,,,,,,,,,100,,,,0.71,0.57,8,/austria/sv-bio-perlinger-worgl-vs-fc-stubai-h2h-stats
18/09/2026 14:30,Faroe Islands,Faroe Islands Premier League,KÍ,Skála,Gol Limite (Over 0.5 2HG),81%,@1.23,+41.8%,1.5u,KÍ,Skála,48,67,67,48,1789752600,Sep 18 2026 - 5:30pm,1.91,0.6,1.91,0.6,2.48,48,86,67,48,24,15,67,34,81,29,12.25,3.73,58,40,40,incomplete,0,0,-1,-1,-1,-1,-1,-1,-1,-1,-1,-1,-1,-1,-1,-1,-1,-1,1.18,6.8,12.0,1.1,1.44,2.05,3.28,2.04,1.67,1.62,1.36,0.0,0.0,15.5,5.1,2.62,1.66,1.25,1.03,,4.2,,,,,,,,,,,,,15,34,53,76,86,1.22,2.1,4.4,4.0,1.67,1.17,1.1,1.73,3.25,4.75,1.95,1.33,,,,,0,,,,2.0,1.0,23,/faroe-islands/ki-klaksvik-vs-skala-if-h2h-stats
18/09/2026 14:30,Faroe Islands,Faroe Islands Premier League,B36,NSÍ,Gol Limite (Over 0.5 2HG),90%,@1.11,+57.5%,1.5u,B36,NSÍ,50,55,80,55,1789752600,Sep 18 2026 - 5:30pm,1.8,1.3,1.8,1.3,3.1,55,95,80,50,35,25,55,30,90,60,10.2,3.0,70,60,55,incomplete,0,0,-1,-1,-1,-1,-1,-1,-1,-1,-1,-1,-1,-1,-1,-1,-1,-1,3.6,3.8,1.8,1.2,1.58,2.42,4.5,1.54,2.25,1.64,1.58,0.0,0.0,15.0,4.25,2.27,1.44,1.2,1.19,,1.22,,,,,,,,,,,,,5,20,50,65,75,1.25,2.29,5.0,3.4,1.5,1.1,1.18,1.85,3.42,4.45,1.83,1.22,,,,,20,,,,1.59,2.05,23,/faroe-islands/b36-torshavn-vs-nsi-runavik-h2h-stats
18/09/2026 14:30,Sweden,Division 2 Norra Gotaland,Herrestads,Kumla,Gol Limite (Over 0.5 2HG),81%,@1.23,+41.8%,1.5u,Herrestads,Kumla,62,81,83,67,1789752600,Sep 18 2026 - 5:30pm,1.48,1.05,1.48,1.05,3.17,67,91,83,62,38,19,81,48,81,45,8.91,-1.48,52,45,28,incomplete,0,0,-1,-1,-1,-1,-1,-1,-1,-1,-1,-1,-1,-1,-1,-1,-1,-1,1.75,3.75,3.5,1.13,1.5,2.24,4.2,1.49,2.34,1.3,1.26,0.0,0.0,17.0,4.5,2.4,1.55,1.22,1.18,,1.91,,,,,,,,,,,,,10,17,38,62,81,1.22,2.13,5.0,3.75,1.57,1.14,,1.71,,,1.98,,,,,,35,,,,1.48,1.05,22,/sweden/ifk-kumla-vs-herrestads-aif-h2h-stats
18/09/2026 14:30,Hungary,NB I,Puskás,Honvéd,Gol Limite (Over 0.5 2HG),100%,@1.00,+75.0%,1.5u,Puskás,Honvéd,67,34,100,84,1789752600,Sep 18 2026 - 5:30pm,1.0,0.67,1.0,0.67,3.5,84,100,100,67,50,33,34,17,100,84,9.34,5.66,50,17,17,incomplete,0,0,-1,-1,-1,-1,-1,-1,-1,-1,-1,-1,-1,-1,-1,-1,-1,-1,2.05,3.5,3.0,1.17,1.69,2.52,5.0,1.57,2.3,1.04,1.67,0.0,0.0,12.6,3.94,2.08,1.41,1.17,1.22,,1.67,,,1.3,1.59,1.88,2.56,3.53,3.0,2.19,1.74,1.42,1.21,0,0,33,50,67,1.28,2.27,5.5,3.25,1.51,1.11,1.18,1.85,3.5,4.2,1.85,1.22,,,,,17,1.64,7.4,3.02,1.71,1.0,8,/hungary/kispest-honved-fc-vs-puskas-ferenc-akademia-fc-h2h-stats
18/09/2026 14:30,Austria,Bundesliga,Rapid Wien,Wattens,Gol Limite (Over 0.5 2HG),84%,@1.19,+47.0%,1.5u,Rapid Wien,Wattens,67,84,67,33,1789752600,Sep 18 2026 - 5:30pm,3.0,2.0,3.0,2.0,3.67,33,100,67,67,67,17,84,50,84,50,13.0,2.0,84,67,33,incomplete,0,0,-1,-1,-1,-1,-1,-1,-1,-1,-1,-1,-1,-1,-1,-1,-1,-1,1.33,5.45,7.75,1.06,1.33,2.02,2.97,1.6,2.19,2.31,1.24,0.0,0.0,21.0,6.0,3.12,1.8,1.3,1.15,,3.22,,,1.24,1.47,1.86,2.26,3.08,3.02,2.32,1.88,1.49,1.28,0,33,33,33,84,1.14,1.93,4.1,4.45,1.8,1.21,1.09,1.57,2.74,5.5,2.21,1.38,,,,,33,1.22,11.0,4.75,2.5,1.33,7,/austria/sk-rapid-wien-vs-wsg-swarovski-wattens-h2h-stats
18/09/2026 14:30,Germany,Oberliga Hessen,1960 Hanau,Rot-Weiß Walldorf,Gol Limite (Over 0.5 2HG),63%,@1.59,+10.3%,1.0u,1960 Hanau,Rot-Weiß Walldorf,63,50,63,50,1789752600,Sep 18 2026 - 5:30pm,0.25,0.25,0.25,0.25,3.38,50,88,63,63,63,38,50,38,63,38,0.0,0.0,0,0,0,incomplete,0,0,-1,-1,-1,-1,-1,-1,-1,-1,-1,-1,-1,-1,-1,-1,-1,-1,,,,,,,,,,0.0,0.0,0.0,0.0,,,,,,,,,,,,,,,,,,,,,13,38,38,38,63,,,,,,,,,,,,,,,,,34,,,,0.67,0.78,10,/germany/rot-weiss-walldorf-vs-sc-1960-hanau-h2h-stats
18/09/2026 14:30,Germany,Regionalliga West,Sportfreunde Siegen,Wattenscheid 09,Gol Limite (Over 0.5 2HG),63%,@1.59,+10.3%,1.0u,Sportfreunde Siegen,Wattenscheid 09,50,75,88,75,1789752600,Sep 18 2026 - 5:30pm,1.0,0.25,1.0,0.25,3.5,75,88,88,50,50,38,75,50,63,38,0.0,0.0,0,0,0,incomplete,0,0,-1,-1,-1,-1,-1,-1,-1,-1,-1,-1,-1,-1,-1,-1,-1,-1,,,,,,,,,,0.0,0.0,0.0,0.0,,,,,,,,,,,,,,,,,,,,,13,13,50,50,63,,,,,,,,,,,,,,,,,38,,,,1.25,1.0,9,/germany/sg-wattenscheid-09-vs-sportfreunde-siegen-von-1899-h2h-stats
18/09/2026 14:30,Germany,Regionalliga West,Rödinghausen,Gütersloh,Gol Limite (Over 0.5 2HG),88%,@1.14,+54.0%,1.5u,Rödinghausen,Gütersloh,63,63,88,75,1789752600,Sep 18 2026 - 5:30pm,1.0,2.5,1.0,2.5,2.88,75,100,88,63,25,13,63,50,88,63,0.0,0.0,0,0,0,incomplete,0,0,-1,-1,-1,-1,-1,-1,-1,-1,-1,-1,-1,-1,-1,-1,-1,-1,3.28,3.48,1.95,,,,,,,0.0,0.0,0.0,0.0,,,,,,,,,,,,,,,,,,,,,0,13,38,75,88,,,,,,,,,,,,,,,,,29,,,,0.63,2.38,9,/germany/sv-rodinghausen-vs-fc-gutersloh-2000-h2h-stats
18/09/2026 14:30,Germany,Oberliga Hamburg,Harksheide,Buchholz,Gol Limite (Over 0.5 2HG),100%,@1.00,+75.0%,1.5u,Harksheide,Buchholz,84,100,100,75,1789752600,Sep 18 2026 - 5:30pm,0.33,3.0,0.33,3.0,3.92,75,100,100,84,84,25,100,59,100,50,0.0,0.0,0,0,0,incomplete,0,0,-1,-1,-1,-1,-1,-1,-1,-1,-1,-1,-1,-1,-1,-1,-1,-1,,,,,,,,,,0.0,0.0,0.0,0.0,,,,,,,,,,,,,,,,,,,,,0,0,17,17,75,,,,,,,,,,,,,,,,,34,,,,0.71,1.83,8,/germany/tsv-buchholz-08-vs-tura-harksheide-h2h-stats
18/09/2026 14:30,Germany,Oberliga Hamburg,Victoria Hamburg,TBS Pinneberg,Gol Limite (Over 0.5 2HG),84%,@1.19,+47.0%,1.5u,Victoria Hamburg,TBS Pinneberg,84,100,84,84,1789752600,Sep 18 2026 - 5:30pm,2.0,1.33,2.0,1.33,5.0,84,100,84,84,84,67,100,50,84,84,0.0,0.0,0,0,0,incomplete,0,0,-1,-1,-1,-1,-1,-1,-1,-1,-1,-1,-1,-1,-1,-1,-1,-1,,,,,,,,,,0.0,0.0,0.0,0.0,,,,,,,,,,,,,,,,,,,,,0,17,17,17,33,,,,,,,,,,,,,,,,,17,,,,2.0,1.86,8,/germany/sc-victoria-hamburg-vs-tbs-pinneberg-h2h-stats
18/09/2026 14:30,Germany,Oberliga Nordost Nord,Mecklenburg Schwerin,Anker Wismar,Gol Limite (Over 0.5 2HG),75%,@1.33,+31.2%,1.5u,Mecklenburg Schwerin,Anker Wismar,75,100,75,75,1789752600,Sep 18 2026 - 5:30pm,3.0,1.5,3.0,1.5,3.0,75,100,75,75,25,25,100,0,75,75,0.0,0.0,0,0,0,incomplete,0,0,-1,-1,-1,-1,-1,-1,-1,-1,-1,-1,-1,-1,-1,-1,-1,-1,,,,,,,,,,0.0,0.0,0.0,0.0,,,,,,,,,,,,,,,,,,,,,0,25,25,75,75,,,,,,,,,,,,,,,,,0,,,,2.0,1.5,5,/germany/fc-anker-wismar-vs-fc-mecklenburg-schwerin-h2h-stats
18/09/2026 14:30,Germany,Oberliga Bayern Süd,Sportfreunde Schwaig,1860 Rosenheim,Gol Limite (Over 0.5 2HG),70%,@1.43,+22.5%,1.5u,Sportfreunde Schwaig,1860 Rosenheim,40,70,90,70,1789752600,Sep 18 2026 - 5:30pm,1.4,0.2,1.4,0.2,3.0,70,90,90,40,40,20,70,50,70,60,0.0,0.0,0,0,0,incomplete,0,0,-1,-1,-1,-1,-1,-1,-1,-1,-1,-1,-1,-1,-1,-1,-1,-1,1.72,4.35,3.34,,,,,,,0.0,0.0,0.0,0.0,,,,,,,,,,,,,,,,,,,,,10,10,60,60,80,,,,,,,,,,,,,,,,,20,,,,1.5,1.0,11,/germany/tsv-1860-rosenheim-vs-fc-sportfreunde-schwaig-h2h-stats
18/09/2026 14:30,Austria,Landesliga Kärnten,TSU Matrei,Seeboden,N/A,N/A,N/A,N/A,N/A,TSU Matrei,Seeboden,64,14,86,72,1789752600,Sep 18 2026 - 5:30pm,1.29,1.57,1.29,1.57,3.36,72,86,86,64,57,15,14,7,22,22,10.5,-2.0,75,75,75,incomplete,0,0,-1,-1,-1,-1,-1,-1,-1,-1,-1,-1,-1,-1,-1,-1,-1,-1,,,,,,,,,,1.3,1.38,0.0,0.0,,,,,,,,,,,,,,,,,,,,,14,14,36,43,86,,,,,,,,,,,,,,,,,0,,,,1.29,1.57,8,/austria/sv-seeboden-vs-tsu-matrei-h2h-stats
18/09/2026 14:30,Germany,Oberliga Rheinland Pfalz Saar,Ahrweiler BC,TuS RW Koblenz,Gol Limite (Over 0.5 2HG),82%,@1.22,+43.5%,1.5u,Ahrweiler BC,TuS RW Koblenz,57,63,94,69,1789752600,Sep 18 2026 - 5:30pm,0.38,1.88,0.38,1.88,3.07,69,94,94,57,32,26,63,19,82,63,0.0,-2.0,0,0,0,incomplete,0,0,-1,-1,-1,-1,-1,-1,-1,-1,-1,-1,-1,-1,-1,-1,-1,-1,7.32,5.6,1.26,,,,,,,0.0,0.0,0.0,0.0,,,,,,,,,,,,,,,,,,,,,7,7,44,69,76,,,,,,,,,,,,,,,,,13,,,,0.38,1.88,9,/germany/tus-rot-weiss-koblenz-vs-ahrweiler-bc-1920-h2h-stats
18/09/2026 14:30,Switzerland,Challenge League,Wil,Stade Nyonnais,Gol Limite (Over 0.5 2HG),100%,@1.00,+75.0%,1.5u,Wil,Stade Nyonnais,71,100,100,59,1789752600,Sep 18 2026 - 5:30pm,0.33,0.0,0.33,0.0,3.13,59,100,100,71,29,13,100,34,100,54,7.67,2.83,67,38,25,incomplete,0,0,-1,-1,-1,-1,-1,-1,-1,-1,-1,-1,-1,-1,-1,-1,-1,-1,1.65,3.7,4.0,1.14,1.57,2.47,3.98,1.56,2.25,1.47,1.04,0.0,0.0,13.0,4.8,2.35,1.48,1.17,1.17,,1.99,,,1.28,1.56,2.22,2.48,3.42,3.11,2.25,1.81,1.45,1.23,0,0,29,71,88,1.25,2.25,4.95,3.24,1.57,1.14,1.13,1.76,3.28,4.6,1.92,1.25,,,,,17,1.4,9.0,4.18,0.75,0.25,9,/switzerland/fc-wil-1900-vs-fc-stade-nyonnais-h2h-stats
18/09/2026 14:30,Switzerland,Challenge League,Neuchâtel Xamax,Rapperswil-Jona,Gol Limite (Over 0.5 2HG),100%,@1.00,+75.0%,1.5u,Neuchâtel Xamax,Rapperswil-Jona,88,100,100,88,1789752600,Sep 18 2026 - 5:30pm,1.0,0.75,1.0,0.75,3.46,88,100,100,88,29,29,100,63,100,25,9.17,5.25,54,42,42,incomplete,0,0,-1,-1,-1,-1,-1,-1,-1,-1,-1,-1,-1,-1,-1,-1,-1,-1,1.84,4.0,3.35,1.06,1.4,1.89,2.97,1.33,3.0,1.54,1.32,0.0,0.0,18.0,6.57,3.0,1.78,1.3,1.17,,1.83,,,1.19,1.42,1.93,2.16,2.83,3.74,2.55,1.97,1.65,1.33,0,0,13,71,71,1.17,1.95,4.15,4.0,1.72,1.16,1.09,1.53,2.68,6.1,2.23,1.37,,,,,46,1.4,8.5,4.13,1.5,0.88,9,/switzerland/neuchatel-xamax-fcs-vs-fc-rapperswil-jona-h2h-stats
18/09/2026 14:30,Switzerland,Challenge League,Kriens,Étoile Carouge,Cantos Over 8.5,84%,@1.19,+19.3%,1.5u,Kriens,Étoile Carouge,29,84,84,17,1789752600,Sep 18 2026 - 5:30pm,1.5,0.67,1.5,0.67,1.96,17,84,84,29,0,0,84,29,54,29,11.92,4.5,84,54,42,incomplete,0,0,-1,-1,-1,-1,-1,-1,-1,-1,-1,-1,-1,-1,-1,-1,-1,-1,2.35,3.95,2.4,1.07,1.44,1.98,3.14,1.35,2.9,1.65,1.54,0.0,0.0,16.5,6.5,2.8,1.68,1.33,1.25,,1.44,,,1.19,1.42,1.94,2.12,2.83,3.76,2.58,1.98,1.58,1.33,17,17,71,100,100,1.15,1.96,3.92,4.2,1.72,1.18,1.1,1.57,2.8,5.8,2.15,1.34,,,,,17,2.87,7.5,1.68,1.38,1.13,9,/switzerland/sc-kriens-vs-etoile-carouge-fc-h2h-stats
18/09/2026 14:30,France,National 2 Group A,Créteil,Chantilly,N/A,N/A,N/A,N/A,N/A,Créteil,Chantilly,38,50,63,50,1789752600,Sep 18 2026 - 5:30pm,1.25,0.25,1.25,0.25,2.38,50,88,63,38,38,13,50,13,25,0,12.0,-1.75,67,33,33,incomplete,0,0,-1,-1,-1,-1,-1,-1,-1,-1,-1,-1,-1,-1,-1,-1,-1,-1,1.7,3.52,4.35,,,,,,,2.07,1.14,0.0,0.0,,,,,,,,,,,,,,,,,,,,,13,38,63,63,88,,,,,,,,,,,,,,,,,0,,,,1.25,0.25,5,/france/us-creteil-lusitanos-vs-us-chantilly-h2h-stats
18/09/2026 14:30,Austria,Regionalliga Ost,Wiener SC,Leobendorf,N/A,N/A,N/A,N/A,N/A,Wiener SC,Leobendorf,50,64,64,36,1789752600,Sep 18 2026 - 5:30pm,2.29,1.14,2.29,1.14,2.79,36,86,64,50,22,22,64,43,36,29,10.74,0.14,52,37,30,incomplete,0,0,-1,-1,-1,-1,-1,-1,-1,-1,-1,-1,-1,-1,-1,-1,-1,-1,1.5,3.95,4.4,1.1,1.53,2.18,3.58,1.56,2.22,2.04,1.45,0.0,0.0,13.0,5.0,2.42,1.58,1.21,1.12,,2.38,,,,,,,,,,,,,14,36,50,79,79,1.22,2.15,4.5,3.8,1.6,1.16,1.12,1.68,3.0,5.3,2.02,1.32,,,,,42,,,,2.29,1.14,8,/austria/sv-leobendorf-vs-wiener-sport-club-h2h-stats
18/09/2026 14:30,Austria,Regionalliga Ost,Traiskirchen,Mannsdorf,Over 2.5 FT,77%,@1.30,+7.8%,1.0u,Traiskirchen,Mannsdorf,77,68,85,77,1789752600,Sep 18 2026 - 5:30pm,1.83,2.57,1.83,2.57,4.49,77,100,85,77,77,54,68,54,68,61,11.21,0.14,55,55,40,incomplete,0,0,-1,-1,-1,-1,-1,-1,-1,-1,-1,-1,-1,-1,-1,-1,-1,-1,2.92,3.78,2.1,,1.4,,,,,1.58,1.81,0.0,0.0,,,2.75,,,,,,,,,,,,,,,,,,0,16,24,24,47,,,,,,,,,,,,,,,,,75,,,,1.83,2.57,8,/austria/sc-mannsdorf-vs-fcm-traiskirchen-h2h-stats
18/09/2026 14:30,Austria,Regionalliga Ost,Mattersburg 2020,Donau,Over 1.5 FT,93%,@1.08,+6.0%,1.0u,Mattersburg 2020,Donau,43,72,93,50,1789752600,Sep 18 2026 - 5:30pm,1.29,1.29,1.29,1.29,2.93,50,100,93,43,29,15,72,36,71,36,7.72,0.29,36,29,14,incomplete,0,0,-1,-1,-1,-1,-1,-1,-1,-1,-1,-1,-1,-1,-1,-1,-1,-1,1.75,3.7,3.6,1.14,1.57,2.41,4.3,1.54,2.26,1.25,1.29,0.0,0.0,13.0,4.35,2.2,1.45,1.15,1.17,,1.88,,,,,,,,,,,,,0,7,57,72,86,1.25,2.29,4.9,3.3,1.5,1.13,1.14,1.8,3.3,4.9,1.87,1.27,,,,,0,,,,1.29,1.29,8,/austria/sv-donau-vs-mattersburger-sportverein-2020-h2h-stats
18/09/2026 14:30,Austria,Regionalliga Ost,Oberwart,Parndorf,N/A,N/A,N/A,N/A,N/A,Oberwart,Parndorf,57,57,86,71,1789752600,Sep 18 2026 - 5:30pm,1.71,1.57,1.71,1.57,3.43,71,100,86,57,43,29,57,43,50,29,10.43,-0.14,43,36,22,incomplete,0,0,-1,-1,-1,-1,-1,-1,-1,-1,-1,-1,-1,-1,-1,-1,-1,-1,,,,1.08,1.5,2.01,3.2,1.36,2.75,1.95,1.59,0.0,0.0,17.0,5.6,2.5,1.69,1.26,1.18,,1.58,,,,,,,,,,,,,0,14,43,57,71,1.2,1.98,4.1,4.0,1.65,1.14,1.11,1.61,2.85,5.5,2.13,1.36,,,,,25,,,,1.71,1.57,8,/austria/sc-esv-parndorf-1919-vs-sv-oberwart-h2h-stats
18/09/2026 14:30,Austria,Landesliga Tirol,Kundl,Volders,N/A,N/A,N/A,N/A,N/A,Kundl,Volders,58,29,79,65,1789752600,Sep 18 2026 - 5:30pm,2.29,1.57,2.29,1.57,3.43,65,100,79,58,43,36,29,7,36,14,0.0,-2.0,0,0,0,incomplete,0,0,-1,-1,-1,-1,-1,-1,-1,-1,-1,-1,-1,-1,-1,-1,-1,-1,,,,,,,,,,0.0,0.0,0.0,0.0,,,,,,,,,,,,,,,,,,,,,0,22,43,58,65,,,,,,,,,,,,,,,,,0,,,,2.29,1.57,8,/austria/sc-kundl-vs-fc-volders-h2h-stats
18/09/2026 14:30,Germany,Oberliga Niederrhein,Schonnebeck,SC St. Tönis,N/A,N/A,N/A,N/A,N/A,Schonnebeck,SC St. Tönis,90,40,100,90,1789752600,Sep 18 2026 - 5:30pm,2.6,2.2,2.6,2.2,4.9,90,100,100,90,80,50,40,40,40,30,0.0,-2.0,0,0,0,incomplete,0,0,-1,-1,-1,-1,-1,-1,-1,-1,-1,-1,-1,-1,-1,-1,-1,-1,2.17,3.96,2.44,,,,,,,0.0,0.0,0.0,0.0,,,,,,,,,,,,,,,,,,,,,0,0,10,20,50,,,,,,,,,,,,,,,,,50,,,,2.6,2.2,6,/germany/spvg-schonnebeck-1910-vs-sc-st-tonis-11-20-h2h-stats
18/09/2026 14:30,Austria,Landesliga Salzburg,Puch,Siezenheim,N/A,N/A,N/A,N/A,N/A,Puch,Siezenheim,84,0,100,75,1789752600,Sep 18 2026 - 5:30pm,1.25,1.67,1.25,1.67,4.21,75,100,100,84,71,42,0,0,0,0,0.0,0.0,0,0,0,incomplete,0,0,-1,-1,-1,-1,-1,-1,-1,-1,-1,-1,-1,-1,-1,-1,-1,-1,,,,,,,,,,0.0,0.0,0.0,0.0,,,,,,,,,,,,,,,,,,,,,0,0,17,29,59,,,,,,,,,,,,,,,,,0,,,,2.0,1.43,8,/austria/fc-puch-vs-ufc-siezenheim-h2h-stats
18/09/2026 14:30,Denmark,Denmark Series Group 4,VRI,Hobro II,Gol Limite (Over 0.5 2HG),67%,@1.49,+17.3%,1.5u,VRI,Hobro II,50,50,67,67,1789752600,Sep 18 2026 - 5:30pm,2.33,1.0,2.33,1.0,2.17,67,100,67,50,0,0,50,33,67,17,5.0,0.0,0,0,0,incomplete,0,0,-1,-1,-1,-1,-1,-1,-1,-1,-1,-1,-1,-1,-1,-1,-1,-1,,,,,,,,,,1.7,0.0,0.0,0.0,,,,,,,,,,,,,,,,,,,,,0,34,50,100,100,,,,,,,,,,,,,,,,,67,,,,1.67,1.4,7,/denmark/hobro-ik-ii-vs-vejlby-risskov-idraetsklub-h2h-stats
18/09/2026 14:30,Austria,Landesliga Burgenland,Kohfidisch,St. Margarethen / Bur,N/A,N/A,N/A,N/A,N/A,Kohfidisch,St. Margarethen / Bur,67,59,92,67,1789752600,Sep 18 2026 - 5:30pm,0.67,2.17,0.67,2.17,2.92,67,100,92,67,25,9,59,34,59,25,6.0,-1.66,25,25,25,incomplete,0,0,-1,-1,-1,-1,-1,-1,-1,-1,-1,-1,-1,-1,-1,-1,-1,-1,,,,,,,,,,1.53,1.22,0.0,0.0,,,,,,,,,,,,,,,,,,,,,0,9,34,75,92,,,,,,,,,,,,,,,,,25,,,,0.67,2.17,7,/austria/ask-kohfidisch-vs-sv-sankt-margarethen-im-burgenland-h2h-stats
18/09/2026 14:30,Austria,Landesliga Burgenland,Pinkafeld,Bad Sauerbrunn,Gol Limite (Over 0.5 2HG),67%,@1.49,+17.3%,1.5u,Pinkafeld,Bad Sauerbrunn,75,67,92,75,1789752600,Sep 18 2026 - 5:30pm,2.0,2.17,2.0,2.17,3.75,75,100,92,75,59,33,67,50,67,50,8.0,-2.0,34,0,0,incomplete,0,0,-1,-1,-1,-1,-1,-1,-1,-1,-1,-1,-1,-1,-1,-1,-1,-1,,,,,,,,,,1.29,1.9,0.0,0.0,,,,,,,,,,,,,,,,,,,,,0,9,25,42,67,,,,,,,,,,,,,,,,,75,,,,2.0,2.17,7,/austria/sc-bad-sauerbrunn-vs-sc-pinkafeld-h2h-stats
18/09/2026 14:30,Austria,Landesliga Burgenland,Deutschkreutz,Edelserpentin,Gol Limite (Over 0.5 2HG),67%,@1.49,+17.3%,1.5u,Deutschkreutz,Edelserpentin,67,75,92,59,1789752600,Sep 18 2026 - 5:30pm,1.67,0.67,1.67,0.67,3.34,59,92,92,67,42,25,75,42,67,33,10.0,-1.67,100,100,50,incomplete,0,0,-1,-1,-1,-1,-1,-1,-1,-1,-1,-1,-1,-1,-1,-1,-1,-1,1.52,4.2,4.8,,,,,,,1.48,1.45,0.0,0.0,,,,,,,,,,,,,,,,,,,,,9,9,33,58,75,,,,,,,,,,,,,,,,,0,,,,1.67,0.67,7,/austria/fc-deutschkreutz-vs-spg-edelserpentin-h2h-stats
18/09/2026 14:30,Austria,Landesliga Niederösterreich,Korneuburg,Admira II,N/A,N/A,N/A,N/A,N/A,Korneuburg,Admira II,50,25,67,59,1789752600,Sep 18 2026 - 5:30pm,1.33,0.67,1.33,0.67,3.34,59,92,67,50,34,25,25,0,17,17,4.0,-1.5,50,0,0,incomplete,0,0,-1,-1,-1,-1,-1,-1,-1,-1,-1,-1,-1,-1,-1,-1,-1,-1,2.18,3.72,2.62,,1.5,,,,,1.46,0.0,0.0,0.0,,,2.5,,,,,,,,,,,,,,,,,,9,33,50,67,75,,,,,,,,,,,,,,,,,0,,,,1.33,0.67,7,/austria/fc-admira-ii-vs-asc-marathon-sparkasse-korneuburg-h2h-stats
18/09/2026 14:30,Austria,Landesliga Niederösterreich,Langenrohr,Amstetten II,N/A,N/A,N/A,N/A,N/A,Langenrohr,Amstetten II,67,9,75,67,1789752600,Sep 18 2026 - 5:30pm,1.0,0.67,1.0,0.67,3.0,67,92,75,67,42,9,9,9,9,0,4.0,-1.83,50,50,50,incomplete,0,0,-1,-1,-1,-1,-1,-1,-1,-1,-1,-1,-1,-1,-1,-1,-1,-1,1.72,4.2,3.72,,1.4,,,,,0.96,0.0,0.0,0.0,,,2.75,,,,,,,,,,,,,,,,,,9,25,34,59,92,,,,,,,,,,,,,,,,,25,,,,1.0,0.67,7,/austria/sv-langenrohr-vs-amstetten-ii-h2h-stats
18/09/2026 14:30,Austria,Landesliga Niederösterreich,St. Peter,St. Pölten II,N/A,N/A,N/A,N/A,N/A,St. Peter,St. Pölten II,75,17,92,67,1789752600,Sep 18 2026 - 5:30pm,0.33,0.5,0.33,0.5,3.67,67,100,92,75,58,25,17,17,17,0,1.0,-1.33,0,0,0,incomplete,0,0,-1,-1,-1,-1,-1,-1,-1,-1,-1,-1,-1,-1,-1,-1,-1,-1,,,,,,,,,,0.92,1.67,0.0,0.0,,,,,,,,,,,,,,,,,,,,,0,9,25,42,75,,,,,,,,,,,,,,,,,0,,,,0.33,0.5,7,/austria/skn-sankt-polten-ii-vs-ufc-st-peter-in-der-au-h2h-stats
18/09/2026 14:30,Austria,Landesliga Oberösterreich,Garsten,Vöcklamarkt / Zipf,Gol Limite (Over 0.5 2HG),72%,@1.39,+26.0%,1.5u,Garsten,Vöcklamarkt / Zipf,93,65,100,64,1789752600,Sep 18 2026 - 5:30pm,1.43,0.71,1.43,0.71,3.72,64,100,100,93,57,14,65,29,72,57,0.0,-2.0,0,0,0,incomplete,0,0,-1,-1,-1,-1,-1,-1,-1,-1,-1,-1,-1,-1,-1,-1,-1,-1,,,,,,,,,,0.0,0.0,0.0,0.0,,,,,,,,,,,,,,,,,,,,,0,0,7,43,86,,,,,,,,,,,,,,,,,50,,,,1.43,0.71,8,/austria/sv-garsten-vs-vocklamarkt-zipf-h2h-stats
18/09/2026 14:30,Poland,4 Liga Śląska I,Podbeskidzie II,Polonia Łaziska Górne,N/A,N/A,N/A,N/A,N/A,Podbeskidzie II,Polonia Łaziska Górne,41,59,73,41,1789752600,Sep 18 2026 - 5:30pm,1.71,1.88,1.71,1.88,2.67,41,80,73,41,41,21,59,34,52,21,7.67,-2.0,34,34,17,incomplete,0,0,-1,-1,-1,-1,-1,-1,-1,-1,-1,-1,-1,-1,-1,-1,-1,-1,2.25,3.85,2.39,,1.5,,,,,1.96,1.09,0.0,0.0,,,2.5,,,,,,,,,,,,,,,,,,21,28,60,60,80,,,,,,,,,,,,,,,,,0,,,,1.71,1.88,9,/poland/ts-podbeskidzie-bielsko-biala-ii-vs-ks-polonia-laziska-gorne-h2h-stats
18/09/2026 14:30,Germany,State Leagues Berlin,Wilmersdorf,Croatia Berlin,N/A,N/A,N/A,N/A,N/A,Wilmersdorf,Croatia Berlin,88,0,100,100,1789752600,Sep 18 2026 - 5:30pm,2.33,0.5,2.33,0.5,4.54,100,100,100,88,88,42,0,0,0,0,0.0,-2.0,0,0,0,incomplete,0,0,-1,-1,-1,-1,-1,-1,-1,-1,-1,-1,-1,-1,-1,-1,-1,-1,,,,,,,,,,0.0,0.0,0.0,0.0,,,,,,,,,,,,,,,,,,,,,0,0,13,13,59,,,,,,,,,,,,,,,,,0,,,,2.33,0.5,5,/germany/1-fc-wilmersdorf-vs-sd-croatia-berlin-h2h-stats
18/09/2026 14:30,Germany,State Leagues Berlin,Rudow,Staaken,N/A,N/A,N/A,N/A,N/A,Rudow,Staaken,75,0,88,88,1789752600,Sep 18 2026 - 5:30pm,1.25,1.0,1.25,1.0,3.5,88,88,88,75,63,25,0,0,0,0,0.0,-2.0,0,0,0,incomplete,0,0,-1,-1,-1,-1,-1,-1,-1,-1,-1,-1,-1,-1,-1,-1,-1,-1,,,,,,,,,,0.0,0.0,0.0,0.0,,,,,,,,,,,,,,,,,,,,,13,13,25,38,75,,,,,,,,,,,,,,,,,0,,,,1.25,1.0,5,/germany/sc-staaken-1919-berlin-vs-tsv-rudow-1888-h2h-stats
18/09/2026 14:30,Germany,State Leagues Berlin,SCC Berlin,Blau-Weiß 90 Berlin,N/A,N/A,N/A,N/A,N/A,SCC Berlin,Blau-Weiß 90 Berlin,50,0,84,67,1789752600,Sep 18 2026 - 5:30pm,3.0,1.33,3.0,1.33,3.84,67,100,84,50,50,50,0,0,0,0,0.0,-2.0,0,0,0,incomplete,0,0,-1,-1,-1,-1,-1,-1,-1,-1,-1,-1,-1,-1,-1,-1,-1,-1,,,,,,,,,,0.0,0.0,0.0,0.0,,,,,,,,,,,,,,,,,,,,,0,17,50,50,50,,,,,,,,,,,,,,,,,0,,,,3.0,1.33,5,/germany/sv-blau-weiss-90-berlin-vs-sc-charlottenburg-berlin-h2h-stats
18/09/2026 14:30,Germany,State Leagues Berlin,Berlin Türkspor,Meteor,N/A,N/A,N/A,N/A,N/A,Berlin Türkspor,Meteor,63,0,63,63,1789752600,Sep 18 2026 - 5:30pm,1.5,0.75,1.5,0.75,4.13,63,100,63,63,63,63,0,0,0,0,0.0,-2.0,0,0,0,incomplete,0,0,-1,-1,-1,-1,-1,-1,-1,-1,-1,-1,-1,-1,-1,-1,-1,-1,,,,,,,,,,0.0,0.0,0.0,0.0,,,,,,,,,,,,,,,,,,,,,0,38,38,38,38,,,,,,,,,,,,,,,,,0,,,,1.5,0.75,5,/germany/berlin-turkspor-1965-vs-bfc-meteor-06-h2h-stats
18/09/2026 14:30,Germany,State Leagues Saarland,Freisen,Eppelborn,N/A,N/A,N/A,N/A,N/A,Freisen,Eppelborn,56,0,89,61,1789752600,Sep 18 2026 - 5:30pm,1.33,1.67,1.33,1.67,2.78,61,89,89,56,28,6,0,0,0,0,0.0,-2.0,0,0,0,incomplete,0,0,-1,-1,-1,-1,-1,-1,-1,-1,-1,-1,-1,-1,-1,-1,-1,-1,,,,,,,,,,0.0,0.0,0.0,0.0,,,,,,,,,,,,,,,,,,,,,11,11,44,73,95,,,,,,,,,,,,,,,,,0,,,,1.33,1.67,10,/germany/fv-eppelborn-vs-freisen-h2h-stats
18/09/2026 14:30,Germany,State Leagues Bayern Südost,Eggenfelden,Hallbergmoos-Goldach,N/A,N/A,N/A,N/A,N/A,Eggenfelden,Hallbergmoos-Goldach,55,0,73,46,1789752600,Sep 18 2026 - 5:30pm,0.45,1.27,0.45,1.27,3.18,46,91,73,55,36,27,0,0,0,0,0.0,-2.0,0,0,0,incomplete,0,0,-1,-1,-1,-1,-1,-1,-1,-1,-1,-1,-1,-1,-1,-1,-1,-1,,,,,,,,,,0.0,0.0,0.0,0.0,,,,,,,,,,,,,,,,,,,,,9,27,45,64,73,,,,,,,,,,,,,,,,,0,,,,0.45,1.27,12,/germany/vfb-hallbergmoos-goldach-vs-ssv-eggenfelden-h2h-stats
18/09/2026 14:30,Germany,State Leagues Bayern Südost,Grünwald,Kastl,N/A,N/A,N/A,N/A,N/A,Grünwald,Kastl,81,0,96,72,1789752600,Sep 18 2026 - 5:30pm,1.3,1.36,1.3,1.36,4.97,72,100,96,81,62,58,0,0,0,0,0.0,-2.0,0,0,0,incomplete,0,0,-1,-1,-1,-1,-1,-1,-1,-1,-1,-1,-1,-1,-1,-1,-1,-1,,,,,,,,,,0.0,0.0,0.0,0.0,,,,,,,,,,,,,,,,,,,,,0,5,19,38,43,,,,,,,,,,,,,,,,,0,,,,1.3,1.36,12,/germany/tsv-grunwald-vs-tsv-kastl-h2h-stats
18/09/2026 14:30,Germany,State Leagues Bayern Südost,Kirchheimer SC,Unterhaching II,N/A,N/A,N/A,N/A,N/A,Kirchheimer SC,Unterhaching II,69,0,78,59,1789752600,Sep 18 2026 - 5:30pm,1.27,1.27,1.27,1.27,4.0,59,96,78,69,50,41,0,0,0,0,0.0,-2.0,0,0,0,incomplete,0,0,-1,-1,-1,-1,-1,-1,-1,-1,-1,-1,-1,-1,-1,-1,-1,-1,,,,,,,,,,0.0,0.0,0.0,0.0,,,,,,,,,,,,,,,,,,,,,5,23,32,50,60,,,,,,,,,,,,,,,,,0,,,,1.27,1.27,12,/germany/unterhaching-ii-vs-kirchheimer-sport-club-h2h-stats
18/09/2026 14:30,Germany,State Leagues Bayern Südost,Unterföhring,Moosinning,N/A,N/A,N/A,N/A,N/A,Unterföhring,Moosinning,86,0,91,68,1789752600,Sep 18 2026 - 5:30pm,1.3,1.45,1.3,1.45,4.48,68,96,91,86,62,53,0,0,0,0,0.0,-2.0,0,0,0,incomplete,0,0,-1,-1,-1,-1,-1,-1,-1,-1,-1,-1,-1,-1,-1,-1,-1,-1,,,,,,,,,,0.0,0.0,0.0,0.0,,,,,,,,,,,,,,,,,,,,,5,9,14,38,48,,,,,,,,,,,,,,,,,0,,,,1.3,1.45,12,/germany/fc-unterfohring-vs-moosinning-h2h-stats
18/09/2026 14:30,France,National 2 Group B,Angoulême,Aviron Bayonnais,N/A,N/A,N/A,N/A,N/A,Angoulême,Aviron Bayonnais,38,38,75,50,1789752600,Sep 18 2026 - 5:30pm,2.5,3.0,2.5,3.0,2.25,50,100,75,38,13,0,38,25,50,0,8.0,-1.75,0,0,0,incomplete,0,0,-1,-1,-1,-1,-1,-1,-1,-1,-1,-1,-1,-1,-1,-1,-1,-1,,,,,,,,,,0.97,1.28,0.0,0.0,,,,,,,,,,,,,,,,,,,,,0,25,63,88,100,,,,,,,,,,,,,,,,,25,,,,2.5,3.0,5,/france/aviron-bayonnais-fc-vs-angouleme-charente-fc-h2h-stats
18/09/2026 14:30,Germany,State Leagues Niederrhein 2,SC Velbert,Werden-Heidhausen,N/A,N/A,N/A,N/A,N/A,SC Velbert,Werden-Heidhausen,80,0,100,70,1789752600,Sep 18 2026 - 5:30pm,2.0,0.2,2.0,0.2,3.6,70,100,100,80,30,30,0,0,0,0,0.0,-2.0,0,0,0,incomplete,0,0,-1,-1,-1,-1,-1,-1,-1,-1,-1,-1,-1,-1,-1,-1,-1,-1,,,,,,,,,,0.0,0.0,0.0,0.0,,,,,,,,,,,,,,,,,,,,,0,0,20,70,70,,,,,,,,,,,,,,,,,0,,,,2.0,0.2,6,/germany/sc-velbert-vs-werden-heidhausen-h2h-stats
18/09/2026 14:30,Germany,Oberliga Bremen,Leher TS,Geestemünde,Gol Limite (Over 0.5 2HG),100%,@1.00,+75.0%,1.5u,Leher TS,Geestemünde,75,67,83,50,1789752600,Sep 18 2026 - 5:30pm,0.5,1.17,0.5,1.17,4.42,50,100,83,75,58,50,67,42,100,75,0.0,-2.0,0,0,0,incomplete,0,0,-1,-1,-1,-1,-1,-1,-1,-1,-1,-1,-1,-1,-1,-1,-1,-1,,,,,,,,,,0.0,0.0,0.0,0.0,,,,,,,,,,,,,,,,,,,,,0,17,25,42,50,,,,,,,,,,,,,,,,,17,,,,0.5,1.17,7,/germany/leher-turnerschaft-vs-esc-geestemunde-h2h-stats
18/09/2026 14:30,Germany,Oberliga Bremen,Oberneuland,Vatan Sport,Gol Limite (Over 0.5 2HG),92%,@1.09,+61.0%,1.5u,Oberneuland,Vatan Sport,82,92,100,65,1789752600,Sep 18 2026 - 5:30pm,0.4,1.17,0.4,1.17,5.49,65,100,100,82,82,64,92,55,92,82,0.0,-2.0,0,0,0,incomplete,0,0,-1,-1,-1,-1,-1,-1,-1,-1,-1,-1,-1,-1,-1,-1,-1,-1,,,,,,,,,,0.0,0.0,0.0,0.0,,,,,,,,,,,,,,,,,,,,,0,0,19,19,37,,,,,,,,,,,,,,,,,17,,,,0.4,1.17,7,/germany/fc-oberneuland-vs-ksv-vatan-sport-bremen-h2h-stats
18/09/2026 14:30,Argentina,Campeonato de Fútbol Femenino,Racing Club Women,Banfield W,Gol Limite (Over 0.5 2HG),74%,@1.35,+29.5%,1.5u,Racing Club Women,Banfield W,54,58,74,47,1789752600,Sep 18 2026 - 5:30pm,2.18,1.61,2.18,1.61,2.69,47,93,74,54,32,16,58,34,74,45,9.2,0.05,38,31,22,incomplete,0,0,-1,-1,-1,-1,-1,-1,-1,-1,-1,-1,-1,-1,-1,-1,-1,-1,1.5,3.87,5.89,,1.95,,,,,1.72,1.53,0.0,0.0,,,1.85,,,,,,,,,,,,,,,,,,7,27,47,69,84,,,,,,,,,,,,,,,,,15,,,,2.18,1.61,9,/argentina/racing-club-de-avellaneda-women-vs-ca-banfield-women-h2h-stats
18/09/2026 15:00,Argentina,Prim B Metro,Comunicaciones,Defensores Unidos,Gol Limite (Over 0.5 2HG),71%,@1.41,+24.2%,1.5u,Comunicaciones,Defensores Unidos,30,65,50,32,1789754400,Sep 18 2026 - 6:00pm,1.47,0.47,1.47,0.47,1.89,32,88,50,30,12,6,65,21,71,18,8.12,0.0,53,47,27,incomplete,0,0,-1,-1,-1,-1,-1,-1,-1,-1,-1,-1,-1,-1,-1,-1,-1,-1,1.72,3.15,4.1,1.44,2.41,4.5,8.8,2.14,1.6,1.13,1.05,0.0,0.0,6.15,2.43,1.41,1.13,1.01,1.35,,1.85,,,,,,,,,,,,,12,50,71,88,94,1.5,3.15,10.0,2.36,1.27,1.04,1.32,2.51,7.0,2.8,1.42,1.08,,,,,21,,,,1.43,1.06,36,/argentina/club-comunicaciones-de-buenos-aires-vs-ca-defensores-unidos-h2h-stats
18/09/2026 15:00,Croatia,Prva HNL,Rudeš,Slaven Koprivnica,Over 0.5 HT,100%,@1.00,+32.0%,1.5u,Rudeš,Slaven Koprivnica,75,100,88,34,1789754400,Sep 18 2026 - 6:00pm,1.0,0.0,1.0,0.0,3.79,34,100,88,75,50,34,100,75,88,50,5.5,3.17,29,13,13,incomplete,0,0,-1,-1,-1,-1,-1,-1,-1,-1,-1,-1,-1,-1,-1,-1,-1,-1,3.4,3.3,2.02,1.2,1.78,2.7,6.5,1.67,2.15,1.03,0.96,0.0,0.0,12.0,3.6,1.89,1.33,1.08,1.78,,1.25,,,1.28,1.54,1.96,2.53,3.48,3.08,2.22,1.74,1.42,1.23,0,13,25,50,67,1.32,2.63,5.65,3.02,1.44,1.08,1.18,1.97,3.9,3.98,1.76,1.18,,,,,17,2.61,7.15,1.74,0.43,0.86,8,/croatia/nk-rudes-vs-nk-slaven-belupo-koprivnica-h2h-stats
18/09/2026 15:00,Netherlands,Eredivisie,Groningen,PEC Zwolle,Over 1.5 FT,100%,@1.00,+9.0%,1.0u,Groningen,PEC Zwolle,84,84,100,84,1789754400,Sep 18 2026 - 6:00pm,1.33,1.33,1.33,1.33,3.67,84,100,100,84,67,17,84,67,84,84,10.0,2.66,67,33,17,incomplete,0,0,-1,-1,-1,-1,-1,-1,-1,-1,-1,-1,-1,-1,-1,-1,-1,-1,1.65,4.5,4.25,1.09,1.4,1.99,3.08,1.44,2.5,1.96,1.57,0.0,0.0,19.5,5.35,2.62,1.81,1.29,1.23,,2.31,,,1.2,1.4,1.92,2.1,2.65,3.72,2.57,2.0,1.62,1.36,0,0,17,33,84,1.22,2.1,4.8,3.55,1.65,1.14,1.08,1.59,3.0,5.2,2.15,1.37,,,,,67,1.3,10.75,4.33,1.33,0.67,7,/netherlands/fc-groningen-vs-pec-zwolle-h2h-stats
18/09/2026 15:00,Netherlands,Eerste Divisie,Utrecht II,VVV,Gol Limite (Over 0.5 2HG),88%,@1.14,+54.0%,1.5u,Utrecht II,VVV,63,88,88,63,1789754400,Sep 18 2026 - 6:00pm,1.0,1.5,1.0,1.5,4.25,63,88,88,63,63,50,88,63,88,63,8.75,2.25,88,63,38,incomplete,0,0,-1,-1,-1,-1,-1,-1,-1,-1,-1,-1,-1,-1,-1,-1,-1,-1,2.21,3.6,2.5,1.08,1.44,2.09,3.5,1.4,2.88,1.55,1.57,0.0,0.0,17.0,5.55,2.7,1.68,1.29,1.25,,1.51,,,1.15,1.3,1.55,1.93,2.47,3.75,2.97,2.2,1.76,1.44,13,13,38,38,50,1.22,2.04,4.8,4.0,1.67,1.13,1.15,1.67,3.1,5.65,2.1,1.32,,,,,13,1.85,9.1,2.17,0.88,2.0,7,/netherlands/fc-utrecht-ii-vs-vvv-venlo-h2h-stats
18/09/2026 15:00,Netherlands,Eerste Divisie,Ajax II,Roda JC,Gol Limite (Over 0.5 2HG),84%,@1.19,+47.0%,1.5u,Ajax II,Roda JC,34,67,67,50,1789754400,Sep 18 2026 - 6:00pm,1.0,1.33,1.0,1.33,3.5,50,100,67,34,34,34,67,34,84,50,9.0,3.67,84,67,50,incomplete,0,0,-1,-1,-1,-1,-1,-1,-1,-1,-1,-1,-1,-1,-1,-1,-1,-1,3.1,3.6,1.91,1.09,1.4,2.03,3.6,1.44,2.69,1.64,1.18,0.0,0.0,15.5,5.25,2.56,1.69,1.25,1.22,,1.3,,,1.17,1.28,1.53,1.9,2.44,3.59,3.05,2.24,1.76,1.45,0,34,67,67,67,1.22,2.02,4.3,3.55,1.68,1.15,1.14,1.64,2.86,5.3,2.14,1.33,,,,,34,2.49,9.1,1.7,0.88,1.83,7,/netherlands/sv-roda-jc-vs-afc-ajax-ii-h2h-stats
18/09/2026 15:00,Netherlands,Eerste Divisie,Eindhoven,Emmen,Gol Limite (Over 0.5 2HG),100%,@1.00,+75.0%,1.5u,Eindhoven,Emmen,100,100,100,75,1789754400,Sep 18 2026 - 6:00pm,1.0,1.5,1.0,1.5,5.5,75,100,100,100,84,42,100,84,100,84,13.33,3.0,67,67,67,incomplete,0,0,-1,-1,-1,-1,-1,-1,-1,-1,-1,-1,-1,-1,-1,-1,-1,-1,3.1,3.5,2.03,1.09,1.4,2.04,3.45,1.4,2.75,1.24,2.61,0.0,0.0,15.5,5.4,2.7,1.69,1.25,1.77,,1.26,,,1.18,1.32,1.59,1.99,2.56,3.47,2.88,2.13,1.71,1.41,0,0,0,17,59,1.2,2.1,4.1,3.8,1.71,1.17,1.09,1.63,3.1,5.45,2.16,1.33,,,,,59,2.46,9.1,1.7,1.17,2.0,7,/netherlands/fc-eindhoven-vs-fc-emmen-h2h-stats
18/09/2026 15:00,Netherlands,Eerste Divisie,Oss,Dordrecht,Gol Limite (Over 0.5 2HG),100%,@1.00,+75.0%,1.5u,Oss,Dordrecht,100,100,100,100,1789754400,Sep 18 2026 - 6:00pm,1.5,0.33,1.5,0.33,3.84,100,100,100,100,34,17,100,34,100,84,9.33,4.0,84,67,67,incomplete,0,0,-1,-1,-1,-1,-1,-1,-1,-1,-1,-1,-1,-1,-1,-1,-1,-1,2.4,3.72,2.55,1.14,1.58,2.38,4.6,1.47,2.45,1.32,1.27,0.0,0.0,13.2,4.6,2.25,1.46,1.17,1.3,,1.53,,,1.12,1.24,1.46,1.83,2.26,4.05,3.34,2.41,1.93,1.59,0,0,0,67,84,1.28,2.32,4.8,3.6,1.52,1.09,1.13,1.8,3.5,4.7,1.92,1.24,,,,,34,2.39,9.2,1.71,0.5,0.67,7,/netherlands/fc-dordrecht-vs-fc-oss-h2h-stats
18/09/2026 15:00,Netherlands,Eerste Divisie,RKC Waalwijk,MVV,Gol Limite (Over 0.5 2HG),100%,@1.00,+75.0%,1.5u,RKC Waalwijk,MVV,100,100,100,100,1789754400,Sep 18 2026 - 6:00pm,1.67,3.0,1.67,3.0,4.34,100,100,100,100,75,42,100,42,100,84,6.0,1.83,42,0,0,incomplete,0,0,-1,-1,-1,-1,-1,-1,-1,-1,-1,-1,-1,-1,-1,-1,-1,-1,1.65,4.0,4.33,1.13,1.45,2.22,3.77,1.49,2.4,1.77,1.32,0.0,0.0,15.0,5.5,2.49,1.66,1.22,1.2,,2.3,,,1.21,1.41,1.74,2.18,2.88,3.58,2.56,1.95,1.68,1.32,0,0,0,25,59,1.22,2.1,4.8,3.8,1.67,1.14,1.09,1.66,3.02,5.45,2.11,1.3,,,,,42,1.39,9.7,3.6,1.67,2.17,7,/netherlands/rkc-waalwijk-vs-mvv-h2h-stats
18/09/2026 15:00,Netherlands,Eerste Divisie,Almere City,Heracles,Gol Limite (Over 0.5 2HG),100%,@1.00,+75.0%,1.5u,Almere City,Heracles,75,75,75,75,1789754400,Sep 18 2026 - 6:00pm,1.5,3.0,1.5,3.0,4.25,75,100,75,75,75,34,75,59,100,75,13.83,2.83,100,84,42,incomplete,0,0,-1,-1,-1,-1,-1,-1,-1,-1,-1,-1,-1,-1,-1,-1,-1,-1,2.9,3.75,1.95,1.05,1.3,1.79,2.8,1.33,3.4,1.76,2.11,0.0,0.0,17.5,8.0,3.5,1.99,1.4,1.2,,1.33,,,1.14,1.27,1.5,1.86,2.36,3.87,3.14,2.31,1.82,1.48,0,25,25,25,67,1.17,1.98,3.8,4.1,1.93,1.25,1.11,1.48,2.47,6.4,2.42,1.46,,,,,25,2.54,9.3,1.67,2.17,3.0,7,/netherlands/heracles-almelo-vs-almere-city-fc-h2h-stats
18/09/2026 15:00,Netherlands,Eerste Divisie,AZ II,Volendam,Gol Limite (Over 0.5 2HG),100%,@1.00,+75.0%,1.5u,AZ II,Volendam,67,67,67,67,1789754400,Sep 18 2026 - 6:00pm,1.0,0.0,1.0,0.0,3.5,67,100,67,67,34,34,67,33,100,50,7.67,2.67,50,17,17,incomplete,0,0,-1,-1,-1,-1,-1,-1,-1,-1,-1,-1,-1,-1,-1,-1,-1,-1,2.62,3.7,2.1,1.05,1.36,1.85,2.87,1.31,3.1,1.65,1.02,0.0,0.0,18.5,7.5,2.97,1.88,1.41,1.25,,1.4,,,,,,,,,,,,,0,33,33,67,67,1.18,1.91,3.6,4.4,1.8,1.22,1.11,1.51,2.57,6.0,2.34,1.44,,,,,33,,,,1.25,1.5,7,/netherlands/fc-volendam-vs-alkmaar-zaanstreek-ii-h2h-stats
18/09/2026 15:00,Netherlands,Eerste Divisie,Den Bosch,Helmond Sport,Gol Limite (Over 0.5 2HG),100%,@1.00,+75.0%,1.5u,Den Bosch,Helmond Sport,84,84,100,100,1789754400,Sep 18 2026 - 6:00pm,1.33,0.0,1.33,0.0,4.34,100,100,100,84,59,59,84,84,100,75,14.67,2.33,84,59,59,incomplete,0,0,-1,-1,-1,-1,-1,-1,-1,-1,-1,-1,-1,-1,-1,-1,-1,-1,1.67,4.0,3.75,1.06,1.33,1.92,3.1,1.38,2.76,2.24,0.9,0.0,0.0,18.5,6.63,3.1,1.9,1.33,1.22,,2.07,,,1.14,1.24,1.46,1.79,2.24,3.89,3.34,2.41,1.89,1.53,0,0,17,42,42,1.18,1.91,3.9,4.4,1.8,1.22,1.1,1.53,2.6,5.3,2.3,1.42,,,,,67,1.67,9.3,2.54,0.67,1.33,7,/netherlands/helmond-sport-vs-fc-den-bosch-h2h-stats
18/09/2026 15:00,France,Ligue 2,Laval,Sochaux,Cantos Over 8.5,84%,@1.19,+27.7%,1.5u,Laval,Sochaux,50,67,67,50,1789754400,Sep 18 2026 - 6:00pm,1.0,1.0,1.0,1.0,1.84,50,67,67,50,0,0,67,50,67,0,6.67,2.66,84,50,50,incomplete,0,0,-1,-1,-1,-1,-1,-1,-1,-1,-1,-1,-1,-1,-1,-1,-1,-1,2.25,3.05,3.25,1.29,2.18,3.42,8.5,1.78,1.93,1.48,0.81,0.0,0.0,8.0,3.04,1.67,1.23,1.05,1.28,,1.6,,,1.27,1.52,1.94,2.38,3.0,2.85,2.27,1.77,1.44,1.25,34,34,50,100,100,1.4,2.86,8.0,2.51,1.36,1.05,1.23,2.19,4.75,3.48,1.61,1.12,,,,,17,1.82,8.5,2.3,0.67,1.5,7,/france/fc-sochaux-montbeliard-vs-stade-lavallois-mayenne-fc-h2h-stats
18/09/2026 15:00,France,Ligue 2,Pau,Dunkerque,Gol Limite (Over 0.5 2HG),84%,@1.19,+47.0%,1.5u,Pau,Dunkerque,25,84,67,42,1789754400,Sep 18 2026 - 6:00pm,0.33,0.5,0.33,0.5,2.67,42,100,67,25,25,25,84,25,84,25,12.33,6.33,75,42,25,incomplete,0,0,-1,-1,-1,-1,-1,-1,-1,-1,-1,-1,-1,-1,-1,-1,-1,-1,2.18,3.36,2.52,1.25,1.74,3.04,4.8,1.6,2.1,1.73,1.39,0.0,0.0,9.3,3.94,1.98,1.39,1.15,1.26,,1.62,,,1.31,1.58,2.11,2.63,3.58,2.92,2.15,1.7,1.37,1.21,0,34,75,75,75,1.34,2.5,5.2,3.21,1.45,1.07,1.17,1.92,3.74,4.1,1.8,1.2,,,,,25,1.89,8.4,2.25,0.83,1.33,7,/france/us-du-littoral-de-dunkerque-vs-pau-fc-h2h-stats
18/09/2026 15:00,France,Ligue 2,Rodez,Nancy,Gol Limite (Over 0.5 2HG),67%,@1.49,+17.3%,1.5u,Rodez,Nancy,34,34,34,34,1789754400,Sep 18 2026 - 6:00pm,1.33,1.33,1.33,1.33,1.84,34,84,34,34,34,0,34,17,67,17,11.34,3.66,50,34,34,incomplete,0,0,-1,-1,-1,-1,-1,-1,-1,-1,-1,-1,-1,-1,-1,-1,-1,-1,2.35,3.4,3.0,1.21,1.78,3.15,5.25,1.65,2.15,2.22,0.96,0.0,0.0,10.5,3.76,1.95,1.36,1.13,1.38,,1.57,,,1.23,1.44,1.79,2.19,3.04,3.48,2.47,1.94,1.53,1.29,17,67,67,67,100,1.31,2.45,7.0,3.08,1.44,1.08,1.22,1.97,3.98,3.8,1.76,1.18,,,,,17,1.65,8.2,2.76,1.17,1.17,7,/france/as-nancy-lorraine-vs-rodez-aveyron-football-h2h-stats
18/09/2026 15:00,France,Ligue 2,Annecy,Dijon,Over 1.5 FT,100%,@1.00,+22.0%,1.5u,Annecy,Dijon,0,67,100,75,1789754400,Sep 18 2026 - 6:00pm,2.0,1.0,2.0,1.0,2.0,75,100,100,0,0,0,67,25,75,34,11.5,4.33,84,67,67,incomplete,0,0,-1,-1,-1,-1,-1,-1,-1,-1,-1,-1,-1,-1,-1,-1,-1,-1,2.1,3.23,2.78,1.22,1.83,2.97,5.65,1.75,1.95,1.52,1.66,0.0,0.0,9.95,3.48,1.88,1.33,1.08,1.23,,1.69,,,1.41,1.78,2.23,3.08,4.4,2.56,1.93,1.55,1.28,1.14,0,0,100,100,100,1.38,2.89,7.5,2.92,1.4,1.05,1.25,2.03,4.6,3.9,1.62,1.17,,,,,25,1.82,7.4,2.47,1.67,1.0,7,/france/dijon-fco-vs-fc-annecy-h2h-stats
18/09/2026 15:00,France,Ligue 2,Reims,Montpellier,Gol Limite (Over 0.5 2HG),100%,@1.00,+75.0%,1.5u,Reims,Montpellier,67,67,67,67,1789754400,Sep 18 2026 - 6:00pm,1.67,2.0,1.67,2.0,3.34,67,100,67,67,67,17,67,33,100,67,7.67,4.67,67,50,50,incomplete,0,0,-1,-1,-1,-1,-1,-1,-1,-1,-1,-1,-1,-1,-1,-1,-1,-1,1.75,3.4,3.82,1.26,1.8,3.13,6.0,1.64,2.05,1.52,1.14,0.0,0.0,10.5,3.92,2.01,1.36,1.13,1.26,,1.93,,,1.32,1.6,2.05,2.71,3.29,2.72,2.08,1.7,1.38,1.2,0,34,34,34,84,1.33,2.74,6.5,3.1,1.44,1.06,1.22,1.92,4.33,4.33,1.73,1.2,,,,,33,1.85,7.7,2.71,2.0,1.83,7,/france/montpellier-hsc-vs-stade-de-reims-h2h-stats
18/09/2026 15:00,France,Ligue 2,Grenoble Foot 38,Clermont,Ambas Marcam (BTTS Yes),75%,@1.33,+46.2%,1.5u,Grenoble Foot 38,Clermont,50,50,75,75,1789754400,Sep 18 2026 - 6:00pm,0.5,0.5,0.5,0.5,2.25,75,75,75,50,25,0,50,0,75,50,9.5,2.5,75,50,50,incomplete,0,0,-1,-1,-1,-1,-1,-1,-1,-1,-1,-1,-1,-1,-1,-1,-1,-1,2.2,3.15,3.0,1.37,2.23,4.55,7.6,1.95,1.75,1.02,1.06,0.0,0.0,8.0,2.84,1.61,1.18,1.03,1.3,,1.54,,,1.38,1.69,2.48,2.88,4.0,2.7,2.01,1.6,1.34,1.17,25,25,50,75,100,1.5,2.95,7.9,2.57,1.3,1.03,1.28,2.38,6.0,3.0,1.5,1.09,,,,,0,2.22,6.4,1.75,1.17,0.83,7,/france/clermont-foot-63-vs-grenoble-foot-38-h2h-stats
18/09/2026 15:00,Belgium,First Division B,Club Brugge II,KAA Gent II,Gol Limite (Over 0.5 2HG),100%,@1.00,+75.0%,1.5u,Club Brugge II,KAA Gent II,50,75,75,25,1789754400,Sep 18 2026 - 6:00pm,1.5,1.5,1.5,1.5,3.0,25,100,75,50,50,25,75,0,100,50,5.0,3.5,25,25,0,incomplete,0,0,-1,-1,-1,-1,-1,-1,-1,-1,-1,-1,-1,-1,-1,-1,-1,-1,,,,1.2,1.66,2.6,4.5,1.53,2.3,1.26,0.88,0.0,0.0,12.3,4.47,2.12,1.48,1.19,1.22,,1.7,,,1.32,1.58,1.95,2.52,3.5,2.92,2.27,1.73,1.4,1.22,0,25,50,50,75,1.29,2.32,5.5,3.25,1.49,1.12,1.14,1.84,3.58,4.4,1.83,1.21,,,,,0,1.74,7.19,2.76,1.75,1.0,6,/belgium/club-brugge-kv-ii-vs-kaa-gent-b-h2h-stats
18/09/2026 15:00,Belgium,First Division B,Francs Borains,RSC Anderlecht II,Gol Limite (Over 0.5 2HG),100%,@1.00,+75.0%,1.5u,Francs Borains,RSC Anderlecht II,75,75,75,50,1789754400,Sep 18 2026 - 6:00pm,1.5,0.5,1.5,0.5,2.75,50,100,75,75,25,0,75,25,100,50,11.5,3.5,75,25,25,incomplete,0,0,-1,-1,-1,-1,-1,-1,-1,-1,-1,-1,-1,-1,-1,-1,-1,-1,,,,1.16,1.61,2.63,4.33,1.55,2.3,1.5,1.47,0.0,0.0,12.2,4.05,2.13,1.47,1.14,1.18,,1.85,,,1.17,1.39,1.89,2.11,2.7,3.86,2.7,2.03,1.64,1.36,0,25,25,75,100,1.3,2.46,5.15,3.25,1.5,1.12,1.15,1.91,3.5,4.3,1.83,1.22,,,,,25,1.67,7.6,2.89,2.25,0.2,6,/belgium/royal-francs-borains-vs-rsc-anderlecht-futures-h2h-stats
18/09/2026 15:00,Romania,Liga I,Rapid Bucureşti,Argeș,Cantos Over 9.5,68%,@1.47,+35.3%,1.5u,Rapid Bucureşti,Argeș,20,68,43,30,1789754400,Sep 18 2026 - 6:00pm,2.0,0.75,2.0,0.75,1.73,30,100,43,20,10,0,68,23,63,10,12.0,4.45,68,68,58,incomplete,0,0,-1,-1,-1,-1,-1,-1,-1,-1,-1,-1,-1,-1,-1,-1,-1,-1,1.65,3.5,5.35,1.33,2.07,4.1,8.5,2.05,1.67,2.02,1.65,0.0,0.0,7.9,2.96,1.66,1.23,1.03,1.11,,2.25,,,1.31,1.6,1.99,2.62,3.6,2.96,2.17,1.68,1.38,1.2,0,58,80,90,100,1.45,2.91,8.0,2.49,1.3,1.05,1.25,2.5,5.5,3.32,1.55,1.1,,,,,0,1.49,7.8,3.62,2.0,1.22,10,/romania/fc-arges-pitesti-vs-fc-rapid-bucuresti-h2h-stats
18/09/2026 15:00,Germany,Oberliga Hamburg,Eintracht Norderstedt II,ETSV Hamburg,Gol Limite (Over 0.5 2HG),100%,@1.00,+75.0%,1.5u,Eintracht Norderstedt II,ETSV Hamburg,75,100,100,67,1789754400,Sep 18 2026 - 6:00pm,0.0,2.0,0.0,2.0,4.42,67,100,100,75,59,59,100,50,100,59,0.0,0.0,0,0,0,incomplete,0,0,-1,-1,-1,-1,-1,-1,-1,-1,-1,-1,-1,-1,-1,-1,-1,-1,,,,,,,,,,0.0,0.0,0.0,0.0,,,,,,,,,,,,,,,,,,,,,0,0,25,42,42,,,,,,,,,,,,,,,,,17,,,,0.0,1.17,8,/germany/etsv-hamburg-von-1924-ev-vs-eintracht-norderstedt-ii-h2h-stats
18/09/2026 15:00,Switzerland,1. Liga Classic,Schötz,Black Stars,N/A,N/A,N/A,N/A,N/A,Schötz,Black Stars,42,9,50,50,1789754400,Sep 18 2026 - 6:00pm,1.33,1.17,1.33,1.17,2.5,50,84,50,42,42,25,9,9,9,9,5.0,-2.0,50,50,0,incomplete,0,0,-1,-1,-1,-1,-1,-1,-1,-1,-1,-1,-1,-1,-1,-1,-1,-1,,,,,,,,,,1.93,0.0,0.0,0.0,,,,,,,,,,,,,,,,,,,,,17,50,58,58,75,,,,,,,,,,,,,,,,,0,,,,1.33,1.17,7,/switzerland/fc-black-stars-basel-vs-fc-schotz-h2h-stats
18/09/2026 15:00,Poland,3 Liga Group 3,Odra Bytom Odrzański,Barycz Sułów,Gol Limite (Over 0.5 2HG),69%,@1.45,+20.8%,1.5u,Odra Bytom Odrzański,Barycz Sułów,44,69,57,32,1789754400,Sep 18 2026 - 6:00pm,2.13,2.38,2.13,2.38,2.19,32,94,57,44,19,7,69,26,69,38,13.08,-1.63,92,84,63,incomplete,0,0,-1,-1,-1,-1,-1,-1,-1,-1,-1,-1,-1,-1,-1,-1,-1,-1,2.32,3.35,2.5,1.2,1.7,2.62,4.9,1.53,2.3,1.46,1.79,0.0,0.0,,4.1,2.06,1.38,1.11,1.21,,1.39,,,,,,,,,,,,,7,44,57,82,94,1.27,2.42,6.5,3.18,1.45,1.08,1.17,1.87,,4.4,1.8,,,,,,13,,,,2.13,2.38,9,/poland/miejski-klub-sportowy-odra-bytom-odrzanski-vs-lks-barycz-sulow-h2h-stats
18/09/2026 15:00,Austria,Landesliga Burgenland,Neusiedl,Oberpullendorf,Gol Limite (Over 0.5 2HG),67%,@1.49,+17.3%,1.5u,Neusiedl,Oberpullendorf,67,59,83,59,1789754400,Sep 18 2026 - 6:00pm,2.0,1.0,2.0,1.0,2.92,59,92,83,67,33,17,59,50,67,25,9.75,-1.83,75,25,13,incomplete,0,0,-1,-1,-1,-1,-1,-1,-1,-1,-1,-1,-1,-1,-1,-1,-1,-1,1.49,4.2,4.8,,1.44,,,,,1.9,1.32,0.0,0.0,,,2.62,,,,,,,,,,,,,,,,,,9,17,34,67,84,,,,,,,,,,,,,,,,,50,,,,2.0,1.0,7,/austria/sc-neusiedl-am-see-1919-vs-sc-oberpullendorf-h2h-stats
18/09/2026 15:00,Germany,State Leagues Lüneburg,Hagen / Uthlede,Treubund Lüneburg,N/A,N/A,N/A,N/A,N/A,Hagen / Uthlede,Treubund Lüneburg,67,0,84,75,1789754400,Sep 18 2026 - 6:00pm,1.83,1.17,1.83,1.17,3.75,75,100,84,67,59,17,0,0,0,0,0.0,-2.0,0,0,0,incomplete,0,0,-1,-1,-1,-1,-1,-1,-1,-1,-1,-1,-1,-1,-1,-1,-1,-1,,,,,,,,,,0.0,0.0,0.0,0.0,,,,,,,,,,,,,,,,,,,,,0,17,34,42,84,,,,,,,,,,,,,,,,,0,,,,1.83,1.17,7,/germany/fc-hagen-uthlede-vs-mtv-treubund-luneburg-h2h-stats
18/09/2026 15:00,Switzerland,2. Liga Interregional Group 3,Kirchberg,Köniz,N/A,N/A,N/A,N/A,N/A,Kirchberg,Köniz,75,50,88,75,1789754400,Sep 18 2026 - 6:00pm,2.25,1.0,2.25,1.0,4.13,75,100,88,75,75,38,50,25,50,13,2.0,-2.0,0,0,0,incomplete,0,0,-1,-1,-1,-1,-1,-1,-1,-1,-1,-1,-1,-1,-1,-1,-1,-1,,,,,,,,,,0.0,0.99,0.0,0.0,,,,,,,,,,,,,,,,,,,,,0,13,25,25,63,,,,,,,,,,,,,,,,,50,,,,2.25,1.0,5,/switzerland/fc-koniz-vs-fc-kirchberg-be-h2h-stats
18/09/2026 15:00,Germany,State Leagues Niederrhein 1,Victoria Mennrath,Viktoria Goch,N/A,N/A,N/A,N/A,N/A,Victoria Mennrath,Viktoria Goch,90,0,90,80,1789754400,Sep 18 2026 - 6:00pm,1.6,0.6,1.6,0.6,4.5,80,90,90,90,80,70,0,0,0,0,0.0,-2.0,0,0,0,incomplete,0,0,-1,-1,-1,-1,-1,-1,-1,-1,-1,-1,-1,-1,-1,-1,-1,-1,,,,,,,,,,0.0,0.0,0.0,0.0,,,,,,,,,,,,,,,,,,,,,10,10,10,20,30,,,,,,,,,,,,,,,,,0,,,,1.6,0.6,6,/germany/sc-victoria-mennrath-1921-vs-viktoria-goch-h2h-stats
18/09/2026 15:00,Germany,State Leagues Niederrhein 2,Bergisch Born,Neuss-Gnadental,N/A,N/A,N/A,N/A,N/A,Bergisch Born,Neuss-Gnadental,100,0,100,90,1789754400,Sep 18 2026 - 6:00pm,0.8,1.8,0.8,1.8,4.4,90,100,100,100,60,50,0,0,0,0,0.0,-2.0,0,0,0,incomplete,0,0,-1,-1,-1,-1,-1,-1,-1,-1,-1,-1,-1,-1,-1,-1,-1,-1,,,,,,,,,,0.0,0.0,0.0,0.0,,,,,,,,,,,,,,,,,,,,,0,0,0,40,50,,,,,,,,,,,,,,,,,0,,,,0.8,1.8,6,/germany/ssv-bergisch-born-1931-vs-neuss-gnadental-h2h-stats
18/09/2026 15:00,Germany,State Leagues Weser Ems,Lohne II,Eintracht Nordhorn,N/A,N/A,N/A,N/A,N/A,Lohne II,Eintracht Nordhorn,79,0,100,50,1789754400,Sep 18 2026 - 6:00pm,1.29,3.0,1.29,3.0,3.58,50,100,100,79,50,7,0,0,0,0,0.0,-2.0,0,0,0,incomplete,0,0,-1,-1,-1,-1,-1,-1,-1,-1,-1,-1,-1,-1,-1,-1,-1,-1,,,,,,,,,,0.0,0.0,0.0,0.0,,,,,,,,,,,,,,,,,,,,,0,0,22,50,93,,,,,,,,,,,,,,,,,0,,,,1.29,3.0,8,/germany/eintracht-nordhorn-vs-tus-blau-weiss-lohne-ii-h2h-stats
18/09/2026 15:00,Poland,4 Liga Mazowiecka,Victoria Sulejówek,Oskar Przysucha,N/A,N/A,N/A,N/A,N/A,Victoria Sulejówek,Oskar Przysucha,64,65,72,64,1789754400,Sep 18 2026 - 6:00pm,0.71,1.14,0.71,1.14,3.57,64,100,72,64,57,36,65,29,50,50,0.0,-2.0,0,0,0,incomplete,0,0,-1,-1,-1,-1,-1,-1,-1,-1,-1,-1,-1,-1,-1,-1,-1,-1,2.09,3.54,2.87,,1.5,,,,,0.0,0.0,0.0,0.0,,,2.5,,,,,,,,,,,,,,,,,,0,29,36,43,64,,,,,,,,,,,,,,,,,13,,,,0.71,1.14,8,/poland/mlks-victoria-sulejowek-vs-mks-oskar-przysucha-h2h-stats
18/09/2026 15:00,Bosnia and Herzegovina,Premier League of Bosnia,Željezničar,Čelik,Gol Limite (Over 0.5 2HG),88%,@1.14,+54.0%,1.5u,Željezničar,Čelik,50,50,88,63,1789754400,Sep 18 2026 - 6:00pm,2.5,0.25,2.5,0.25,2.63,63,88,88,50,25,13,50,25,88,63,8.25,2.25,63,38,13,incomplete,0,0,-1,-1,-1,-1,-1,-1,-1,-1,-1,-1,-1,-1,-1,-1,-1,-1,1.82,3.35,4.0,1.33,1.99,2.8,7.5,1.83,1.91,1.17,1.1,0.0,0.0,8.8,3.09,1.75,1.22,1.06,1.24,,1.78,,,,,,,,,,,,,13,13,50,75,88,1.36,2.77,4.33,2.8,1.35,1.08,1.25,2.18,4.8,3.6,1.58,1.14,,,,,13,,,,1.57,1.0,8,/bosnia-and-herzegovina/fk-zeljeznicar-sarajevo-vs-nk-celik-zenica-h2h-stats
18/09/2026 15:00,Iraq,Iraqi Premier League,Al Talaba,Al Jolan SC,Gol Limite (Over 0.5 2HG),67%,@1.49,+17.3%,1.5u,Al Talaba,Al Jolan SC,33,33,33,33,1789754400,Sep 18 2026 - 6:00pm,2.33,1.67,2.33,1.67,2.17,33,67,33,33,33,33,33,33,67,33,7.33,3.0,17,17,0,incomplete,0,0,-1,-1,-1,-1,-1,-1,-1,-1,-1,-1,-1,-1,-1,-1,-1,-1,1.8,3.35,4.32,,2.2,,,,,1.78,1.14,0.0,0.0,,,1.65,,,,,,,,,,,,,,,,,,33,67,67,67,67,,,,,,,,,,,,,,,,,33,,,,1.29,1.29,8,/iraq/al-talaba-fc-vs-al-jolan-sc-h2h-stats
18/09/2026 15:00,Iraq,Iraqi Premier League,Al Minaa Basra,Duhok,Over 1.5 FT,84%,@1.19,+15.9%,1.5u,Al Minaa Basra,Duhok,54,71,84,59,1789754400,Sep 18 2026 - 6:00pm,1.75,0.67,1.75,0.67,2.54,59,84,84,54,17,17,71,54,71,29,9.92,3.08,59,29,29,incomplete,0,0,-1,-1,-1,-1,-1,-1,-1,-1,-1,-1,-1,-1,-1,-1,-1,-1,2.69,3.0,2.3,1.38,2.35,4.2,8.1,1.91,1.77,1.18,1.33,0.0,0.0,7.1,2.62,1.57,1.16,1.03,1.46,,1.3,,,,,,,,,,,,,17,17,46,84,84,1.46,3.24,7.6,2.39,1.26,1.04,1.28,2.39,5.3,3.12,1.46,1.11,,,,,29,,,,1.14,1.14,8,/iraq/al-minaa-basra-fc-vs-duhok-h2h-stats
18/09/2026 15:00,Luxembourg,Luxembourg Cup,SC Ell,Jeunesse Canach,N/A,N/A,N/A,N/A,N/A,SC Ell,Jeunesse Canach,50,0,50,50,1789754400,Sep 18 2026 - 6:00pm,3.0,0.0,3.0,0.0,2.0,50,50,50,50,50,0,0,0,0,0,0.0,-1.0,0,0,0,incomplete,0,0,-1,-1,-1,-1,-1,-1,-1,-1,-1,-1,-1,-1,-1,-1,-1,-1,,,,,,,,,,0.0,0.0,0.0,0.0,,,,,,,,,,,,,,,,,,,,,0,0,0,0,50,,,,,,,,,,,,,,,,,0,,,,3.0,0.0,0,/luxembourg/fc-jeunesse-canach-vs-sc-ell-h2h-stats
18/09/2026 15:00,Argentina,Campeonato de Fútbol Femenino,Ferro Carril Oeste Women,Huracán Women,Gol Limite (Over 0.5 2HG),65%,@1.54,+13.7%,1.0u,Ferro Carril Oeste Women,Huracán Women,31,47,56,36,1789754400,Sep 18 2026 - 6:00pm,1.32,0.91,1.32,0.91,2.07,36,87,56,31,18,9,47,25,65,29,7.03,0.23,29,25,16,incomplete,0,0,-1,-1,-1,-1,-1,-1,-1,-1,-1,-1,-1,-1,-1,-1,-1,-1,1.7,3.3,4.83,,2.37,,,,,1.18,1.05,0.0,0.0,,,1.53,,,,,,,,,,,,,,,,,,14,44,69,82,91,,,,,,,,,,,,,,,,,25,,,,1.32,0.91,9,/argentina/ca-huracan-women-vs-club-ferro-carril-oeste-women-h2h-stats
18/09/2026 15:15,Switzerland,Challenge League,Winterthur,Aarau,Gol Limite (Over 0.5 2HG),100%,@1.00,+75.0%,1.5u,Winterthur,Aarau,88,71,100,59,1789755300,Sep 18 2026 - 6:15pm,2.0,0.33,2.0,0.33,3.54,59,100,100,88,54,13,71,59,100,59,11.0,3.17,54,54,42,incomplete,0,0,-1,-1,-1,-1,-1,-1,-1,-1,-1,-1,-1,-1,-1,-1,-1,-1,2.21,3.6,2.85,1.09,1.43,2.16,3.58,1.4,2.62,1.89,1.75,0.0,0.0,17.0,5.25,2.46,1.6,1.27,1.2,,1.56,,,1.27,1.55,2.2,2.46,3.35,3.14,2.27,1.79,1.46,1.25,0,0,13,46,88,1.2,2.08,5.0,3.74,1.63,1.14,1.09,1.65,3.04,5.35,2.06,1.29,,,,,0,1.84,7.16,2.55,1.88,1.5,9,/switzerland/fc-aarau-vs-fc-winterthur-h2h-stats
18/09/2026 15:15,Austria,Landesliga Tirol,Münster,Völs,N/A,N/A,N/A,N/A,N/A,Münster,Völs,64,50,79,57,1789755300,Sep 18 2026 - 6:15pm,0.71,1.43,0.71,1.43,3.0,57,100,79,64,36,22,50,22,29,22,0.0,-2.0,0,0,0,incomplete,0,0,-1,-1,-1,-1,-1,-1,-1,-1,-1,-1,-1,-1,-1,-1,-1,-1,,,,,,,,,,0.0,0.0,0.0,0.0,,,,,,,,,,,,,,,,,,,,,0,22,36,64,79,,,,,,,,,,,,,,,,,50,,,,0.71,1.43,8,/austria/sv-vols-vs-sc-munster-h2h-stats
18/09/2026 15:30,Poland,Ekstraklasa,Wisła Kraków,Śląsk Wrocław,Over 1.5 FT,100%,@1.00,+15.0%,1.0u,Wisła Kraków,Śląsk Wrocław,63,75,100,75,1789756200,Sep 18 2026 - 6:30pm,3.0,0.25,3.0,0.25,2.63,75,100,100,63,0,0,75,25,88,50,10.25,2.5,75,75,75,incomplete,0,0,-1,-1,-1,-1,-1,-1,-1,-1,-1,-1,-1,-1,-1,-1,-1,-1,1.66,3.8,4.0,1.15,1.57,2.4,3.98,1.57,2.25,1.87,1.51,0.0,0.0,16.5,4.4,2.21,1.52,1.17,1.15,,2.15,,,1.19,1.38,1.67,2.07,2.78,3.78,2.6,2.03,1.59,1.34,0,0,38,100,100,1.25,2.19,4.55,3.46,1.58,1.14,1.13,1.75,3.5,4.6,1.94,1.26,,,,,13,1.47,7.6,3.48,1.75,0.75,9,/poland/wisla-krakow-vs-wks-slask-wroclaw-h2h-stats
18/09/2026 15:30,Scotland,Championship,Queen's Park,Ayr United,Over 0.5 HT,84%,@1.19,+14.2%,1.0u,Queen's Park,Ayr United,34,84,84,50,1789756200,Sep 18 2026 - 6:30pm,1.0,0.33,1.0,0.33,2.17,50,100,84,34,0,0,84,50,50,34,8.34,4.0,50,50,50,incomplete,0,0,-1,-1,-1,-1,-1,-1,-1,-1,-1,-1,-1,-1,-1,-1,-1,-1,3.1,3.2,2.05,1.33,2.08,3.5,7.2,1.79,1.9,1.21,0.65,0.0,0.0,8.9,3.22,1.75,1.22,1.03,1.26,,1.25,,,1.17,1.38,1.88,2.1,2.72,3.82,2.68,2.04,1.65,1.37,0,17,67,100,100,1.36,3.0,7.9,2.8,1.36,1.08,1.22,2.2,4.95,3.5,1.57,1.11,,,,,33,2.95,7.65,1.65,0.67,0.83,7,/scotland/ayr-united-fc-vs-queens-park-fc-h2h-stats
18/09/2026 15:30,Scotland,SWPL 1,Celtic W,Motherwell W,Gol Limite (Over 0.5 2HG),75%,@1.33,+31.2%,1.5u,Celtic W,Motherwell W,75,75,100,25,1789756200,Sep 18 2026 - 6:30pm,3.0,1.5,3.0,1.5,4.0,25,100,100,75,50,25,75,75,75,75,13.5,0.0,50,25,25,incomplete,0,0,-1,-1,-1,-1,-1,-1,-1,-1,-1,-1,-1,-1,-1,-1,-1,-1,,,,,,,,,,2.04,0.69,0.0,0.0,,,,,,,,,,,,,,,,,,,,,0,0,25,50,75,,,,,,,,,,,,,,,,,0,,,,3.0,0.75,5,/scotland/celtic-fc-women-vs-motherwell-lfc-h2h-stats
18/09/2026 15:30,Malta,Maltese Premier League,Hamrun Spartans,Marsaxlokk,Over 0.5 HT,90%,@1.11,+19.7%,1.5u,Hamrun Spartans,Marsaxlokk,30,90,80,60,1789756200,Sep 18 2026 - 6:30pm,1.4,2.2,1.4,2.2,2.5,60,100,80,30,10,10,90,40,80,10,14.8,1.8,90,80,70,incomplete,0,0,-1,-1,-1,-1,-1,-1,-1,-1,-1,-1,-1,-1,-1,-1,-1,-1,,,,1.26,1.9,3.25,5.8,1.72,1.93,1.49,1.43,0.0,0.0,7.85,3.2,1.9,1.28,1.09,1.25,,1.73,,,,,,,,,,,,,0,20,70,90,90,1.33,2.64,6.3,2.73,1.38,1.07,1.21,2.1,4.2,3.9,1.63,1.18,,,,,17,,,,1.4,2.2,6,/malta/hamrun-spartans-fc-vs-marsaxlokk-fc-h2h-stats
18/09/2026 15:30,Austria,2. Liga,Blau-Weiß Linz,Admira,Gol Limite (Over 0.5 2HG),100%,@1.00,+75.0%,1.5u,Blau-Weiß Linz,Admira,84,100,100,67,1789756200,Sep 18 2026 - 6:30pm,3.0,2.0,3.0,2.0,3.84,67,100,100,84,50,34,100,33,100,67,7.0,2.66,84,67,50,incomplete,0,0,-1,-1,-1,-1,-1,-1,-1,-1,-1,-1,-1,-1,-1,-1,-1,-1,1.52,3.95,5.21,1.13,1.44,2.03,3.2,1.51,2.38,1.67,1.47,0.0,0.0,16.5,5.92,2.62,1.69,1.26,1.17,,2.25,,,1.28,1.53,2.3,2.5,3.34,3.08,2.19,1.73,1.42,1.24,0,0,17,50,67,1.2,2.03,4.15,4.0,1.7,1.17,1.09,1.59,3.1,5.0,2.05,1.36,,,,,0,1.48,9.0,3.08,2.5,1.5,7,/austria/fc-admira-wacker-modling-vs-fc-blau-weiss-linz-h2h-stats
18/09/2026 15:30,Germany,Bundesliga,Bayern München,Union Berlin,Cantos Over 10.5,100%,@1.00,+78.0%,1.5u,Bayern München,Union Berlin,100,100,100,50,1789756200,Sep 18 2026 - 6:30pm,3.0,0.0,3.0,0.0,5.0,50,100,100,100,100,50,100,50,100,100,10.0,3.0,100,100,100,incomplete,0,0,-1,-1,-1,-1,-1,-1,-1,-1,-1,-1,-1,-1,-1,-1,-1,-1,1.09,13.5,19.0,1.03,1.11,1.3,1.81,1.76,1.97,2.4,0.63,0.0,0.0,50.0,19.0,6.25,3.26,2.01,1.01,,11.0,,,1.11,1.23,1.41,1.78,2.23,4.2,3.34,2.46,1.94,1.59,0,0,0,0,50,1.09,1.44,2.4,6.7,2.78,1.59,1.02,1.27,1.89,13.0,3.58,1.94,,,,,0,1.17,13.75,6.6,2.33,0.33,4,/germany/fc-bayern-munchen-vs-1-fc-union-berlin-h2h-stats
18/09/2026 15:30,Spain,Segunda División,Albacete Balompié,Córdoba,Over 0.5 HT,100%,@1.00,+28.0%,1.5u,Albacete Balompié,Córdoba,75,100,75,75,1789756200,Sep 18 2026 - 6:30pm,0.0,0.0,0.0,0.0,3.5,75,100,75,75,50,50,100,75,75,25,12.0,5.5,50,50,50,incomplete,0,0,-1,-1,-1,-1,-1,-1,-1,-1,-1,-1,-1,-1,-1,-1,-1,-1,2.35,3.55,2.8,1.18,1.7,2.7,5.0,1.52,2.3,1.62,1.93,0.0,0.0,10.5,4.33,2.22,1.45,1.15,1.26,,1.57,,,1.16,1.36,1.61,2.05,2.55,4.05,2.78,2.09,1.67,1.39,0,25,25,50,50,1.28,2.34,6.0,3.24,1.51,1.11,1.22,1.84,3.48,4.4,1.88,1.23,,,,,50,2.14,7.9,1.98,0.2,0.6,6,/spain/cordoba-cf-vs-albacete-balompie-h2h-stats
18/09/2026 15:30,Switzerland,2. Liga Interregional Group 1,Collex-Bossy,Concordia Lausanne,N/A,N/A,N/A,N/A,N/A,Collex-Bossy,Concordia Lausanne,100,38,100,100,1789756200,Sep 18 2026 - 6:30pm,1.75,1.5,1.75,1.5,5.25,100,100,100,100,100,63,38,25,38,38,6.0,-2.0,50,0,0,incomplete,0,0,-1,-1,-1,-1,-1,-1,-1,-1,-1,-1,-1,-1,-1,-1,-1,-1,,,,,,,,,,1.69,0.0,0.0,0.0,,,,,,,,,,,,,,,,,,,,,0,0,0,0,38,,,,,,,,,,,,,,,,,50,,,,1.75,1.5,5,/switzerland/fc-concordia-lausanne-vs-fc-collex-bossy-h2h-stats
18/09/2026 15:30,England,Counties Leagues Northern League One,Newcastle Blue Star,North Shields FC,N/A,N/A,N/A,N/A,N/A,Newcastle Blue Star,North Shields FC,75,0,91,80,1789756200,Sep 18 2026 - 6:30pm,1.27,1.54,1.27,1.54,4.05,80,100,91,75,61,37,0,0,4,4,0.0,-2.0,0,0,0,incomplete,0,0,-1,-1,-1,-1,-1,-1,-1,-1,-1,-1,-1,-1,-1,-1,-1,-1,,,,,,,,,,0.0,0.0,0.0,0.0,,,,,,,,,,,,,,,,,,,,,0,9,25,39,63,,,,,,,,,,,,,,,,,0,,,,1.27,1.54,0,/england/north-shields-fc-vs-newcastle-blue-star-h2h-stats
18/09/2026 15:30,England,Counties Leagues Northern League One,Horden CW,Newton Aycliffe,N/A,N/A,N/A,N/A,N/A,Horden CW,Newton Aycliffe,52,4,74,61,1789756200,Sep 18 2026 - 6:30pm,1.33,1.55,1.33,1.55,3.12,61,100,74,52,43,26,4,0,9,9,0.0,-2.0,0,0,0,incomplete,0,0,-1,-1,-1,-1,-1,-1,-1,-1,-1,-1,-1,-1,-1,-1,-1,-1,,,,,,,,,,0.0,0.0,0.0,0.0,,,,,,,,,,,,,,,,,,,,,0,26,49,57,75,,,,,,,,,,,,,,,,,0,,,,1.33,1.55,0,/england/newton-aycliffe-fc-vs-horden-community-welfare-fc-h2h-stats
18/09/2026 15:30,England,Counties Leagues Northern League One,Birtley Town,Newcastle Benfield,N/A,N/A,N/A,N/A,N/A,Birtley Town,Newcastle Benfield,86,10,95,63,1789756200,Sep 18 2026 - 6:30pm,1.6,0.36,1.6,0.36,4.28,63,100,95,86,58,35,10,5,10,10,0.0,-2.0,0,0,0,incomplete,0,0,-1,-1,-1,-1,-1,-1,-1,-1,-1,-1,-1,-1,-1,-1,-1,-1,,,,,,,,,,0.0,0.0,0.0,0.0,,,,,,,,,,,,,,,,,,,,,0,5,14,42,66,,,,,,,,,,,,,,,,,0,,,,1.6,0.36,0,/england/newcastle-benfield-fc-vs-birtley-town-fc-h2h-stats
18/09/2026 15:30,England,Counties Leagues Northern League One,Easington Colliery,Yarm & Eaglescliffe,N/A,N/A,N/A,N/A,N/A,Easington Colliery,Yarm & Eaglescliffe,60,10,75,65,1789756200,Sep 18 2026 - 6:30pm,2.5,2.0,2.5,2.0,3.55,65,100,75,60,50,40,10,0,5,5,0.0,-2.0,0,0,0,incomplete,0,0,-1,-1,-1,-1,-1,-1,-1,-1,-1,-1,-1,-1,-1,-1,-1,-1,,,,,,,,,,0.0,0.0,0.0,0.0,,,,,,,,,,,,,,,,,,,,,0,25,40,50,60,,,,,,,,,,,,,,,,,0,,,,2.5,2.0,0,/england/easington-colliery-afc-vs-yarm-eaglescliffe-h2h-stats
18/09/2026 15:30,Italy,Serie B,Juve Stabia,Cesena,Over 2.5 FT,100%,@1.00,+93.0%,1.5u,Juve Stabia,Cesena,100,100,100,50,1789756200,Sep 18 2026 - 6:30pm,0.0,3.0,0.0,3.0,3.0,50,100,100,100,0,0,100,50,50,50,6.0,4.0,0,0,0,incomplete,0,0,-1,-1,-1,-1,-1,-1,-1,-1,-1,-1,-1,-1,-1,-1,-1,-1,2.25,3.25,3.0,1.26,1.93,3.05,7.09,1.7,1.95,1.4,0.81,0.0,0.0,8.3,3.2,1.73,1.31,1.11,1.31,,1.57,,,1.23,1.44,2.0,2.27,3.04,3.1,2.39,1.93,1.52,1.31,0,0,0,100,100,1.38,2.75,8.0,2.75,1.4,1.08,1.21,2.08,4.25,3.64,1.68,1.16,,,,,50,1.67,8.9,2.63,1.0,1.5,5,/italy/ac-cesena-vs-ss-juve-stabia-h2h-stats
18/09/2026 15:30,Scotland,Regional Leagues North JFA,Dyce Juniors,Longside,N/A,N/A,N/A,N/A,N/A,Dyce Juniors,Longside,75,0,82,82,1789756200,Sep 18 2026 - 6:30pm,2.75,2.0,2.75,2.0,3.59,82,94,82,75,48,28,0,0,0,0,0.0,-2.0,0,0,0,incomplete,0,0,-1,-1,-1,-1,-1,-1,-1,-1,-1,-1,-1,-1,-1,-1,-1,-1,,,,,,,,,,0.0,0.0,0.0,0.0,,,,,,,,,,,,,,,,,,,,,7,19,26,52,73,,,,,,,,,,,,,,,,,0,,,,2.75,2.0,0,/scotland/dyce-juniors-fc-vs-longside-fc-h2h-stats
18/09/2026 15:30,Wales,Welsh Cup,Swansea University,Trethomas Bluebirds,N/A,N/A,N/A,N/A,N/A,Swansea University,Trethomas Bluebirds,0,0,0,0,1789756200,Sep 18 2026 - 6:30pm,0.0,0.0,0.0,0.0,0.0,0,0,0,0,0,0,0,0,0,0,0.0,0.0,0,0,0,incomplete,0,0,-1,-1,-1,-1,-1,-1,-1,-1,-1,-1,-1,-1,-1,-1,-1,-1,,,,,,,,,,0.0,0.0,0.0,0.0,,,,,,,,,,,,,,,,,,,,,0,0,0,0,0,,,,,,,,,,,,,,,,,0,,,,0.0,0.0,0,/wales/swansea-university-fc-vs-trethomas-bluebirds-fc-h2h-stats
18/09/2026 15:30,Republic of Ireland,Munster Senior League,Ringmahon Rangers,Douglas Hall,Gol Limite (Over 0.5 2HG),100%,@1.00,+75.0%,1.5u,Ringmahon Rangers,Douglas Hall,75,75,75,50,1789756200,Sep 18 2026 - 6:30pm,3.0,3.0,3.0,3.0,3.5,50,100,75,75,50,50,75,25,100,75,5.0,0.0,50,50,0,incomplete,0,0,-1,-1,-1,-1,-1,-1,-1,-1,-1,-1,-1,-1,-1,-1,-1,-1,1.51,4.0,5.07,,,,,,,1.91,2.49,0.0,0.0,,,,,,,,,,,,,,,,,,,,,0,25,25,50,50,,,,,,,,,,,,,,,,,0,,,,2.5,2.5,0,/republic-of-ireland/ringmahon-rangers-afc-vs-douglas-hall-h2h-stats
18/09/2026 15:30,Wales,Welsh Cup,Seven Sisters Onllwyn,Radnor Valley,N/A,N/A,N/A,N/A,N/A,Seven Sisters Onllwyn,Radnor Valley,0,0,0,0,1789756200,Sep 18 2026 - 6:30pm,0.0,0.0,0.0,0.0,0.0,0,0,0,0,0,0,0,0,0,0,0.0,0.0,0,0,0,incomplete,0,0,-1,-1,-1,-1,-1,-1,-1,-1,-1,-1,-1,-1,-1,-1,-1,-1,,,,,,,,,,0.0,0.0,0.0,0.0,,,,,,,,,,,,,,,,,,,,,0,0,0,0,0,,,,,,,,,,,,,,,,,0,,,,0.0,0.0,0,/wales/radnor-valley-fc-vs-seven-sisters-onllwyn-h2h-stats
18/09/2026 15:30,Wales,Welsh Cup,Afan Lido,Goytre,N/A,N/A,N/A,N/A,N/A,Afan Lido,Goytre,0,0,0,0,1789756200,Sep 18 2026 - 6:30pm,0.0,0.0,0.0,0.0,0.0,0,0,0,0,0,0,0,0,0,0,0.0,0.0,0,0,0,incomplete,0,0,-1,-1,-1,-1,-1,-1,-1,-1,-1,-1,-1,-1,-1,-1,-1,-1,,,,,,,,,,0.0,0.0,0.0,0.0,,,,,,,,,,,,,,,,,,,,,0,0,0,0,0,,,,,,,,,,,,,,,,,0,,,,0.0,0.0,0,/wales/afan-lido-fc-vs-goytre-afc-h2h-stats
18/09/2026 15:45,Republic of Ireland,Premier Division,Dundalk,Shelbourne,Gol Limite (Over 0.5 2HG),86%,@1.16,+50.5%,1.5u,Dundalk,Shelbourne,59,62,76,66,1789757100,Sep 18 2026 - 6:45pm,1.4,1.57,1.4,1.57,2.68,66,93,76,59,31,10,62,31,86,58,11.28,5.74,72,59,34,incomplete,0,0,-1,-1,-1,-1,-1,-1,-1,-1,-1,-1,-1,-1,-1,-1,-1,-1,2.25,3.3,2.75,1.18,1.7,2.75,4.5,1.55,2.3,1.83,1.48,0.0,0.0,11.5,3.92,2.1,1.41,1.13,1.4,,1.53,,,1.2,1.43,1.76,2.21,2.83,3.72,2.53,1.95,1.57,1.33,7,25,42,69,90,1.29,2.52,5.4,3.2,1.52,1.09,1.15,1.87,3.55,4.2,1.85,1.22,,,,,21,1.44,8.25,3.86,1.32,1.2,32,/republic-of-ireland/dundalk-fc-vs-shelbourne-fc-h2h-stats
18/09/2026 15:45,Republic of Ireland,Premier Division,Derry City,Galway United,Cantos Over 8.5,84%,@1.19,+9.2%,1.0u,Derry City,Galway United,50,70,80,67,1789757100,Sep 18 2026 - 6:45pm,1.6,1.13,1.6,1.13,2.87,67,94,80,50,34,20,70,30,80,50,11.0,4.26,84,63,47,incomplete,0,0,-1,-1,-1,-1,-1,-1,-1,-1,-1,-1,-1,-1,-1,-1,-1,-1,1.8,3.65,3.7,1.2,1.72,2.59,4.7,1.6,2.14,1.9,1.08,0.0,0.0,13.0,4.16,2.04,1.44,1.17,1.25,,1.94,,,1.13,1.3,1.55,1.94,2.47,4.35,2.97,2.2,1.75,1.44,7,20,50,67,80,1.28,2.35,5.15,3.22,1.51,1.08,1.2,1.88,3.64,4.2,1.83,1.21,,,,,24,1.36,10.0,5.85,1.23,1.23,32,/republic-of-ireland/derry-city-fc-vs-galway-united-fc-h2h-stats
18/09/2026 15:45,Republic of Ireland,First Division,Bray Wanderers,Treaty United,Gol Limite (Over 0.5 2HG),78%,@1.28,+36.5%,1.5u,Bray Wanderers,Treaty United,62,75,84,56,1789757100,Sep 18 2026 - 6:45pm,2.13,0.88,2.13,0.88,3.18,56,94,84,62,49,17,75,26,78,62,8.68,3.81,58,49,36,incomplete,0,0,-1,-1,-1,-1,-1,-1,-1,-1,-1,-1,-1,-1,-1,-1,-1,-1,1.43,4.7,5.5,1.16,1.5,2.24,3.93,1.5,2.05,1.96,1.24,0.0,0.0,17.0,5.5,2.4,1.55,1.24,1.1,,2.7,,,1.28,1.53,2.31,2.58,3.56,2.98,2.21,1.73,1.53,1.21,7,16,39,52,84,1.18,2.17,4.85,3.75,1.63,1.11,1.18,1.71,3.2,5.15,1.98,1.26,,,,,4,1.35,9.0,5.05,1.52,1.06,32,/republic-of-ireland/bray-wanderers-afc-vs-treaty-united-fc-h2h-stats
18/09/2026 15:45,Republic of Ireland,First Division,Wexford,Cobh Ramblers,Gol Limite (Over 0.5 2HG),90%,@1.11,+57.5%,1.5u,Wexford,Cobh Ramblers,57,67,90,54,1789757100,Sep 18 2026 - 6:45pm,1.6,1.4,1.6,1.4,2.87,54,97,90,57,27,13,67,30,90,54,8.66,3.85,54,44,23,incomplete,0,0,-1,-1,-1,-1,-1,-1,-1,-1,-1,-1,-1,-1,-1,-1,-1,-1,2.15,3.25,3.05,1.21,1.75,2.88,5.55,1.62,2.1,1.57,1.22,0.0,0.0,9.95,3.58,1.95,1.32,1.08,1.26,,1.6,,,1.45,1.8,2.82,3.14,4.59,2.49,1.9,1.53,1.27,1.11,4,10,44,73,87,1.35,2.63,6.0,2.76,1.4,1.05,1.22,1.96,4.1,4.05,1.72,1.16,,,,,7,1.76,8.2,2.34,1.19,1.45,32,/republic-of-ireland/wexford-fc-vs-cobh-ramblers-fc-h2h-stats
18/09/2026 15:45,Republic of Ireland,First Division,Cork City,UCD,Gol Limite (Over 0.5 2HG),87%,@1.15,+52.2%,1.5u,Cork City,UCD,65,71,84,58,1789757100,Sep 18 2026 - 6:45pm,2.44,1.13,2.44,1.13,3.15,58,94,84,65,38,22,71,32,87,62,12.79,3.99,80,67,51,incomplete,0,0,-1,-1,-1,-1,-1,-1,-1,-1,-1,-1,-1,-1,-1,-1,-1,-1,1.47,4.1,5.4,1.16,1.49,2.22,3.58,1.55,2.14,1.96,1.38,0.0,0.0,14.4,4.6,2.55,1.56,1.21,1.17,,2.29,,,1.16,1.36,1.66,1.99,2.64,4.04,2.76,2.12,1.67,1.39,7,16,36,62,78,1.22,2.2,4.35,3.8,1.61,1.14,1.12,1.69,3.05,4.8,2.01,1.28,,,,,13,1.33,9.1,4.66,2.19,1.58,32,/republic-of-ireland/cork-city-fc-vs-university-college-dublin-fc-h2h-stats
18/09/2026 15:45,Republic of Ireland,First Division,Finn Harps,Longford Town,Gol Limite (Over 0.5 2HG),84%,@1.19,+47.0%,1.5u,Finn Harps,Longford Town,53,54,74,57,1789757100,Sep 18 2026 - 6:45pm,1.07,1.0,1.07,1.0,2.67,57,90,74,53,27,10,54,24,84,50,7.93,4.33,40,30,27,incomplete,0,0,-1,-1,-1,-1,-1,-1,-1,-1,-1,-1,-1,-1,-1,-1,-1,-1,3.8,3.7,1.78,1.19,1.73,2.83,5.54,1.66,2.07,1.2,1.18,0.0,0.0,11.8,3.82,2.0,1.29,1.14,1.2,,1.16,,,1.33,1.56,2.39,2.59,3.72,2.97,2.15,1.72,1.39,1.19,10,27,47,73,90,1.34,2.54,6.4,3.2,1.44,1.05,1.16,1.95,4.05,4.15,1.73,1.2,,,,,4,2.47,7.25,1.69,0.81,1.32,32,/republic-of-ireland/finn-harps-fc-vs-longford-town-fc-h2h-stats
18/09/2026 15:45,Republic of Ireland,First Division,Athlone Town,Kerry,Gol Limite (Over 0.5 2HG),70%,@1.43,+22.5%,1.5u,Athlone Town,Kerry,50,70,74,50,1789757100,Sep 18 2026 - 6:45pm,1.8,0.87,1.8,0.87,2.4,50,87,74,50,23,4,70,30,70,47,9.53,3.74,70,44,37,incomplete,0,0,-1,-1,-1,-1,-1,-1,-1,-1,-1,-1,-1,-1,-1,-1,-1,-1,2.24,3.2,3.1,1.25,1.85,3.4,5.95,1.73,2.0,1.49,1.18,0.0,0.0,8.9,3.52,1.85,1.28,1.11,1.25,,1.62,,,1.32,1.66,2.45,2.56,3.84,2.81,2.09,1.66,1.37,1.18,14,27,50,77,97,1.32,2.61,6.0,2.77,1.39,1.07,1.19,2.06,4.35,3.74,1.65,1.14,,,,,17,1.61,8.5,2.64,1.32,1.35,32,/republic-of-ireland/athlone-town-fc-vs-kerry-fc-h2h-stats
18/09/2026 15:45,Italy,Serie A,Monza,Sassuolo,Over 2.5 FT,100%,@1.00,+75.0%,1.5u,Monza,Sassuolo,100,100,100,100,1789757100,Sep 18 2026 - 6:45pm,0.0,0.5,0.0,0.5,4.25,100,100,100,100,75,50,100,50,100,50,8.5,1.5,25,25,25,incomplete,0,0,-1,-1,-1,-1,-1,-1,-1,-1,-1,-1,-1,-1,-1,-1,-1,-1,2.8,3.4,2.4,1.2,1.75,3.01,5.1,1.53,2.28,1.62,1.94,0.0,0.0,12.0,4.05,2.17,1.4,1.11,1.58,,1.44,,,1.36,1.72,2.15,2.88,4.15,2.65,2.03,1.69,1.36,1.19,0,0,0,25,50,1.36,2.6,6.4,3.12,1.47,1.08,1.22,1.97,3.94,4.55,1.8,1.23,,,,,50,1.78,8.6,2.37,0.25,1.75,5,/italy/us-sassuolo-calcio-vs-ss-monza-1912-h2h-stats
18/09/2026 15:45,France,Ligue 1,Monaco,Lens,Gol Limite (Over 0.5 2HG),100%,@1.00,+75.0%,1.5u,Monaco,Lens,50,100,100,50,1789757100,Sep 18 2026 - 6:45pm,3.0,0.5,3.0,0.5,2.75,50,100,100,50,25,0,100,25,100,25,12.5,6.5,100,75,75,incomplete,0,0,-1,-1,-1,-1,-1,-1,-1,-1,-1,-1,-1,-1,-1,-1,-1,-1,2.01,3.85,3.45,1.12,1.5,2.45,3.72,1.46,2.56,1.26,1.77,0.0,0.0,18.0,4.7,2.38,1.65,1.22,1.36,,1.79,,,1.21,1.47,1.77,2.16,2.77,3.2,2.58,1.98,1.62,1.35,0,0,50,75,100,1.28,2.27,4.95,3.42,1.64,1.13,1.17,1.74,3.3,5.15,2.1,1.32,,,,,25,2.02,7.3,2.1,2.5,1.0,5,/france/as-monaco-fc-vs-racing-club-de-lens-h2h-stats
18/09/2026 15:45,Belgium,Pro League,KAA Gent,Standard Liège,Gol Limite (Over 0.5 2HG),84%,@1.19,+47.0%,1.5u,KAA Gent,Standard Liège,67,84,84,67,1789757100,Sep 18 2026 - 6:45pm,3.0,1.33,3.0,1.33,3.5,67,100,84,67,34,34,84,50,84,50,9.0,3.67,33,17,17,incomplete,0,0,-1,-1,-1,-1,-1,-1,-1,-1,-1,-1,-1,-1,-1,-1,-1,-1,1.83,3.56,4.2,,1.95,,,,,1.58,1.35,0.0,0.0,,,1.85,,,,,,,,,,,,,,,,,,0,17,34,67,67,,,,,,,,,,,,,,,,,33,,,,2.67,1.83,7,/belgium/kaa-gent-vs-royal-standard-de-liege-h2h-stats
18/09/2026 15:45,Northern Ireland,NIFL Championship,Newry City AFC,Annagh United,Gol Limite (Over 0.5 2HG),100%,@1.00,+75.0%,1.5u,Newry City AFC,Annagh United,100,100,100,84,1789757100,Sep 18 2026 - 6:45pm,0.33,1.33,0.33,1.33,4.17,84,100,100,100,84,33,100,67,100,84,11.5,0.0,75,75,50,incomplete,0,0,-1,-1,-1,-1,-1,-1,-1,-1,-1,-1,-1,-1,-1,-1,-1,-1,3.25,3.3,1.98,1.18,1.66,2.59,4.4,1.57,2.2,1.52,0.76,0.0,0.0,12.8,3.84,2.15,1.39,1.16,1.61,,1.26,,,,,,,,,,,,,0,0,0,17,67,1.3,2.42,5.0,2.99,1.45,1.12,1.16,1.88,3.4,4.6,1.79,1.25,,,,,67,,,,1.57,2.29,8,/northern-ireland/newry-city-afc-vs-annagh-united-fc-h2h-stats
18/09/2026 15:45,Northern Ireland,NIFL Championship,Dundela,Strabane Athletic,Over 3.5 FT,100%,@1.00,+166.0%,1.5u,Dundela,Strabane Athletic,100,84,100,84,1789757100,Sep 18 2026 - 6:45pm,1.67,1.0,1.67,1.0,4.67,84,100,100,100,100,50,84,67,84,50,6.33,0.0,50,34,34,incomplete,0,0,-1,-1,-1,-1,-1,-1,-1,-1,-1,-1,-1,-1,-1,-1,-1,-1,1.8,3.5,3.59,1.17,1.67,2.66,5.0,1.6,2.15,1.11,1.78,0.0,0.0,13.0,3.98,2.1,1.37,1.1,1.2,,1.79,,,,,,,,,,,,,0,0,0,0,50,1.27,2.34,5.1,3.18,1.48,1.12,1.17,1.88,3.5,4.4,1.79,1.24,,,,,84,,,,1.0,0.57,8,/northern-ireland/dundela-fc-vs-strabane-athletic-h2h-stats
18/09/2026 15:45,Wales,Welsh Premier League,Haverfordwest County,Holywell,Gol Limite (Over 0.5 2HG),100%,@1.00,+75.0%,1.5u,Haverfordwest County,Holywell,90,60,90,70,1789757100,Sep 18 2026 - 6:45pm,1.2,0.0,1.2,0.0,4.15,70,100,90,90,48,25,60,48,100,80,5.05,3.5,25,25,25,incomplete,0,0,-1,-1,-1,-1,-1,-1,-1,-1,-1,-1,-1,-1,-1,-1,-1,-1,1.32,5.4,7.2,1.09,1.4,2.05,3.4,1.68,2.01,1.32,1.22,0.0,0.0,15.5,5.4,2.62,1.66,1.24,1.02,,3.04,,,1.3,1.56,2.34,2.59,3.5,3.0,2.15,1.7,1.42,1.22,0,10,10,53,75,1.19,2.05,4.3,4.0,1.67,1.17,1.09,1.64,2.92,5.3,2.08,1.31,,,,,25,1.19,11.0,6.25,0.88,0.11,10,/wales/haverfordwest-county-afc-vs-holywell-town-fc-h2h-stats
18/09/2026 15:45,Wales,Welsh Premier League,Ammanford,Penybont,Gol Limite (Over 0.5 2HG),88%,@1.14,+54.0%,1.5u,Ammanford,Penybont,75,88,88,38,1789757100,Sep 18 2026 - 6:45pm,0.25,2.5,0.25,2.5,3.38,38,100,88,75,50,25,88,75,88,50,8.0,4.0,25,25,13,incomplete,0,0,-1,-1,-1,-1,-1,-1,-1,-1,-1,-1,-1,-1,-1,-1,-1,-1,12.0,6.4,1.21,1.17,1.49,2.55,4.3,2.3,1.57,0.56,1.71,0.0,0.0,12.7,4.33,1.89,1.53,1.14,1.05,,1.01,,,1.24,1.5,1.85,2.35,3.16,3.28,2.37,1.85,1.47,1.27,0,13,25,50,75,1.27,2.25,5.0,3.75,1.5,1.14,1.13,1.8,3.5,4.0,1.87,1.22,,,,,25,5.65,11.5,1.19,0.33,2.33,10,/wales/penybont-fc-vs-ammanford-afc-h2h-stats
18/09/2026 15:45,Wales,Welsh Premier League,Colwyn Bay,Barry Town United,Over 0.5 HT,88%,@1.14,+18.8%,1.5u,Colwyn Bay,Barry Town United,50,88,75,50,1789757100,Sep 18 2026 - 6:45pm,3.0,2.25,3.0,2.25,2.88,50,100,75,50,38,25,88,50,75,50,8.5,3.75,50,13,13,incomplete,0,0,-1,-1,-1,-1,-1,-1,-1,-1,-1,-1,-1,-1,-1,-1,-1,-1,2.05,3.2,3.1,1.24,1.83,2.55,6.5,1.67,2.0,1.39,1.67,0.0,0.0,4.6,3.34,1.67,1.25,1.08,1.3,,1.62,,,1.38,1.71,2.17,2.92,4.36,2.62,1.95,1.55,1.31,1.13,0,25,50,63,75,1.35,2.2,6.55,2.82,1.39,1.1,1.2,2.05,4.5,3.7,1.66,1.15,,,,,25,1.69,8.1,2.48,1.78,2.44,10,/wales/barry-town-united-fc-vs-colwyn-bay-fc-h2h-stats
18/09/2026 15:45,Wales,Welsh Premier League,Airbus UK,Flint Town United,Over 0.5 HT,90%,@1.11,+8.0%,1.0u,Airbus UK,Flint Town United,43,90,90,33,1789757100,Sep 18 2026 - 6:45pm,1.5,0.2,1.5,0.2,3.35,33,100,90,43,33,33,90,45,88,43,7.6,2.2,78,78,45,incomplete,0,0,-1,-1,-1,-1,-1,-1,-1,-1,-1,-1,-1,-1,-1,-1,-1,-1,1.82,3.9,3.8,1.17,1.5,2.29,3.84,1.5,2.38,1.49,1.16,0.0,0.0,15.0,4.55,2.28,1.43,1.18,1.19,,1.91,,,1.2,1.42,2.01,2.25,2.97,3.5,2.49,1.93,1.58,1.3,0,10,58,68,68,1.2,2.12,4.33,3.5,1.62,1.1,1.13,1.76,3.2,4.65,1.91,1.26,,,,,23,1.78,8.5,2.28,1.33,0.22,10,/wales/airbus-uk-fc-vs-flint-town-united-fc-h2h-stats
18/09/2026 15:45,Wales,Welsh Premier League,Briton Ferry,Trefelin,Over 1.5 FT,100%,@1.00,+14.0%,1.0u,Briton Ferry,Trefelin,59,75,100,59,1789757100,Sep 18 2026 - 6:45pm,1.0,0.25,1.0,0.25,3.29,59,100,100,59,29,29,75,59,88,54,10.08,3.08,59,59,59,incomplete,0,0,-1,-1,-1,-1,-1,-1,-1,-1,-1,-1,-1,-1,-1,-1,-1,-1,1.56,4.3,5.0,1.14,1.57,2.33,4.1,1.47,2.1,2.06,0.96,0.0,0.0,13.2,4.45,2.29,1.48,1.16,1.08,,2.2,,,1.18,1.39,1.9,2.13,2.83,3.8,2.59,2.01,1.63,1.36,0,0,42,71,71,1.25,2.25,3.5,3.28,1.57,1.09,1.18,1.78,3.7,4.65,1.85,1.25,,,,,17,1.27,9.75,5.45,0.78,0.22,10,/wales/briton-ferry-llansawel-afc-vs-trefelin-h2h-stats
18/09/2026 15:45,Wales,Welsh Premier League,Connah's Quay,Cardiff MU,Gol Limite (Over 0.5 2HG),100%,@1.00,+75.0%,1.5u,Connah's Quay,Cardiff MU,53,68,88,33,1789757100,Sep 18 2026 - 6:45pm,2.0,1.75,2.0,1.75,2.95,33,100,88,53,23,23,68,33,100,53,11.3,2.5,43,43,43,incomplete,0,0,-1,-1,-1,-1,-1,-1,-1,-1,-1,-1,-1,-1,-1,-1,-1,-1,1.65,4.0,4.7,1.16,1.65,2.71,4.85,1.67,1.8,1.84,1.61,0.0,0.0,11.7,4.33,2.06,1.33,1.11,1.17,,2.1,,,1.24,1.5,2.1,2.35,3.16,3.32,2.37,1.88,1.51,1.27,0,13,48,78,78,1.26,2.3,5.2,3.24,1.5,1.1,1.14,1.88,4.0,4.35,1.75,1.2,,,,,0,1.36,9.4,3.62,2.11,1.75,10,/wales/connahs-quay-nomads-fc-vs-cardiff-metropolitan-university-fc-h2h-stats
18/09/2026 15:45,Wales,Welsh Premier League,Caernarfon Town,Cambrian & Clydach,Over 2.5 FT,100%,@1.00,+44.0%,1.5u,Caernarfon Town,Cambrian & Clydach,100,80,100,45,1789757100,Sep 18 2026 - 6:45pm,1.5,1.4,1.5,1.4,3.45,45,100,100,100,33,13,80,35,88,78,10.85,3.45,45,45,45,incomplete,0,0,-1,-1,-1,-1,-1,-1,-1,-1,-1,-1,-1,-1,-1,-1,-1,-1,1.44,4.33,5.25,1.08,1.44,2.08,3.42,1.55,2.23,1.6,1.68,0.0,0.0,16.0,5.5,2.56,1.67,1.2,1.05,,2.5,,,1.23,1.44,1.79,2.26,3.08,3.4,2.43,1.87,1.55,1.29,0,0,0,68,88,1.16,2.01,4.15,4.05,1.68,1.16,1.15,1.64,2.97,5.45,2.08,1.3,,,,,25,1.38,9.1,3.14,2.11,1.67,10,/wales/caernarfon-town-fc-vs-cambrian-clydach-vale-fc-h2h-stats
18/09/2026 15:45,England,National League,Yeovil Town,Solihull Moors,Gol Limite (Over 0.5 2HG),100%,@1.00,+75.0%,1.5u,Yeovil Town,Solihull Moors,71,84,100,88,1789757100,Sep 18 2026 - 6:45pm,1.75,0.33,1.75,0.33,4.04,88,100,100,71,59,42,84,42,100,88,10.58,3.0,59,46,34,incomplete,0,0,-1,-1,-1,-1,-1,-1,-1,-1,-1,-1,-1,-1,-1,-1,-1,-1,1.93,3.5,3.1,1.17,1.66,2.5,4.8,1.5,2.23,1.55,1.58,0.0,0.0,12.8,4.4,2.2,1.42,1.14,1.29,,1.73,,,1.24,1.46,2.09,2.33,3.12,3.36,2.55,1.86,1.61,1.28,0,0,29,42,59,1.29,2.27,4.85,3.6,1.5,1.1,1.15,1.83,3.5,4.4,1.83,1.22,,,,,29,1.97,8.4,2.09,1.5,0.5,9,/england/yeovil-town-fc-vs-solihull-moors-fc-h2h-stats
18/09/2026 15:45,Poland,1. Liga,Polonia Bytom,Ruch Chorzów,Gol Limite (Over 0.5 2HG),75%,@1.33,+31.2%,1.5u,Polonia Bytom,Ruch Chorzów,38,63,75,50,1789757100,Sep 18 2026 - 6:45pm,1.5,1.0,1.5,1.0,2.75,50,88,75,38,38,13,63,25,75,50,10.0,4.5,63,50,50,incomplete,0,0,-1,-1,-1,-1,-1,-1,-1,-1,-1,-1,-1,-1,-1,-1,-1,-1,2.7,3.35,2.3,1.19,1.64,2.73,4.45,1.53,2.38,1.64,1.52,0.0,0.0,11.5,3.96,2.19,1.42,1.14,1.24,,1.36,,,1.14,1.28,1.78,1.99,2.38,4.24,3.05,2.15,1.73,1.44,13,25,63,63,88,1.3,2.33,5.8,3.18,1.5,1.1,1.16,1.85,3.6,4.6,1.82,1.23,,,,,25,1.95,7.38,2.31,1.0,1.38,9,/poland/ts-polonia-bytom-vs-ks-ruch-chorzow-h2h-stats
18/09/2026 15:45,England,Counties Leagues Northern League One,Kendal Town,Whitley Bay,N/A,N/A,N/A,N/A,N/A,Kendal Town,Whitley Bay,54,11,81,67,1789757100,Sep 18 2026 - 6:45pm,1.13,0.73,1.13,0.73,3.63,67,100,81,54,50,39,11,7,11,11,0.0,-2.0,0,0,0,incomplete,0,0,-1,-1,-1,-1,-1,-1,-1,-1,-1,-1,-1,-1,-1,-1,-1,-1,,,,,,,,,,0.0,0.0,0.0,0.0,,,,,,,,,,,,,,,,,,,,,0,20,47,51,62,,,,,,,,,,,,,,,,,0,,,,1.13,0.73,0,/england/whitley-bay-fc-vs-kendal-town-fc-h2h-stats
18/09/2026 15:45,England,Counties Leagues Essex Senior League,Hutton FC,Barking,N/A,N/A,N/A,N/A,N/A,Hutton FC,Barking,57,47,67,67,1789757100,Sep 18 2026 - 6:45pm,0.67,1.6,0.67,1.6,3.14,67,84,67,57,57,30,47,27,47,37,0.0,-2.0,0,0,0,incomplete,0,0,-1,-1,-1,-1,-1,-1,-1,-1,-1,-1,-1,-1,-1,-1,-1,-1,,,,,,,,,,0.0,0.0,0.0,0.0,,,,,,,,,,,,,,,,,,,,,17,34,44,44,70,,,,,,,,,,,,,,,,,17,,,,0.67,1.6,0,/england/barking-fc-vs-hutton-fc-h2h-stats
18/09/2026 15:45,Wales,Welsh Cup,Caerphilly Athletic,Treowen Stars,N/A,N/A,N/A,N/A,N/A,Caerphilly Athletic,Treowen Stars,0,0,0,0,1789757100,Sep 18 2026 - 6:45pm,0.0,0.0,0.0,0.0,0.0,0,0,0,0,0,0,0,0,0,0,0.0,0.0,0,0,0,incomplete,0,0,-1,-1,-1,-1,-1,-1,-1,-1,-1,-1,-1,-1,-1,-1,-1,-1,,,,,1.36,,,,,0.0,0.0,0.0,0.0,,,3.0,,,,,,,,,,,,,,,,,,0,0,0,0,0,,,,,,,,,,,,,,,,,0,,,,0.0,0.0,0,/wales/treowen-stars-football-club-vs-caerphilly-athletic-fc-h2h-stats
18/09/2026 15:45,England,FA Cup,Yate Town,Chippenham Town,Over 1.5 FT,100%,@1.00,+14.0%,1.0u,Yate Town,Chippenham Town,75,50,100,50,1789757100,Sep 18 2026 - 6:45pm,3.0,2.0,3.0,2.0,3.0,50,100,100,75,25,0,50,25,50,25,3.0,-2.0,50,50,50,incomplete,0,0,-1,-1,-1,-1,-1,-1,-1,-1,-1,-1,-1,-1,-1,-1,-1,-1,2.2,3.7,3.15,1.14,1.58,2.41,4.25,1.49,2.38,0.0,0.0,0.0,0.0,11.5,4.33,2.18,1.45,1.15,1.3,,1.62,,,,,,,,,,,,,0,0,25,75,100,1.25,2.25,5.2,3.3,1.57,1.11,1.15,1.78,3.4,4.7,1.89,1.25,,,,,50,,,,3.0,2.0,0,/england/chippenham-town-fc-vs-yate-town-fc-h2h-stats
18/09/2026 15:45,England,FA Cup,Worcester City,Stratford Town,Gol Limite (Over 0.5 2HG),100%,@1.00,+75.0%,1.5u,Worcester City,Stratford Town,0,50,75,25,1789757100,Sep 18 2026 - 6:45pm,2.0,3.0,2.0,3.0,1.75,25,100,75,0,0,0,50,0,100,25,10.0,-1.5,75,75,0,incomplete,0,0,-1,-1,-1,-1,-1,-1,-1,-1,-1,-1,-1,-1,-1,-1,-1,-1,1.85,3.3,3.5,1.3,2.01,3.58,7.1,1.84,1.85,0.89,1.26,0.0,0.0,8.8,2.97,1.69,1.21,1.04,1.22,,1.75,,,,,,,,,,,,,0,25,100,100,100,1.37,2.89,7.6,2.68,1.32,1.04,1.26,2.22,4.9,3.5,1.56,1.13,,,,,0,,,,2.0,3.0,0,/england/worcester-city-fc-vs-stratford-town-fc-h2h-stats
18/09/2026 16:00,Republic of Ireland,Premier Division,Bohemians,Drogheda United,Gol Limite (Over 0.5 2HG),87%,@1.15,+52.2%,1.5u,Bohemians,Drogheda United,60,77,87,73,1789758000,Sep 18 2026 - 7:00pm,1.6,1.07,1.6,1.07,3.0,73,93,87,60,27,17,77,33,87,43,10.4,3.4,73,67,50,incomplete,0,0,-1,-1,-1,-1,-1,-1,-1,-1,-1,-1,-1,-1,-1,-1,-1,-1,1.48,4.2,5.5,1.18,1.62,2.54,5.0,1.81,1.91,1.82,1.08,0.0,0.0,15.0,4.1,2.14,1.4,1.2,1.08,,2.67,,,1.14,1.33,1.78,2.0,2.55,4.22,2.86,2.15,1.72,1.42,7,13,40,74,84,1.31,2.34,5.5,3.08,1.44,1.14,1.2,1.95,3.64,4.0,1.75,1.21,,,,,24,1.1,15.0,9.75,1.77,1.1,32,/republic-of-ireland/bohemian-fc-vs-drogheda-united-fc-h2h-stats
18/09/2026 16:00,Republic of Ireland,Premier Division,Shamrock Rovers,Waterford,Gol Limite (Over 0.5 2HG),72%,@1.39,+26.0%,1.5u,Shamrock Rovers,Waterford,48,80,76,55,1789758000,Sep 18 2026 - 7:00pm,2.36,0.87,2.36,0.87,3.02,55,90,76,48,38,34,80,42,72,45,9.56,3.86,62,48,34,incomplete,0,0,-1,-1,-1,-1,-1,-1,-1,-1,-1,-1,-1,-1,-1,-1,-1,-1,1.4,4.15,5.3,1.17,1.65,2.61,4.76,1.67,2.05,1.62,1.47,0.0,0.0,12.8,4.3,2.15,1.48,1.14,1.19,,2.46,,,1.13,1.31,1.74,1.95,2.53,4.38,2.95,2.29,1.76,1.45,10,25,52,62,66,1.26,2.26,5.0,3.6,1.57,1.11,1.18,1.83,3.7,4.6,1.89,1.25,,,,,24,1.36,11.5,3.4,1.87,1.1,32,/republic-of-ireland/shamrock-rovers-fc-vs-waterford-fc-h2h-stats
18/09/2026 16:00,Faroe Islands,1. Deild,B71,EB / Streymur II,Gol Limite (Over 0.5 2HG),96%,@1.04,+68.0%,1.5u,B71,EB / Streymur II,96,91,96,73,1789758000,Sep 18 2026 - 7:00pm,2.55,0.3,2.55,0.3,4.62,73,100,96,96,82,43,91,63,96,81,6.5,0.0,63,38,38,incomplete,0,0,-1,-1,-1,-1,-1,-1,-1,-1,-1,-1,-1,-1,-1,-1,-1,-1,,,,,,,,,,2.18,0.8,0.0,0.0,,,,,,,,,,,,,,,,,,,,,0,5,5,19,58,,,,,,,,,,,,,,,,,25,,,,2.43,0.48,24,/faroe-islands/b71-sandoy-vs-eb-streymur-ii-h2h-stats
18/09/2026 16:00,England,Premier League,Brentford,Chelsea,Gol Limite (Over 0.5 2HG),100%,@1.00,+75.0%,1.5u,Brentford,Chelsea,75,75,100,75,1789758000,Sep 18 2026 - 7:00pm,2.0,1.5,2.0,1.5,3.25,75,100,100,75,25,25,75,75,100,50,9.0,5.5,50,50,0,incomplete,0,0,-1,-1,-1,-1,-1,-1,-1,-1,-1,-1,-1,-1,-1,-1,-1,-1,2.62,3.8,2.37,1.11,1.44,2.06,3.54,1.4,2.7,1.92,1.68,0.0,0.0,17.0,6.0,2.62,1.62,1.25,1.22,,1.4,,,1.2,1.36,1.65,2.2,2.79,3.42,2.88,2.1,1.65,1.36,0,0,25,75,75,1.22,2.15,4.5,3.96,1.68,1.18,1.12,1.7,3.1,5.0,2.05,1.33,,,,,50,1.91,9.1,2.05,1.5,1.75,5,/england/chelsea-fc-vs-brentford-fc-h2h-stats
18/09/2026 16:00,England,Championship,Bristol City,Watford,Over 0.5 HT,84%,@1.19,+9.2%,1.0u,Bristol City,Watford,17,84,67,33,1789758000,Sep 18 2026 - 7:00pm,1.0,0.33,1.0,0.33,1.84,33,100,67,17,0,0,84,34,50,17,10.66,4.66,84,67,67,incomplete,0,0,-1,-1,-1,-1,-1,-1,-1,-1,-1,-1,-1,-1,-1,-1,-1,-1,1.85,3.7,3.9,1.28,1.9,2.92,6.5,1.72,2.05,1.14,1.18,0.0,0.0,10.0,3.48,1.88,1.37,1.08,1.17,,1.87,,,1.14,1.3,1.55,1.9,2.39,4.8,3.2,2.26,1.8,1.47,0,33,84,100,100,1.3,2.67,8.0,3.16,1.44,1.1,1.18,2.02,4.5,3.92,1.72,1.16,,,,,17,1.56,8.0,3.22,1.43,1.14,8,/england/watford-fc-vs-bristol-city-fc-h2h-stats
18/09/2026 16:00,Spain,La Liga,RCD Espanyol,Elche CF,Gol Limite (Over 0.5 2HG),100%,@1.00,+75.0%,1.5u,RCD Espanyol,Elche CF,50,67,100,84,1789758000,Sep 18 2026 - 7:00pm,1.33,0.67,1.33,0.67,2.84,84,100,100,50,17,17,67,50,100,50,5.67,5.33,17,17,17,incomplete,0,0,-1,-1,-1,-1,-1,-1,-1,-1,-1,-1,-1,-1,-1,-1,-1,-1,1.82,3.5,4.2,1.24,1.8,3.1,5.45,1.67,2.05,1.36,1.31,0.0,0.0,12.0,3.72,1.92,1.36,1.13,1.33,,1.93,,,1.41,1.77,2.21,2.85,3.6,2.5,1.94,1.53,1.32,1.16,0,0,50,84,84,1.38,2.5,6.9,2.73,1.44,1.1,1.2,2.05,4.2,4.3,1.75,1.21,,,,,17,1.84,8.4,2.35,1.17,0.33,7,/spain/reial-club-deportiu-espanyol-vs-elche-cf-h2h-stats
18/09/2026 16:00,Paraguay,Division Profesional,Sportivo Trinidense,Guaraní,Gol Limite (Over 0.5 2HG),77%,@1.30,+34.8%,1.5u,Sportivo Trinidense,Guaraní,47,59,72,60,1789758000,Sep 18 2026 - 7:00pm,1.53,1.34,1.53,1.34,2.36,60,86,72,47,21,9,59,22,77,47,8.75,5.0,50,44,32,incomplete,0,0,-1,-1,-1,-1,-1,-1,-1,-1,-1,-1,-1,-1,-1,-1,-1,-1,2.25,3.2,2.8,1.36,2.08,3.58,6.95,1.83,1.9,1.47,1.29,0.0,0.0,7.2,3.1,1.64,1.24,1.04,1.36,,1.53,,,1.41,1.71,2.22,2.99,4.31,2.59,1.96,1.57,1.3,1.13,14,28,54,80,91,1.44,2.94,9.0,2.75,1.31,1.04,1.27,2.24,5.1,3.4,1.55,1.12,,,,,24,1.73,8.2,2.39,1.53,1.34,11,/paraguay/club-guarani-vs-club-sportivo-trinidense-h2h-stats
18/09/2026 16:00,Spain,Primera Division RFEF Group 1,UD Logroñés,Pontevedra CF,Gol Limite (Over 0.5 2HG),100%,@1.00,+75.0%,1.5u,UD Logroñés,Pontevedra CF,84,84,84,67,1789758000,Sep 18 2026 - 7:00pm,3.0,2.0,3.0,2.0,3.17,67,100,84,84,34,17,84,33,100,67,10.33,5.67,33,33,33,incomplete,0,0,-1,-1,-1,-1,-1,-1,-1,-1,-1,-1,-1,-1,-1,-1,-1,-1,1.9,3.0,3.99,1.38,2.22,4.0,7.8,2.0,1.69,2.24,1.36,0.0,0.0,6.75,2.62,1.6,1.18,1.02,1.16,,1.75,,,1.4,1.73,2.62,2.92,4.2,2.64,1.99,1.59,1.32,1.14,0,17,17,67,84,1.44,3.2,9.5,2.6,1.3,1.03,1.28,2.38,5.8,3.12,1.47,1.09,,,,,0,,,,3.0,2.0,4,/spain/ud-logrones-vs-pontevedra-cf-h2h-stats
18/09/2026 16:00,Gibraltar,Premier Division,College 1975,Magpies,Gol Limite (Over 0.5 2HG),75%,@1.33,+31.2%,1.5u,College 1975,Magpies,50,75,100,100,1789758000,Sep 18 2026 - 7:00pm,0.0,1.0,0.0,1.0,2.5,100,100,100,50,0,0,75,75,75,25,1.0,0.0,50,0,0,incomplete,0,0,-1,-1,-1,-1,-1,-1,-1,-1,-1,-1,-1,-1,-1,-1,-1,-1,4.35,3.54,1.67,,,,,,,0.64,0.0,0.0,0.0,,,,,,,,,,,,,,,,,,,,,0,0,50,100,100,,,,,,,,,,,,,,,,,25,,,,1.33,2.0,5,/gibraltar/fc-magpies-vs-college-1975-fc-h2h-stats
18/09/2026 16:15,San Marino,Campionato Sammarinese,SS Murata,SS Cosmos,Over 0.5 HT,100%,@1.00,+28.0%,1.5u,SS Murata,SS Cosmos,0,100,100,0,1789758900,Sep 18 2026 - 7:15pm,0.0,0.0,0.0,0.0,2.0,0,100,100,0,0,0,100,50,50,0,6.0,0.0,50,0,0,incomplete,0,0,-1,-1,-1,-1,-1,-1,-1,-1,-1,-1,-1,-1,-1,-1,-1,-1,9.6,5.0,1.26,1.14,1.55,2.33,4.1,1.93,1.72,1.2,0.71,0.0,0.0,,4.45,2.24,1.48,1.16,1.1,,1.02,,,,,,,,,,,,,0,0,100,100,100,1.28,2.29,4.55,3.12,1.5,1.15,1.14,1.73,,4.9,1.95,,,,,,0,,,,1.0,1.33,4,/san-marino/ss-murata-vs-ss-cosmos-h2h-stats
18/09/2026 16:15,San Marino,Campionato Sammarinese,Libertas,SC Faetano,Over 2.5 FT,75%,@1.33,+37.3%,1.5u,Libertas,SC Faetano,75,75,75,50,1789758900,Sep 18 2026 - 7:15pm,3.0,0.5,3.0,0.5,2.5,50,75,75,75,25,0,75,0,75,75,5.0,0.0,50,0,0,incomplete,0,0,-1,-1,-1,-1,-1,-1,-1,-1,-1,-1,-1,-1,-1,-1,-1,-1,1.71,3.6,4.2,1.25,1.83,3.04,5.25,1.74,1.94,0.0,1.06,0.0,0.0,,3.28,1.83,1.29,1.11,1.16,,1.82,,,,,,,,,,,,,25,25,25,75,100,1.32,2.55,6.15,2.9,1.41,1.09,1.21,2.05,,3.9,1.66,,,,,,0,,,,1.33,0.33,4,/san-marino/ac-libertas-vs-sc-faetano-h2h-stats
18/09/2026 16:15,San Marino,Campionato Sammarinese,Tre Fiori,Virtus,Over 0.5 HT,100%,@1.00,+36.0%,1.5u,Tre Fiori,Virtus,50,100,50,25,1789758900,Sep 18 2026 - 7:15pm,3.0,3.0,3.0,3.0,3.0,25,100,50,50,25,25,100,50,25,25,3.5,0.0,50,0,0,incomplete,0,0,-1,-1,-1,-1,-1,-1,-1,-1,-1,-1,-1,-1,-1,-1,-1,-1,2.7,3.25,2.4,1.28,1.92,3.2,6.85,1.71,1.98,1.69,0.0,0.0,0.0,,3.08,1.76,1.26,1.07,1.44,,1.35,,,,,,,,,,,,,0,50,50,75,75,1.36,2.65,6.85,2.73,1.38,1.07,1.24,2.12,,3.6,1.62,,,,,,25,,,,3.0,2.33,4,/san-marino/sp-tre-fiori-vs-ss-virtus-h2h-stats
18/09/2026 16:30,Portugal,Taça de Portugal,Real SC,Associação Académica de Coimbra OAF,N/A,N/A,N/A,N/A,N/A,Real SC,Associação Académica de Coimbra OAF,0,50,0,0,1789759800,Sep 18 2026 - 7:30pm,3.0,0.0,3.0,0.0,0.5,0,50,0,0,0,0,50,0,0,0,4.0,0.0,50,0,0,incomplete,0,0,-1,-1,-1,-1,-1,-1,-1,-1,-1,-1,-1,-1,-1,-1,-1,-1,6.5,4.33,1.4,,1.7,,,,,1.05,0.0,0.0,0.0,,,2.1,,,,,,,,,,,,,,,,,,0,50,50,50,50,,,,,,,,,,,,,,,,,0,,,,3.0,0.0,0,/portugal/associacao-academica-de-coimbra-oaf-vs-real-sport-clube-de-queluz-h2h-stats
18/09/2026 16:30,Paraguay,Division Intermedia,Deportivo Santaní,Sol de América,Gol Limite (Over 0.5 2HG),67%,@1.49,+17.3%,1.5u,Deportivo Santaní,Sol de América,38,71,71,50,1789759800,Sep 18 2026 - 7:30pm,1.58,1.58,1.58,1.58,2.58,50,96,71,38,25,21,71,38,67,38,10.0,0.85,63,34,21,incomplete,0,0,-1,-1,-1,-1,-1,-1,-1,-1,-1,-1,-1,-1,-1,-1,-1,-1,2.11,3.1,3.05,1.36,2.17,3.9,8.1,1.88,1.76,1.55,1.36,0.0,0.0,7.9,2.69,1.59,1.18,1.03,1.27,,1.52,,,,,,,,,,,,,4,29,63,75,79,1.44,2.95,7.9,2.6,1.31,1.04,1.27,2.32,5.3,3.18,1.49,1.11,,,,,29,,,,1.88,1.54,25,/paraguay/deportivo-santani-vs-club-sol-de-america-h2h-stats
18/09/2026 17:00,Peru,Primera División,Alianza Atlético,Comerciantes Unidos,Gol Limite (Over 0.5 2HG),79%,@1.27,+38.3%,1.5u,Alianza Atlético,Comerciantes Unidos,52,67,69,64,1789761600,Sep 18 2026 - 8:00pm,1.42,1.15,1.42,1.15,2.73,64,92,69,52,42,14,67,42,79,44,6.96,5.23,44,35,25,incomplete,0,0,-1,-1,-1,-1,-1,-1,-1,-1,-1,-1,-1,-1,-1,-1,-1,-1,1.55,3.8,4.8,1.21,1.78,2.95,5.0,1.78,1.91,1.5,1.42,0.0,0.0,10.2,3.58,2.01,1.35,1.1,1.21,,2.25,,,1.4,1.75,2.24,3.04,4.24,2.62,1.98,1.53,1.29,1.14,8,31,48,58,87,1.34,2.5,6.0,2.92,1.44,1.11,1.22,1.95,4.1,3.8,1.7,1.18,,,,,32,1.36,8.8,4.54,1.42,1.15,10,/peru/club-alianza-atletico-sullana-vs-cd-comerciantes-unidos-h2h-stats
18/09/2026 17:30,Peru,Liga 3,Amazon Callao,Union Huaral,N/A,N/A,N/A,N/A,N/A,Amazon Callao,Union Huaral,61,21,73,48,1789763400,Sep 18 2026 - 8:30pm,0.25,1.43,0.25,1.43,2.76,48,94,73,61,27,7,21,21,34,13,13.5,0.0,67,67,67,incomplete,0,0,-1,-1,-1,-1,-1,-1,-1,-1,-1,-1,-1,-1,-1,-1,-1,-1,3.35,3.3,1.92,,1.8,,,,,1.85,1.26,0.0,0.0,,,2.0,,,,,,,,,,,,,,,,,,7,27,40,73,93,,,,,,,,,,,,,,,,,17,,,,0.53,1.53,16,/peru/club-union-huaral-vs-amazon-callao-fc-h2h-stats
18/09/2026 18:00,Argentina,Primera División,Central Córdoba SdE,Defensa y Justicia,Gol Limite (Over 0.5 2HG),68%,@1.47,+19.0%,1.5u,Central Córdoba SdE,Defensa y Justicia,34,56,62,42,1789765200,Sep 18 2026 - 9:00pm,0.92,1.44,0.92,1.44,2.14,42,86,62,34,16,8,56,28,68,36,8.56,4.68,44,38,30,incomplete,0,0,-1,-1,-1,-1,-1,-1,-1,-1,-1,-1,-1,-1,-1,-1,-1,-1,2.7,3.0,2.7,1.48,2.57,4.35,8.5,1.99,1.73,1.18,1.37,0.0,0.0,8.0,2.56,1.55,1.14,1.02,1.37,,1.4,,,,,,,,,,,,,14,38,66,84,92,1.56,3.32,8.6,2.29,1.25,1.01,1.32,2.5,6.5,3.02,1.45,1.1,,,,,13,1.91,8.0,2.2,0.92,1.44,10,/argentina/csd-defensa-y-justicia-vs-ca-central-cordoba-de-santiago-del-estero-h2h-stats
18/09/2026 18:00,Colombia,Categoria Primera A,Rionegro Águilas,Deportivo Pereira,Gol Limite (Over 0.5 2HG),81%,@1.23,+41.8%,1.5u,Rionegro Águilas,Deportivo Pereira,46,60,68,54,1789765200,Sep 18 2026 - 9:00pm,1.38,0.62,1.38,0.62,2.41,54,91,68,46,25,10,60,19,81,48,7.27,4.81,48,29,21,incomplete,0,0,-1,-1,-1,-1,-1,-1,-1,-1,-1,-1,-1,-1,-1,-1,-1,-1,1.35,4.33,7.0,1.28,1.85,3.08,6.05,2.14,1.63,1.26,0.94,0.0,0.0,10.5,3.5,1.95,1.28,1.06,1.04,,2.95,,,1.37,1.7,2.15,2.88,4.14,2.71,2.01,1.58,1.33,1.15,10,33,54,75,90,1.32,2.75,7.0,3.02,1.44,1.1,1.21,2.1,4.75,3.6,1.67,1.18,,,,,7,1.18,12.0,7.2,1.38,0.62,11,/colombia/rionegro-aguilas-sa-vs-cs-deportiva-y-cultural-de-pereira-h2h-stats
18/09/2026 18:00,Costa Rica,Liga de Ascenso,Carmelita,Uruguay,Gol Limite (Over 0.5 2HG),100%,@1.00,+75.0%,1.5u,Carmelita,Uruguay,71,54,84,84,1789765200,Sep 18 2026 - 9:00pm,0.25,1.0,0.25,1.0,2.96,84,100,84,71,29,13,54,13,100,84,10.58,0.0,84,71,54,incomplete,0,0,-1,-1,-1,-1,-1,-1,-1,-1,-1,-1,-1,-1,-1,-1,-1,-1,,,,,1.8,,,,,1.29,1.45,0.0,0.0,,,2.0,,,,,,,,,,,,,,,,,,0,17,29,71,88,,,,,,,,,,,,,,,,,13,,,,0.86,1.0,8,/costa-rica/ad-carmelita-vs-cs-uruguay-de-coronado-h2h-stats
18/09/2026 18:00,Honduras,Liga Nacional de Fútbol Profesional de Honduras,Platense,Lobos UPNFM,Over 1.5 FT,86%,@1.16,+13.5%,1.0u,Platense,Lobos UPNFM,50,79,86,50,1789765200,Sep 18 2026 - 9:00pm,0.71,0.71,0.71,0.71,2.79,50,100,86,50,29,14,79,57,64,43,8.71,0.0,65,58,50,incomplete,0,0,-1,-1,-1,-1,-1,-1,-1,-1,-1,-1,-1,-1,-1,-1,-1,-1,2.43,3.1,2.7,1.32,2.1,3.58,6.0,1.8,1.87,1.34,1.35,0.0,0.0,9.9,2.88,1.65,1.21,1.08,1.24,,1.45,,,,,,,,,,,,,0,15,50,71,86,1.4,3.0,6.4,2.75,1.33,1.06,1.25,2.27,4.3,3.3,1.54,1.17,,,,,17,,,,0.71,0.71,8,/honduras/cd-platense-vs-lobos-upnfm-h2h-stats
18/09/2026 18:00,Panama,LFF,Tevi Coclé W,Atlético Nacional W,Over 2.5 FT,79%,@1.27,+5.1%,1.0u,Tevi Coclé W,Atlético Nacional W,79,0,86,36,1789765200,Sep 18 2026 - 9:00pm,0.57,1.0,0.57,1.0,4.15,36,93,86,79,57,36,0,0,0,0,2.0,-2.0,0,0,0,incomplete,0,0,-1,-1,-1,-1,-1,-1,-1,-1,-1,-1,-1,-1,-1,-1,-1,-1,,,,,1.33,,,,,0.8,0.0,0.0,0.0,,,3.25,,,,,,,,,,,,,,,,,,7,15,22,43,64,,,,,,,,,,,,,,,,,0,,,,0.57,1.0,8,/panama/sd-atletico-nacional-women-vs-tevi-cocle-fc-women-h2h-stats
18/09/2026 18:30,Argentina,Primera C,Defensores de Cambaceres,JJ Urquiza,N/A,N/A,N/A,N/A,N/A,Defensores de Cambaceres,JJ Urquiza,25,36,54,29,1789767000,Sep 18 2026 - 9:30pm,1.21,0.79,1.21,0.79,1.61,29,72,54,25,7,4,36,18,61,29,8.92,0.0,50,50,32,incomplete,0,0,-1,-1,-1,-1,-1,-1,-1,-1,-1,-1,-1,-1,-1,-1,-1,-1,3.35,2.75,2.17,,3.25,,,,,1.36,0.99,0.0,0.0,,,1.33,,,,,,,,,,,,,,,,,,29,47,75,93,97,,,,,,,,,,,,,,,,,7,,,,1.25,1.0,29,/argentina/club-defensores-de-cambaceres-vs-asyd-justo-jose-de-urquiza-h2h-stats
18/09/2026 18:30,Paraguay,Division Profesional,Nacional Asunción,2 de Mayo,Gol Limite (Over 0.5 2HG),80%,@1.25,+40.0%,1.5u,Nacional Asunción,2 de Mayo,41,69,72,52,1789767000,Sep 18 2026 - 9:30pm,1.78,1.34,1.78,1.34,2.3,52,91,72,41,15,9,69,21,80,38,8.22,4.38,43,30,25,incomplete,0,0,-1,-1,-1,-1,-1,-1,-1,-1,-1,-1,-1,-1,-1,-1,-1,-1,1.75,3.2,4.33,1.44,2.41,4.54,8.6,2.15,1.6,1.34,1.12,0.0,0.0,6.65,2.52,1.53,1.13,1.01,1.3,,1.94,,,1.36,1.69,2.14,2.82,4.0,2.69,2.04,1.57,1.32,1.16,9,28,59,86,91,1.5,3.6,9.0,2.48,1.24,1.02,1.3,2.48,6.0,2.99,1.43,1.08,,,,,20,1.48,8.7,3.05,1.78,1.34,11,/paraguay/club-nacional-vs-club-2-de-mayo-h2h-stats
18/09/2026 19:00,Paraguay,Division Intermedia,3 de Noviembre,Guaireña,Gol Limite (Over 0.5 2HG),88%,@1.14,+54.0%,1.5u,3 de Noviembre,Guaireña,46,63,75,63,1789768800,Sep 18 2026 - 10:00pm,1.25,0.83,1.25,0.83,2.59,63,88,75,46,29,13,63,25,88,46,8.58,0.5,58,38,34,incomplete,0,0,-1,-1,-1,-1,-1,-1,-1,-1,-1,-1,-1,-1,-1,-1,-1,-1,2.1,3.25,3.35,1.35,2.13,3.8,7.8,1.91,1.75,1.3,1.45,0.0,0.0,8.3,2.74,1.61,1.19,1.04,1.3,,1.72,,,,,,,,,,,,,13,25,54,71,88,1.4,2.9,7.8,2.75,1.32,1.04,1.26,2.29,5.1,3.24,1.5,1.12,,,,,13,,,,0.92,1.0,25,/paraguay/guairena-fc-vs-club-3-de-noviembre-h2h-stats
18/09/2026 19:30,Brazil,Serie B,Vila Nova,América Mineiro,Gol Limite (Over 0.5 2HG),85%,@1.18,+48.8%,1.5u,Vila Nova,América Mineiro,59,82,82,49,1789770600,Sep 18 2026 - 10:30pm,2.46,0.36,2.46,0.36,2.82,49,100,82,59,22,8,82,34,85,52,11.28,5.12,82,67,56,incomplete,0,0,-1,-1,-1,-1,-1,-1,-1,-1,-1,-1,-1,-1,-1,-1,-1,-1,1.42,4.2,7.0,1.29,1.93,3.04,7.0,2.08,1.67,1.72,1.38,0.0,0.0,11.0,3.6,1.9,1.29,1.07,1.05,,2.74,,,1.1,1.27,1.68,1.88,2.36,4.72,3.14,2.3,1.83,1.49,0,18,41,78,93,1.38,2.88,7.5,2.75,1.36,1.06,1.19,2.08,4.6,3.8,1.65,1.15,,,,,8,1.47,8.35,2.71,1.71,0.61,29,/brazil/america-fc-minas-gerais-vs-vila-nova-fc-h2h-stats
18/09/2026 20:00,Panama,Liga Prom,Tauro II,Árabe Unido II,N/A,N/A,N/A,N/A,N/A,Tauro II,Árabe Unido II,33,33,58,35,1789772400,Sep 18 2026 - 11:00pm,1.75,1.6,1.75,1.6,1.9,35,90,58,33,10,0,33,10,10,0,10.75,0.0,48,35,25,incomplete,0,0,-1,-1,-1,-1,-1,-1,-1,-1,-1,-1,-1,-1,-1,-1,-1,-1,2.42,3.3,2.49,,1.85,,,,,1.96,1.37,0.0,0.0,,,1.95,,,,,,,,,,,,,,,,,,10,43,68,90,100,,,,,,,,,,,,,,,,,17,,,,1.88,1.38,9,/panama/tauro-fc-ii-vs-cd-arabe-unido-ii-h2h-stats
18/09/2026 20:00,Bolivia,LFPB,Independiente Petrolero,San Antonio Bulo Bulo,Gol Limite (Over 0.5 2HG),85%,@1.18,+48.8%,1.5u,Independiente Petrolero,San Antonio Bulo Bulo,69,79,79,52,1789772400,Sep 18 2026 - 11:00pm,1.4,0.11,1.4,0.11,3.02,52,90,79,69,49,17,79,32,85,64,8.11,5.87,74,52,27,incomplete,0,0,-1,-1,-1,-1,-1,-1,-1,-1,-1,-1,-1,-1,-1,-1,-1,-1,1.67,4.2,4.3,1.09,1.4,2.08,3.34,1.47,2.47,1.59,1.31,0.0,0.0,16.5,5.25,2.52,1.64,1.24,1.2,,2.1,,,1.28,1.53,2.25,2.49,3.46,3.08,2.22,1.76,1.44,1.22,11,21,32,52,84,1.21,2.05,4.5,3.9,1.66,1.18,1.15,1.63,2.8,5.0,2.1,1.3,,,,,16,2.44,7.08,1.78,1.32,0.89,20,/bolivia/club-independiente-petrolero-vs-cd-cultural-san-antonio-de-bulo-bulo-h2h-stats
18/09/2026 20:05,Colombia,Categoria Primera B,Patriotas Boyacá,Unión Magdalena,Gol Limite (Over 0.5 2HG),71%,@1.41,+24.2%,1.5u,Patriotas Boyacá,Unión Magdalena,41,77,73,51,1789772700,Sep 18 2026 - 11:05pm,1.48,1.61,1.48,1.61,2.36,51,90,73,41,22,7,77,35,71,33,10.53,1.95,45,33,22,incomplete,0,0,-1,-1,-1,-1,-1,-1,-1,-1,-1,-1,-1,-1,-1,-1,-1,-1,2.0,3.0,3.4,,2.25,,,,,1.84,1.72,0.0,0.0,,,1.61,,,,,,,,,,,,,,,,,,10,28,59,78,94,,,,,,,,,,,,,,,,,22,,,,1.48,1.61,10,/colombia/patriotas-fc-vs-ad-union-magdalena-h2h-stats
18/09/2026 20:30,USA,MLS,New York City,New York RB,Gol Limite (Over 0.5 2HG),81%,@1.23,+41.8%,1.5u,New York City,New York RB,66,81,89,69,1789774200,Sep 18 2026 - 11:30pm,1.23,1.15,1.23,1.15,3.31,69,92,89,66,42,23,81,54,81,50,10.54,3.46,65,54,43,incomplete,0,0,-1,-1,-1,-1,-1,-1,-1,-1,-1,-1,-1,-1,-1,-1,-1,-1,1.75,4.12,4.0,1.11,1.41,2.07,3.7,1.44,2.53,1.53,1.49,0.0,0.0,,5.75,2.63,1.7,1.25,1.22,,2.0,,,,,,,,,,,,,8,12,35,58,77,1.22,2.08,5.0,4.1,1.66,1.15,1.1,1.73,3.25,5.1,2.0,1.3,,,,,27,,,,1.28,1.2,0,/usa/new-york-city-fc-vs-new-york-red-bulls-h2h-stats
18/09/2026 20:30,Brazil,Serie B,Ceará,Novorizontino,Gol Limite (Over 0.5 2HG),72%,@1.39,+26.0%,1.5u,Ceará,Novorizontino,50,68,64,50,1789774200,Sep 18 2026 - 11:30pm,1.5,1.64,1.5,1.64,2.47,50,86,64,50,25,14,68,25,72,36,11.21,4.36,68,54,47,incomplete,0,0,-1,-1,-1,-1,-1,-1,-1,-1,-1,-1,-1,-1,-1,-1,-1,-1,2.9,3.1,2.3,1.33,2.13,3.58,7.1,1.81,1.87,1.72,1.38,0.0,0.0,9.0,3.1,1.67,1.22,1.04,1.35,,1.36,,,1.07,1.23,1.44,1.77,2.19,5.31,3.44,2.47,1.94,1.59,14,36,50,75,86,1.4,3.0,8.5,2.52,1.33,1.07,1.25,2.3,5.05,3.32,1.56,1.11,,,,,22,1.94,7.55,2.19,1.14,1.79,29,/brazil/ceara-sc-vs-gremio-novorizontino-h2h-stats
18/09/2026 21:00,Faroe Islands,2. Deild,KÍ II,MB,Gol Limite (Over 0.5 2HG),75%,@1.33,+31.2%,1.5u,KÍ II,MB,82,68,94,81,1789776000,Sep 19 2026 - 12:00am,2.75,0.0,2.75,0.0,6.05,81,100,94,82,75,69,68,55,75,55,0.0,0.0,0,0,0,incomplete,0,0,-1,-1,-1,-1,-1,-1,-1,-1,-1,-1,-1,-1,-1,-1,-1,-1,,,,,,,,,,0.0,0.0,0.0,0.0,,,,,,,,,,,,,,,,,,,,,0,7,19,25,32,,,,,,,,,,,,,,,,,55,,,,2.44,0.38,19,/faroe-islands/ki-klaksvik-ii-vs-mb-midvagur-h2h-stats
18/09/2026 21:00,Faroe Islands,2. Deild,B68 II,Skála II,N/A,N/A,N/A,N/A,N/A,B68 II,Skála II,94,52,100,73,1789776000,Sep 19 2026 - 12:00am,1.86,1.0,1.86,1.0,5.34,73,100,100,94,81,60,52,32,53,47,0.0,0.0,0,0,0,incomplete,0,0,-1,-1,-1,-1,-1,-1,-1,-1,-1,-1,-1,-1,-1,-1,-1,-1,,,,,,,,,,0.0,0.0,0.0,0.0,,,,,,,,,,,,,,,,,,,,,0,0,7,20,41,,,,,,,,,,,,,,,,,42,,,,1.86,1.38,19,/faroe-islands/skala-if-ii-vs-b68-toftir-ii-h2h-stats
18/09/2026 21:00,Brazil,Serie B,São Bernardo,Atlético GO,Cantos Over 9.5,78%,@1.28,+23.2%,1.5u,São Bernardo,Atlético GO,34,63,63,56,1789776000,Sep 19 2026 - 12:00am,0.86,1.38,0.86,1.38,2.11,56,93,63,34,11,4,63,26,74,22,10.04,4.52,78,78,60,incomplete,0,0,-1,-1,-1,-1,-1,-1,-1,-1,-1,-1,-1,-1,-1,-1,-1,-1,2.5,3.2,2.75,1.37,2.09,4.1,7.1,1.87,1.88,1.4,1.33,0.0,0.0,8.5,2.88,1.67,1.22,1.04,1.33,,1.43,,,1.12,1.31,1.58,1.94,2.46,4.43,3.04,2.21,1.77,1.44,8,37,67,89,97,1.44,2.87,7.6,2.53,1.34,1.05,1.29,2.25,5.05,3.32,1.57,1.14,,,,,26,1.79,8.9,2.6,1.36,1.64,29,/brazil/ac-goianiense-vs-sao-bernardo-fc-h2h-stats
18/09/2026 21:00,Russia,3rd Division Moskva Oblast,Olimp-Dolgoprudny-Mol,Znamya Noginsk,N/A,N/A,N/A,N/A,N/A,Olimp-Dolgoprudny-Mol,Znamya Noginsk,75,0,90,48,1789776000,Sep 19 2026 - 12:00am,2.0,2.55,2.0,2.55,4.05,48,98,90,75,58,35,0,0,0,0,0.0,-2.0,0,0,0,incomplete,0,0,-1,-1,-1,-1,-1,-1,-1,-1,-1,-1,-1,-1,-1,-1,-1,-1,,,,,,,,,,0.0,0.0,0.0,0.0,,,,,,,,,,,,,,,,,,,,,3,10,25,43,65,,,,,,,,,,,,,,,,,0,,,,2.0,2.55,21,/russia/fk-znamya-noginsk-vs-fk-olimp-dolgoprudny-molodezhnaya-h2h-stats
18/09/2026 21:00,Russia,3rd Division Moskva Oblast,Bagration,Khimki III,N/A,N/A,N/A,N/A,N/A,Bagration,Khimki III,77,0,90,54,1789776000,Sep 19 2026 - 12:00am,0.79,0.6,0.79,0.6,3.99,54,100,90,77,52,36,0,0,0,0,0.0,-2.0,0,0,0,incomplete,0,0,-1,-1,-1,-1,-1,-1,-1,-1,-1,-1,-1,-1,-1,-1,-1,-1,,,,,,,,,,0.0,0.0,0.0,0.0,,,,,,,,,,,,,,,,,,,,,0,10,23,49,64,,,,,,,,,,,,,,,,,0,,,,0.79,0.6,21,/russia/ds-bagration-vs-fk-khimki-iii-h2h-stats
18/09/2026 21:00,Russia,3rd Division Moskva Oblast,Domodedovo,Zorkiy,N/A,N/A,N/A,N/A,N/A,Domodedovo,Zorkiy,60,0,88,43,1789776000,Sep 19 2026 - 12:00am,2.55,1.6,2.55,1.6,3.3,43,95,88,60,30,18,0,0,0,0,0.0,-2.0,0,0,0,incomplete,0,0,-1,-1,-1,-1,-1,-1,-1,-1,-1,-1,-1,-1,-1,-1,-1,-1,,,,,,,,,,0.0,0.0,0.0,0.0,,,,,,,,,,,,,,,,,,,,,5,13,40,70,83,,,,,,,,,,,,,,,,,0,,,,2.55,1.6,21,/russia/fk-zorkiy-krasnogorsk-vs-domodedovo-h2h-stats
18/09/2026 21:00,Russia,3rd Division Moskva Oblast,Solnechnogorsk,SSh Lytkarino,N/A,N/A,N/A,N/A,N/A,Solnechnogorsk,SSh Lytkarino,80,0,93,65,1789776000,Sep 19 2026 - 12:00am,1.45,0.45,1.45,0.45,5.0,65,100,93,80,70,55,0,0,0,0,0.0,-2.0,0,0,0,incomplete,0,0,-1,-1,-1,-1,-1,-1,-1,-1,-1,-1,-1,-1,-1,-1,-1,-1,,,,,,,,,,0.0,0.0,0.0,0.0,,,,,,,,,,,,,,,,,,,,,0,8,20,30,45,,,,,,,,,,,,,,,,,0,,,,1.45,0.45,21,/russia/ssh-lytkarino-vs-solnechnogorsk-h2h-stats
18/09/2026 21:00,Russia,3rd Division Moskva Oblast,Khimik Yunior,Galaxy Lyubertsy,N/A,N/A,N/A,N/A,N/A,Khimik Yunior,Galaxy Lyubertsy,75,0,93,70,1789776000,Sep 19 2026 - 12:00am,1.9,1.9,1.9,1.9,4.15,70,98,93,75,58,33,0,0,0,0,0.0,-2.0,0,0,0,incomplete,0,0,-1,-1,-1,-1,-1,-1,-1,-1,-1,-1,-1,-1,-1,-1,-1,-1,,,,,,,,,,0.0,0.0,0.0,0.0,,,,,,,,,,,,,,,,,,,,,3,8,25,43,68,,,,,,,,,,,,,,,,,0,,,,1.9,1.9,21,/russia/fk-khimik-yunior-vs-galaxy-lyubertsy-h2h-stats
18/09/2026 21:00,Russia,3rd Division Moskva Oblast,Kolomna,Metallist Korolev,N/A,N/A,N/A,N/A,N/A,Kolomna,Metallist Korolev,72,0,85,67,1789776000,Sep 19 2026 - 12:00am,2.11,1.05,2.11,1.05,3.54,67,95,85,72,49,29,0,0,0,0,0.0,-2.0,0,0,0,incomplete,0,0,-1,-1,-1,-1,-1,-1,-1,-1,-1,-1,-1,-1,-1,-1,-1,-1,,,,,,,,,,0.0,0.0,0.0,0.0,,,,,,,,,,,,,,,,,,,,,6,16,29,52,72,,,,,,,,,,,,,,,,,0,,,,2.11,1.05,21,/russia/fk-kolomna-vs-fk-metallist-korolev-h2h-stats
18/09/2026 21:00,Russia,3rd Division Moskva Oblast,Torpedo Lyubertsy,Vityaz Noginsk,N/A,N/A,N/A,N/A,N/A,Torpedo Lyubertsy,Vityaz Noginsk,80,0,93,63,1789776000,Sep 19 2026 - 12:00am,0.3,1.0,0.3,1.0,4.33,63,100,93,80,63,43,0,0,0,0,0.0,-2.0,0,0,0,incomplete,0,0,-1,-1,-1,-1,-1,-1,-1,-1,-1,-1,-1,-1,-1,-1,-1,-1,,,,,,,,,,0.0,0.0,0.0,0.0,,,,,,,,,,,,,,,,,,,,,0,8,20,38,58,,,,,,,,,,,,,,,,,0,,,,0.3,1.0,21,/russia/fk-bogorodskiy-vityaz-noginsk-vs-torpedo-lyubertsy-h2h-stats
18/09/2026 21:00,Russia,3rd Division Ural and Western Siberia,Ilpar,Torpedo Miass II,N/A,N/A,N/A,N/A,N/A,Ilpar,Torpedo Miass II,83,0,83,52,1789776000,Sep 19 2026 - 12:00am,2.12,0.22,2.12,0.22,3.97,52,88,83,83,66,40,0,0,0,0,0.0,-2.0,0,0,0,incomplete,0,0,-1,-1,-1,-1,-1,-1,-1,-1,-1,-1,-1,-1,-1,-1,-1,-1,,,,,,,,,,0.0,0.0,0.0,0.0,,,,,,,,,,,,,,,,,,,,,12,18,18,35,61,,,,,,,,,,,,,,,,,0,,,,2.12,0.22,0,/russia/fk-ilpar-vs-fk-torpedo-miass-ii-h2h-stats
18/09/2026 21:00,Russia,3rd Division Ural and Western Siberia,Amkar Perm II,Chelyabinsk III,N/A,N/A,N/A,N/A,N/A,Amkar Perm II,Chelyabinsk III,75,0,86,39,1789776000,Sep 19 2026 - 12:00am,1.11,1.0,1.11,1.0,3.2,39,97,86,75,33,14,0,0,0,0,0.0,-2.0,0,0,0,incomplete,0,0,-1,-1,-1,-1,-1,-1,-1,-1,-1,-1,-1,-1,-1,-1,-1,-1,,,,,,,,,,0.0,0.0,0.0,0.0,,,,,,,,,,,,,,,,,,,,,3,14,25,67,86,,,,,,,,,,,,,,,,,0,,,,1.11,1.0,0,/russia/fk-chelyabinsk-m-chelyabinsk-iii-vs-fk-amkar-sdyushor-h2h-stats
18/09/2026 21:00,Russia,3rd Division Ural and Western Siberia,Ufa II,Tyumen II,N/A,N/A,N/A,N/A,N/A,Ufa II,Tyumen II,83,0,92,45,1789776000,Sep 19 2026 - 12:00am,1.89,1.39,1.89,1.39,3.78,45,97,92,83,56,39,0,0,0,0,0.0,-2.0,0,0,0,incomplete,0,0,-1,-1,-1,-1,-1,-1,-1,-1,-1,-1,-1,-1,-1,-1,-1,-1,,,,,,,,,,0.0,0.0,0.0,0.0,,,,,,,,,,,,,,,,,,,,,3,9,17,45,61,,,,,,,,,,,,,,,,,0,,,,1.89,1.39,0,/russia/fk-tyumen-d-vs-fk-berkut-ufa-fk-ufa-ii-h2h-stats
18/09/2026 21:00,Russia,3rd Division Moskva,Strogino II,Torpedo Moskva II,N/A,N/A,N/A,N/A,N/A,Strogino II,Torpedo Moskva II,66,0,78,60,1789776000,Sep 19 2026 - 12:00am,0.22,0.75,0.22,0.75,3.47,60,95,78,66,48,25,0,0,0,0,0.0,0.0,0,0,0,incomplete,0,0,-1,-1,-1,-1,-1,-1,-1,-1,-1,-1,-1,-1,-1,-1,-1,-1,,,,,,,,,,0.0,0.0,0.0,0.0,,,,,,,,,,,,,,,,,,,,,6,23,35,53,76,,,,,,,,,,,,,,,,,0,,,,0.44,1.38,17,/russia/fk-torpedo-moskva-ii-vs-strogino-ii-h2h-stats
18/09/2026 21:00,Russia,3rd Division Privolzhye,Nizhny Novgorod II,Sokol Saratov II,N/A,N/A,N/A,N/A,N/A,Nizhny Novgorod II,Sokol Saratov II,72,0,94,47,1789776000,Sep 19 2026 - 12:00am,0.89,0.72,0.89,0.72,3.53,47,97,94,72,50,22,0,0,0,0,5.0,-1.78,17,17,17,incomplete,0,0,-1,-1,-1,-1,-1,-1,-1,-1,-1,-1,-1,-1,-1,-1,-1,-1,,,,,,,,,,1.0,1.02,0.0,0.0,,,,,,,,,,,,,,,,,,,,,3,6,28,50,78,,,,,,,,,,,,,,,,,0,,,,0.89,0.72,19,/russia/rtspf-nn-elektrika-nizhny-novgorod-ii-vs-fk-sokol-saratov-ii-h2h-stats
18/09/2026 21:00,Russia,3rd Division Privolzhye,Feonit,Iskra Engels,N/A,N/A,N/A,N/A,N/A,Feonit,Iskra Engels,84,0,89,42,1789776000,Sep 19 2026 - 12:00am,1.33,0.0,1.33,0.0,4.73,42,100,89,84,67,50,0,0,0,0,4.43,-1.61,36,36,36,incomplete,0,0,-1,-1,-1,-1,-1,-1,-1,-1,-1,-1,-1,-1,-1,-1,-1,-1,,,,,,,,,,1.22,0.83,0.0,0.0,,,,,,,,,,,,,,,,,,,,,0,11,17,33,50,,,,,,,,,,,,,,,,,0,,,,1.33,0.0,19,/russia/feonit-vs-iskra-engels-h2h-stats
18/09/2026 21:00,Russia,3rd Division Privolzhye,Volga Ulyanovsk II,Dorozhnik,N/A,N/A,N/A,N/A,N/A,Volga Ulyanovsk II,Dorozhnik,75,0,94,53,1789776000,Sep 19 2026 - 12:00am,1.33,2.72,1.33,2.72,4.25,53,94,94,75,59,45,0,0,0,0,10.5,-1.89,25,25,25,incomplete,0,0,-1,-1,-1,-1,-1,-1,-1,-1,-1,-1,-1,-1,-1,-1,-1,-1,,,,,,,,,,0.0,1.7,0.0,0.0,,,,,,,,,,,,,,,,,,,,,6,6,25,42,56,,,,,,,,,,,,,,,,,0,,,,1.33,2.72,19,/russia/fk-volga-ulyanovsk-ii-vs-fc-dorozhnik-kamenka-h2h-stats
18/09/2026 21:00,Russia,3rd Division Privolzhye,ZaKiDok,Olimp Samara,N/A,N/A,N/A,N/A,N/A,ZaKiDok,Olimp Samara,86,0,94,52,1789776000,Sep 19 2026 - 12:00am,2.61,2.06,2.61,2.06,4.69,52,94,94,86,58,52,0,0,0,0,13.75,-1.7,88,88,75,incomplete,0,0,-1,-1,-1,-1,-1,-1,-1,-1,-1,-1,-1,-1,-1,-1,-1,-1,,,,,,,,,,2.03,1.77,0.0,0.0,,,,,,,,,,,,,,,,,,,,,6,6,15,43,49,,,,,,,,,,,,,,,,,0,,,,2.61,2.06,19,/russia/zakidok-vs-olimp-samara-h2h-stats
18/09/2026 21:00,Russia,3rd Division Privolzhye,BoMiK,Zenit Izhevsk II,N/A,N/A,N/A,N/A,N/A,BoMiK,Zenit Izhevsk II,72,0,95,46,1789776000,Sep 19 2026 - 12:00am,2.44,1.06,2.44,1.06,3.67,46,100,95,72,52,29,0,0,0,0,14.0,-1.94,50,50,50,incomplete,0,0,-1,-1,-1,-1,-1,-1,-1,-1,-1,-1,-1,-1,-1,-1,-1,-1,,,,,,,,,,1.64,0.0,0.0,0.0,,,,,,,,,,,,,,,,,,,,,0,6,29,49,72,,,,,,,,,,,,,,,,,0,,,,2.44,1.06,19,/russia/fk-zenit-izhevsk-ii-vs-bomik-tsivilsk-h2h-stats
18/09/2026 21:00,El Salvador,Salvadoran Primera División,INCA-Aruba,Fuerte San Francisco,Gol Limite (Over 0.5 2HG),79%,@1.27,+38.3%,1.5u,INCA-Aruba,Fuerte San Francisco,37,59,63,37,1789776000,Sep 19 2026 - 12:00am,0.8,0.67,0.8,0.67,2.36,37,90,63,37,37,11,59,22,79,41,6.62,-0.42,47,47,37,incomplete,0,0,-1,-1,-1,-1,-1,-1,-1,-1,-1,-1,-1,-1,-1,-1,-1,-1,2.5,3.02,2.62,,2.15,,,,,1.22,1.35,0.0,0.0,,,1.66,,,,,,,,,,,,,,,,,,11,37,64,64,90,,,,,,,,,,,,,,,,,13,,,,0.8,0.67,11,/el-salvador/cd-fuerte-san-francisco-vs-inca-aruba-h2h-stats
18/09/2026 21:00,Argentina,Torneo Federal A,Juventud Antoniana,Cipolletti,Gol Limite (Over 0.5 2HG),69%,@1.45,+20.8%,1.5u,Juventud Antoniana,Cipolletti,41,60,69,41,1789776000,Sep 19 2026 - 12:00am,1.27,0.91,1.27,0.91,2.14,41,87,69,41,18,0,60,32,69,27,7.97,0.44,43,29,20,incomplete,0,0,-1,-1,-1,-1,-1,-1,-1,-1,-1,-1,-1,-1,-1,-1,-1,-1,1.62,3.5,4.6,,,,,,,1.63,0.99,0.0,0.0,,,,,,,,,,,,,,,,,,,,,14,32,59,82,100,,,,,,,,,,,,,,,,,14,,,,1.17,1.61,0,/argentina/centro-juventud-antoniana-vs-club-cipolletti-h2h-stats
18/09/2026 21:00,Russia,3rd Division North West,Luki-Energiya II,GUOR Karelia,N/A,N/A,N/A,N/A,N/A,Luki-Energiya II,GUOR Karelia,63,0,100,100,1789776000,Sep 19 2026 - 12:00am,2.0,0.25,2.0,0.25,3.25,100,100,100,63,38,25,0,0,0,0,0.0,-2.0,0,0,0,incomplete,0,0,-1,-1,-1,-1,-1,-1,-1,-1,-1,-1,-1,-1,-1,-1,-1,-1,,,,,,,,,,0.0,0.0,0.0,0.0,,,,,,,,,,,,,,,,,,,,,0,0,38,63,75,,,,,,,,,,,,,,,,,0,,,,2.0,0.25,0,/russia/guor-karelia-vs-luki-energiya-ii-h2h-stats
18/09/2026 21:00,Turkmenistan,Ýokary Liga,Şagadam,Merw,N/A,N/A,N/A,N/A,N/A,Şagadam,Merw,56,0,96,56,1789776000,Sep 19 2026 - 12:00am,1.27,0.22,1.27,0.22,3.52,56,100,96,56,42,26,0,0,0,0,0.0,0.0,0,0,0,incomplete,0,0,-1,-1,-1,-1,-1,-1,-1,-1,-1,-1,-1,-1,-1,-1,-1,-1,,,,,,,,,,0.0,0.0,0.0,0.0,,,,,,,,,,,,,,,,,,,,,0,5,44,59,75,,,,,,,,,,,,,,,,,0,,,,1.0,0.95,21,/turkmenistan/sagadam-turkmenbasy-ft-vs-merw-mary-ft-h2h-stats
18/09/2026 21:00,Turkmenistan,Ýokary Liga,Aşgabat,Ahal,N/A,N/A,N/A,N/A,N/A,Aşgabat,Ahal,67,0,78,56,1789776000,Sep 19 2026 - 12:00am,1.22,1.78,1.22,1.78,3.28,56,100,78,67,39,17,0,0,0,0,0.0,0.0,0,0,0,incomplete,0,0,-1,-1,-1,-1,-1,-1,-1,-1,-1,-1,-1,-1,-1,-1,-1,-1,,,,,,,,,,0.0,0.0,0.0,0.0,,,,,,,,,,,,,,,,,,,,,0,22,34,62,84,,,,,,,,,,,,,,,,,0,,,,0.75,2.05,21,/turkmenistan/ahal-ft-vs-asgabat-ft-h2h-stats
18/09/2026 21:00,Turkmenistan,Ýokary Liga,Balkan FK,Altyn Asyr,N/A,N/A,N/A,N/A,N/A,Balkan FK,Altyn Asyr,36,0,71,23,1789776000,Sep 19 2026 - 12:00am,1.22,2.38,1.22,2.38,2.29,23,89,71,36,18,12,0,0,0,0,0.0,0.0,0,0,0,incomplete,0,0,-1,-1,-1,-1,-1,-1,-1,-1,-1,-1,-1,-1,-1,-1,-1,-1,,,,,,,,,,0.0,0.0,0.0,0.0,,,,,,,,,,,,,,,,,,,,,12,29,65,83,89,,,,,,,,,,,,,,,,,0,,,,0.95,2.11,21,/turkmenistan/balkan-fk-vs-altyn-asyr-fk-h2h-stats
18/09/2026 21:00,Mexico,Liga Premier Serie A,FC Santiago,Saltillo Soccer,N/A,N/A,N/A,N/A,N/A,FC Santiago,Saltillo Soccer,100,50,100,50,1789776000,Sep 19 2026 - 12:00am,3.0,3.0,3.0,3.0,4.0,50,100,100,100,50,50,50,50,50,50,3.0,0.0,0,0,0,incomplete,0,0,-1,-1,-1,-1,-1,-1,-1,-1,-1,-1,-1,-1,-1,-1,-1,-1,,,,,,,,,,0.0,0.0,0.0,0.0,,,,,,,,,,,,,,,,,,,,,0,0,0,50,50,,,,,,,,,,,,,,,,,50,,,,1.0,2.0,4,/mexico/fc-santiago-vs-saltillo-soccer-fc-h2h-stats
18/09/2026 21:00,Mexico,Liga Premier Serie A,Héroes de Zaci,Mineros de Fresnillo,N/A,N/A,N/A,N/A,N/A,Héroes de Zaci,Mineros de Fresnillo,0,0,0,0,1789776000,Sep 19 2026 - 12:00am,0.0,1.0,0.0,1.0,0.0,0,0,0,0,0,0,0,0,0,0,3.0,0.0,50,50,0,incomplete,0,0,-1,-1,-1,-1,-1,-1,-1,-1,-1,-1,-1,-1,-1,-1,-1,-1,,,,,,,,,,0.0,0.9,0.0,0.0,,,,,,,,,,,,,,,,,,,,,50,50,50,50,50,,,,,,,,,,,,,,,,,0,,,,0.5,1.67,4,/mexico/mineros-de-fresnillo-fc-vs-heroes-de-zaci-fc-h2h-stats
18/09/2026 21:15,Argentina,Primera División,Racing Club,Sarmiento,Gol Limite (Over 0.5 2HG),75%,@1.33,+31.2%,1.5u,Racing Club,Sarmiento,48,72,73,54,1789776900,Sep 19 2026 - 12:15am,1.07,1.4,1.07,1.4,2.34,54,91,73,48,16,6,72,25,75,39,8.06,6.48,49,39,27,incomplete,0,0,-1,-1,-1,-1,-1,-1,-1,-1,-1,-1,-1,-1,-1,-1,-1,-1,1.64,3.6,5.0,1.31,2.05,4.07,7.8,2.05,1.69,1.45,1.27,0.0,0.0,8.8,2.92,1.66,1.19,1.02,1.26,,2.22,,,,,,,,,,,,,10,27,52,85,94,1.44,2.84,7.1,2.75,1.34,1.05,1.24,2.4,5.3,3.4,1.55,1.1,,,,,13,1.22,10.0,5.0,1.07,1.4,10,/argentina/racing-club-de-avellaneda-vs-ca-sarmiento-h2h-stats
18/09/2026 22:00,Japan,Kyushu Soccer League,Kawasoe Club,Atletico Celeste,N/A,N/A,N/A,N/A,N/A,Kawasoe Club,Atletico Celeste,57,13,72,47,1789779600,Sep 19 2026 - 1:00am,0.88,0.56,0.88,0.56,2.85,47,88,72,57,32,19,13,7,16,16,6.17,-0.94,63,50,42,incomplete,0,0,-1,-1,-1,-1,-1,-1,-1,-1,-1,-1,-1,-1,-1,-1,-1,-1,,,,,,,,,,1.46,0.81,0.0,0.0,,,,,,,,,,,,,,,,,,,,,13,28,44,69,81,,,,,,,,,,,,,,,,,25,,,,0.88,0.56,17,/japan/kawasoe-club-vs-atletico-celeste-h2h-stats
18/09/2026 22:00,Japan,Kyushu Soccer League,Brew Saga,Miyakonojo,N/A,N/A,N/A,N/A,N/A,Brew Saga,Miyakonojo,63,13,76,51,1789779600,Sep 19 2026 - 1:00am,1.31,1.06,1.31,1.06,3.38,51,94,76,63,47,25,13,10,22,13,11.0,-1.25,34,34,25,incomplete,0,0,-1,-1,-1,-1,-1,-1,-1,-1,-1,-1,-1,-1,-1,-1,-1,-1,,,,,,,,,,2.09,1.62,0.0,0.0,,,,,,,,,,,,,,,,,,,,,7,26,38,54,75,,,,,,,,,,,,,,,,,50,,,,1.31,1.06,17,/japan/brew-saga-vs-miyakonojo-h2h-stats
18/09/2026 22:00,Mexico,Liga MX,Puebla,Atlante,Gol Limite (Over 0.5 2HG),82%,@1.22,+43.5%,1.5u,Puebla,Atlante,38,63,76,57,1789779600,Sep 19 2026 - 1:00am,1.63,0.88,1.63,0.88,2.44,57,94,76,38,19,19,63,26,82,38,8.63,3.26,69,69,57,incomplete,0,0,-1,-1,-1,-1,-1,-1,-1,-1,-1,-1,-1,-1,-1,-1,-1,-1,2.19,3.4,2.87,1.22,1.8,2.88,5.35,1.65,2.13,1.45,1.46,0.0,0.0,10.0,3.5,1.93,1.33,1.09,1.29,,1.62,,,1.25,1.51,1.86,2.39,3.2,2.88,2.23,1.82,1.46,1.25,7,26,63,82,82,1.34,2.6,5.5,3.2,1.47,1.1,1.22,2.01,4.15,3.95,1.73,1.16,,,,,17,1.62,6.5,3.03,1.63,0.88,9,/mexico/puebla-fc-vs-club-atlante-h2h-stats
18/09/2026 22:00,Peru,Primera División,Alianza Lima,ADT,Gol Limite (Over 0.5 2HG),65%,@1.54,+13.7%,1.0u,Alianza Lima,ADT,43,73,69,53,1789779600,Sep 19 2026 - 1:00am,2.04,0.88,2.04,0.88,2.48,53,96,69,43,24,8,73,34,65,41,9.06,5.12,40,32,28,incomplete,0,0,-1,-1,-1,-1,-1,-1,-1,-1,-1,-1,-1,-1,-1,-1,-1,-1,1.25,5.25,8.2,1.16,1.62,2.43,4.3,1.95,1.64,1.66,1.4,0.0,0.0,15.0,4.1,2.19,1.44,1.15,1.01,,3.52,,,1.38,1.69,2.16,2.81,3.99,2.73,1.99,1.63,1.35,1.16,4,32,57,77,92,1.29,2.38,5.5,3.4,1.5,1.13,1.2,1.84,3.5,4.6,1.88,1.22,,,,,16,1.17,10.5,7.6,2.04,0.88,10,/peru/club-alianza-lima-vs-asociacion-deportiva-tarma-h2h-stats
18/09/2026 22:00,Mexico,Ascenso MX,Piratas,Venados,Gol Limite (Over 0.5 2HG),63%,@1.59,+10.3%,1.0u,Piratas,Venados,57,76,82,57,1789779600,Sep 19 2026 - 1:00am,1.5,1.63,1.5,1.63,3.38,57,94,82,57,44,38,76,44,63,57,13.25,6.0,69,51,38,incomplete,0,0,-1,-1,-1,-1,-1,-1,-1,-1,-1,-1,-1,-1,-1,-1,-1,-1,,,,1.14,1.61,2.43,3.89,1.62,2.15,1.71,2.16,0.0,0.0,12.7,4.4,2.18,1.44,1.14,1.22,,2.15,,,1.22,1.45,1.79,2.19,2.88,3.52,2.48,1.92,1.56,1.31,7,19,44,57,63,1.26,2.25,5.75,3.24,1.48,1.11,1.15,1.8,3.7,4.7,1.85,1.26,,,,,25,1.48,8.15,3.78,1.5,1.63,9,/mexico/venados-fc-yucatan-vs-piratas-h2h-stats
18/09/2026 22:00,Mexico,Ascenso MX,Tepatitlán de Morelos,Mineros de Zacatecas,Gol Limite (Over 0.5 2HG),100%,@1.00,+75.0%,1.5u,Tepatitlán de Morelos,Mineros de Zacatecas,75,75,82,51,1789779600,Sep 19 2026 - 1:00am,0.38,1.38,0.38,1.38,4.0,51,100,82,75,69,51,75,38,100,76,8.38,6.26,32,26,26,incomplete,0,0,-1,-1,-1,-1,-1,-1,-1,-1,-1,-1,-1,-1,-1,-1,-1,-1,3.15,3.6,2.11,1.16,1.57,2.59,4.8,1.55,2.15,1.2,1.28,0.0,0.0,10.8,4.1,2.35,1.39,1.11,1.3,,1.33,,,1.3,1.56,1.98,2.59,3.58,2.97,2.15,1.7,1.39,1.21,0,19,25,32,51,1.3,2.44,5.8,2.9,1.44,1.08,1.2,1.91,3.9,4.0,1.8,1.21,,,,,13,1.75,7.15,2.74,0.38,1.38,9,/mexico/club-deportivo-mineros-de-zacatecas-vs-tepatitlan-de-morelos-h2h-stats
18/09/2026 22:00,Mexico,Liga Premier Serie A,Guerreros del Pacífico,CDM,N/A,N/A,N/A,N/A,N/A,Guerreros del Pacífico,CDM,50,100,100,50,1789779600,Sep 19 2026 - 1:00am,3.0,3.0,3.0,3.0,2.5,50,100,100,50,0,0,100,50,50,50,12.0,0.0,100,100,50,incomplete,0,0,-1,-1,-1,-1,-1,-1,-1,-1,-1,-1,-1,-1,-1,-1,-1,-1,,,,,,,,,,0.0,0.0,0.0,0.0,,,,,,,,,,,,,,,,,,,,,0,0,50,100,100,,,,,,,,,,,,,,,,,0,,,,1.5,2.33,4,/mexico/club-deportivo-mexiquense-fc-vs-guerreros-del-pacifico-h2h-stats
18/09/2026 22:00,New Zealand,Regional Leagues,Western Springs,Christchurch United,Gol Limite (Over 0.5 2HG),73%,@1.37,+27.7%,1.5u,Western Springs,Christchurch United,54,76,79,38,1789779600,Sep 19 2026 - 1:00am,1.09,1.21,1.09,1.21,3.03,38,93,79,54,36,24,76,48,73,47,8.76,-2.0,71,57,45,incomplete,0,0,-1,-1,-1,-1,-1,-1,-1,-1,-1,-1,-1,-1,-1,-1,-1,-1,,,,,,,,,,1.15,1.22,0.0,0.0,,,,,,,,,,,,,,,,,,,,,8,22,46,65,77,,,,,,,,,,,,,,,,,15,,,,1.09,1.21,0,/new-zealand/western-springs-afc-vs-christchurch-united-afc-h2h-stats
18/09/2026 22:30,Panama,LPF,San Francisco FC,Árabe Unido,Over 0.5 HT,82%,@1.22,+18.1%,1.5u,San Francisco FC,Árabe Unido,57,82,69,63,1789781400,Sep 19 2026 - 1:30am,2.13,1.88,2.13,1.88,2.75,63,88,69,57,38,19,82,50,63,44,8.75,3.26,51,19,7,incomplete,0,0,-1,-1,-1,-1,-1,-1,-1,-1,-1,-1,-1,-1,-1,-1,-1,-1,2.4,2.87,2.8,1.43,2.38,3.4,10.0,1.99,1.7,1.36,1.01,0.0,0.0,6.4,2.56,1.49,1.1,1.03,1.3,,1.45,,,1.61,2.03,3.48,3.85,5.94,2.16,1.7,1.38,1.18,1.05,13,32,44,63,82,1.44,3.15,10.0,2.45,1.29,1.05,1.35,2.5,6.0,2.94,1.44,1.07,,,,,34,,,,2.13,1.88,9,/panama/san-francisco-fc-panama-vs-cd-arabe-unido-h2h-stats
18/09/2026 22:30,Honduras,Liga Nacional de Fútbol Profesional de Honduras,Atletico Choloma,Estrella Roja,N/A,N/A,N/A,N/A,N/A,Atletico Choloma,Estrella Roja,50,71,72,43,1789781400,Sep 19 2026 - 1:30am,0.57,1.29,0.57,1.29,2.79,43,93,72,50,36,15,71,36,58,43,12.29,-0.43,43,43,36,incomplete,0,0,-1,-1,-1,-1,-1,-1,-1,-1,-1,-1,-1,-1,-1,-1,-1,-1,2.3,3.2,2.47,1.23,1.83,3.05,5.7,1.64,2.08,1.47,1.92,0.0,0.0,10.0,3.42,1.84,1.28,1.09,1.25,,1.43,,,,,,,,,,,,,7,29,50,65,86,1.33,2.75,6.5,3.0,1.4,1.08,1.2,2.02,4.1,4.0,1.68,1.18,,,,,0,,,,0.57,1.29,8,/honduras/atletico-choloma-vs-estrella-roja-h2h-stats
18/09/2026 23:00,USA,NWSL,San Diego Wave,Kansas City,Over 0.5 HT,88%,@1.14,+11.8%,1.0u,San Diego Wave,Kansas City,57,88,85,48,1789783200,Sep 19 2026 - 2:00am,1.69,0.83,1.69,0.83,2.69,48,100,85,57,16,8,88,48,69,37,9.48,2.09,48,32,20,incomplete,0,0,-1,-1,-1,-1,-1,-1,-1,-1,-1,-1,-1,-1,-1,-1,-1,-1,,,,1.19,1.72,2.69,4.55,1.57,2.15,1.95,1.26,0.0,0.0,10.6,3.75,2.01,1.4,1.13,1.22,,1.5,,,1.4,1.74,2.21,2.96,4.26,2.61,1.97,1.58,1.31,1.14,0,16,44,85,93,1.27,2.32,5.9,3.3,1.49,1.08,1.2,1.93,4.0,4.2,1.75,1.2,,,,,24,1.97,6.83,2.38,1.75,1.58,22,/usa/kansas-city-vs-san-diego-wave-fc-h2h-stats
18/09/2026 23:00,Costa Rica,Primera División FPD,Pérez Zeledón,Sporting San José,Cantos Over 8.5,82%,@1.22,+23.0%,1.5u,Pérez Zeledón,Sporting San José,32,69,69,44,1789783200,Sep 19 2026 - 2:00am,1.0,1.75,1.0,1.75,2.44,44,94,69,32,19,19,69,32,57,32,9.25,5.38,82,76,63,incomplete,0,0,-1,-1,-1,-1,-1,-1,-1,-1,-1,-1,-1,-1,-1,-1,-1,-1,3.5,3.25,2.08,1.33,2.08,3.34,6.4,1.83,1.91,1.28,1.65,0.0,0.0,7.3,3.24,1.65,1.28,1.05,1.24,,1.29,,,1.24,1.5,2.1,2.35,3.16,3.32,2.37,1.85,1.51,1.27,7,32,69,82,82,1.36,3.01,7.4,2.75,1.36,1.08,1.25,2.25,5.0,3.3,1.58,1.13,,,,,13,,,,1.0,1.75,9,/costa-rica/municipal-de-perez-zeledon-vs-sporting-san-jose-fc-h2h-stats
18/09/2026 23:00,Guatemala,Liga Nacional de Fútbol de Guatemala,Comunicaciones,Guastatoya,Gol Limite (Over 0.5 2HG),89%,@1.12,+55.8%,1.5u,Comunicaciones,Guastatoya,39,67,67,44,1789783200,Sep 19 2026 - 2:00am,1.0,1.78,1.0,1.78,2.5,44,95,67,39,28,11,67,28,89,28,7.67,4.56,56,50,22,incomplete,0,0,-1,-1,-1,-1,-1,-1,-1,-1,-1,-1,-1,-1,-1,-1,-1,-1,1.95,2.9,3.75,1.33,2.11,3.5,8.0,2.0,1.7,1.39,1.39,0.0,0.0,9.0,2.83,1.65,1.22,1.07,1.24,,1.97,,,,,,,,,,,,,6,33,62,73,89,1.41,2.77,9.0,2.55,1.31,1.03,1.28,2.24,5.3,3.3,1.55,1.11,,,,,13,,,,1.0,1.78,10,/guatemala/csd-comunicaciones-vs-deportivo-guastatoya-h2h-stats
18/09/2026 23:00,Australia,Victoria NPL 3,Bayside Argonauts,Essendon Royals,Gol Limite (Over 0.5 2HG),72%,@1.39,+26.0%,1.5u,Bayside Argonauts,Essendon Royals,65,61,82,67,1789783200,Sep 19 2026 - 2:00am,1.96,1.81,1.96,1.81,3.59,67,98,82,65,50,37,61,45,72,43,11.06,-2.0,78,62,49,incomplete,0,0,-1,-1,-1,-1,-1,-1,-1,-1,-1,-1,-1,-1,-1,-1,-1,-1,,,,,,,,,,0.0,0.0,0.0,0.0,,,,,,,,,,,,,,,,,,,,,2,19,35,50,63,,,,,,,,,,,,,,,,,25,,,,1.96,1.81,0,/australia/bayside-argonauts-fc-vs-essendon-royals-h2h-stats
