date_unix,date_GMT,Country,League,Home Team,Away Team,Home Team Points Per Game (Pre-Match),Away Team Points Per Game (Pre-Match),Home Team Points Per Game (Current),Away Team Points Per Game (Current),Average Goals,BTTS Average,Over05 Average,Over15 Average,Over25 Average,Over35 Average,Over45 Average,Over05 FHG HT Average,Over15 FHG HT Average,Over05 2HG Average,Over15 2HG Average,Average Corners,Average Cards,Average Over 8.5 Corners,Average Over 9.5 Corners,Average Over 10.5 Corners,Match Status,Result - Home Team Goals,Result - Away Team Goals,Home Team Corners,Away Team Corners,Home Team Offsides,Away Team Offsides,Home Team Yellow Cards,Away Team Yellow Cards,Home Team Red Cards,Away Team Red Cards,Home Team Shots,Away Team Shots,Home Team Shots On Target,Away Team Shots On Target,Home Team Shots Off Target,Away Team Shots Off Target,Home Team Possession,Away Team Possession,Odds_Home_Win,Odds_Draw,Odds_Away_Win,Odds_Over15,Odds_Over25,Odds_Over35,Odds_Over45,Odds_BTTS_Yes,Odds_BTTS_No,Home Team Pre-Match xG,Away Team Pre-Match xG,Home Team xG,Away Team xG,Odds_Under05,Odds_Under15,Odds_Under25,Odds_Under35,Odds_Under45,Odds_DoubleChance_1x,Odds_DoubleChance_12,Odds_DoubleChance_x2,Odds_DrawNoBet_1,Odds_DrawNoBet_2,Odds_Corners_Over75,Odds_Corners_Over85,Odds_Corners_Over95,Odds_Corners_Over105,Odds_Corners_Over115,Odds_Corners_Under75,Odds_Corners_Under85,Odds_Corners_Under95,Odds_Corners_Under105,Odds_Corners_Under115,Under05 Average,Under15 Average,Under25 Average,Under35 Average,Under45 Average,Odds_1st_Half_Over05,Odds_1st_Half_Over15,Odds_1st_Half_Over25,Odds_1st_Half_Under05,Odds_1st_Half_Under15,Odds_1st_Half_Under25,Odds_2nd_Half_Over05,Odds_2nd_Half_Over15,Odds_2nd_Half_Over25,Odds_2nd_Half_Under05,Odds_2nd_Half_Under15,Odds_2nd_Half_Under25,Odds_1st_Half_BTTS_Yes,Odds_1st_Half_BTTS_No,Odds_2nd_Half_BTTS_Yes,Odds_2nd_Half_BTTS_No,1H BTTS Average,Odds_Home_Team_Had_More_Corners,Odds_Both_Teams_Same_Corners,Odds_Away_Team_Had_More_Corners,Home Team Overall Points Per Game (Pre-Match),Away Team Overall Points Per Game (Pre-Match),Game Week,Match FootyStats URL
1789466400,Sep 15 2026 - 10:00am,Sri Lanka,Super League,Blue Eagles,Navy Sea Hawks,2.0,2.33,2.0,2.33,1.5,0,84,67,0,0,0,17,0,17,0,0.0,0.0,0,0,0,incomplete,0,0,-1,-1,-1,-1,-1,-1,-1,-1,-1,-1,-1,-1,-1,-1,-1,-1,,,,,,,,,,0.0,0.0,0.0,0.0,,,,,,,,,,,,,,,,,,,,,17,33,100,100,100,,,,,,,,,,,,,,,,,0,,,,1.25,1.88,9,/sri-lanka/navy-sea-hawks-vs-blue-eagles-h2h-stats
1789470000,Sep 15 2026 - 11:00am,Lesotho,Lesotho Premier League,Manonyane,Limkokwing University,2.0,3.0,2.0,3.0,3.0,25,100,50,50,50,25,0,0,0,0,0.0,0.0,0,0,0,incomplete,0,0,-1,-1,-1,-1,-1,-1,-1,-1,-1,-1,-1,-1,-1,-1,-1,-1,,,,,,,,,,0.0,0.0,0.0,0.0,,,,,,,,,,,,,,,,,,,,,0,50,50,50,75,,,,,,,,,,,,,,,,,0,,,,2.0,1.33,4,/lesotho/manonyane-fc-vs-limkokwing-university-fc-h2h-stats
1789470000,Sep 15 2026 - 11:00am,Lesotho,Lesotho Premier League,Members,Lifofane,0.5,0.5,0.5,0.5,2.25,25,75,75,50,25,0,0,0,0,0,0.0,0.0,0,0,0,incomplete,0,0,-1,-1,-1,-1,-1,-1,-1,-1,-1,-1,-1,-1,-1,-1,-1,-1,,,,,,,,,,0.0,0.0,0.0,0.0,,,,,,,,,,,,,,,,,,,,,25,25,50,75,100,,,,,,,,,,,,,,,,,0,,,,0.67,0.33,4,/lesotho/lifofane-fc-vs-fc-members-h2h-stats
1789471800,Sep 15 2026 - 11:30am,Tajikistan,Vysshaya Liga,Khujand,Istiqlol,1.71,2.13,1.71,2.13,1.73,27,80,54,20,14,7,32,14,54,34,0.0,0.0,0,0,0,incomplete,0,0,-1,-1,-1,-1,-1,-1,-1,-1,-1,-1,-1,-1,-1,-1,-1,-1,,,,,,,,,,0.0,0.0,0.0,0.0,,,,,,,,,,,,,,,,,,,,,21,47,81,87,93,,,,,,,,,,,,,,,,,9,,,,1.33,2.27,17,/tajikistan/fk-istiqlol-dushanbe-vs-fk-khujand-h2h-stats
1789473600,Sep 15 2026 - 12:00pm,Armenia,First League,Pyunik II,Araks Ararat,2.33,0.5,2.33,0.5,1.92,67,100,67,25,0,0,67,25,84,17,0.0,0.0,0,0,0,incomplete,0,0,-1,-1,-1,-1,-1,-1,-1,-1,-1,-1,-1,-1,-1,-1,-1,-1,1.83,4.08,3.13,,,,,,,0.0,0.0,0.0,0.0,,,,,,,,,,,,,,,,,,,,,0,34,75,100,100,,,,,,,,,,,,,,,,,25,,,,1.83,1.25,7,/armenia/pyunik-fc-ii-vs-fc-araks-ararat-h2h-stats
1789473600,Sep 15 2026 - 12:00pm,Armenia,First League,Olympia,Shirak II,3.0,1.5,3.0,1.5,3.09,42,100,100,84,25,0,84,59,75,42,0.0,0.0,0,0,0,incomplete,0,0,-1,-1,-1,-1,-1,-1,-1,-1,-1,-1,-1,-1,-1,-1,-1,-1,1.1,6.64,14.8,,,,,,,0.0,0.0,0.0,0.0,,,,,,,,,,,,,,,,,,,,,0,0,17,75,100,,,,,,,,,,,,,,,,,42,,,,2.67,1.0,7,/armenia/shirak-fc-ii-vs-olympia-h2h-stats
1789473600,Sep 15 2026 - 12:00pm,Armenia,First League,Mika Yerevan,Banants II,1.5,0.33,1.5,0.33,4.0,67,100,100,67,67,42,67,42,100,75,0.0,0.0,0,0,0,incomplete,0,0,-1,-1,-1,-1,-1,-1,-1,-1,-1,-1,-1,-1,-1,-1,-1,-1,1.89,4.49,2.79,,,,,,,0.0,0.0,0.0,0.0,,,,,,,,,,,,,,,,,,,,,0,0,34,34,59,,,,,,,,,,,,,,,,,25,,,,1.4,1.0,7,/armenia/fc-banants-ii-vs-sc-mika-yerevan-h2h-stats
1789473600,Sep 15 2026 - 12:00pm,Armenia,First League,Lernayin Artsakh,Sardarapat II,3.0,1.0,3.0,1.0,2.34,0,100,42,42,25,25,67,42,75,25,0.0,0.0,0,0,0,incomplete,0,0,-1,-1,-1,-1,-1,-1,-1,-1,-1,-1,-1,-1,-1,-1,-1,-1,1.36,4.94,5.86,,,,,,,0.0,0.0,0.0,0.0,,,,,,,,,,,,,,,,,,,,,0,59,59,75,75,,,,,,,,,,,,,,,,,0,,,,1.2,0.6,7,/armenia/fk-lernayin-artsakh-goris-vs-sardarapat-ii-h2h-stats
1789473600,Sep 15 2026 - 12:00pm,England,Central League Cup,Derby County Res.,Salford City Res.,0.0,0.0,0.0,0.0,0.0,0,0,0,0,0,0,0,0,0,0,0.0,0.0,0,0,0,incomplete,0,0,-1,-1,-1,-1,-1,-1,-1,-1,-1,-1,-1,-1,-1,-1,-1,-1,1.65,4.4,3.75,,1.3,,,,,0.0,0.0,0.0,0.0,,,3.4,,,,,,,,,,,,,,,,,,0,0,0,0,0,,,,,,,,,,,,,,,,,0,,,,0.0,0.0,1,/england/derby-county-fc-reserves-vs-salford-city-reserves-h2h-stats
1789473600,Sep 15 2026 - 12:00pm,England,Professional Development League,Coventry City U21,Barnsley U21,0.0,3.0,0.0,3.0,4.0,100,100,100,100,25,25,100,50,75,50,11.0,0.0,100,100,100,incomplete,0,0,-1,-1,-1,-1,-1,-1,-1,-1,-1,-1,-1,-1,-1,-1,-1,-1,2.04,3.95,2.7,1.05,1.36,1.75,2.75,1.29,3.16,1.5,1.36,0.0,0.0,18.5,6.55,3.0,1.97,1.4,1.4,,1.67,,,,,,,,,,,,,0,0,0,75,75,1.11,1.88,3.8,4.85,1.89,1.22,1.08,1.49,2.7,6.0,2.32,1.4,,,,,50,,,,0.0,2.33,4,/england/coventry-city-under-21-vs-barnsley-under-21-h2h-stats
1789473600,Sep 15 2026 - 12:00pm,England,Professional Development League,Peterborough United U21,Bristol City U21,3.0,1.0,3.0,1.0,2.0,50,100,100,0,0,0,50,50,50,50,15.0,0.0,100,100,50,incomplete,0,0,-1,-1,-1,-1,-1,-1,-1,-1,-1,-1,-1,-1,-1,-1,-1,-1,2.05,4.0,2.55,1.01,1.25,1.6,2.35,1.22,3.7,2.15,1.37,0.0,0.0,21.0,8.6,3.75,2.24,1.48,1.4,,1.58,,,,,,,,,,,,,0,0,100,100,100,1.15,1.72,3.15,5.3,1.96,1.27,1.06,1.38,2.23,7.3,2.64,1.53,,,,,0,,,,3.0,1.67,4,/england/bristol-city-under-21-vs-peterborough-united-under-21-h2h-stats
1789474500,Sep 15 2026 - 12:15pm,Asia,AFC Challenge League,Kasuka,Karketu Dili,0.0,0.0,0.0,0.0,0.0,0,0,0,0,0,0,0,0,0,0,0.0,0.0,0,0,0,incomplete,0,0,-1,-1,-1,-1,-1,-1,-1,-1,-1,-1,-1,-1,-1,-1,-1,-1,,,,,,,,,,0.0,0.0,0.0,0.0,,,,,,,,,,,,,,,,,,,,,0,0,0,0,0,,,,,,,,,,,,,,,,,0,,,,0.0,0.0,0,/asia/kasuka-fc-vs-karketu-dili-h2h-stats
1789474500,Sep 15 2026 - 12:15pm,Asia,AFC Champions League,Johor Darul Ta'zim,Buriram United,0.0,0.0,0.0,0.0,0.0,0,0,0,0,0,0,0,0,0,0,0.0,0.0,0,0,0,incomplete,0,0,-1,-1,-1,-1,-1,-1,-1,-1,-1,-1,-1,-1,-1,-1,-1,-1,1.53,4.25,5.25,1.19,1.61,2.54,4.5,1.73,2.0,0.0,0.0,0.0,0.0,13.0,4.67,2.25,1.52,1.16,1.06,,2.62,,,1.26,1.5,1.87,2.3,2.9,2.93,2.31,1.81,1.57,1.26,0,0,0,0,0,1.25,2.23,5.5,3.5,1.6,1.13,1.14,1.81,3.75,4.4,1.91,1.24,,,,,0,1.33,10.0,3.92,0.0,0.0,1,/asia/johor-darul-tazim-fc-vs-buriram-united-fc-h2h-stats
1789474500,Sep 15 2026 - 12:15pm,Asia,AFC Champions League,Beijing Guoan,Pohang Steelers,0.0,0.0,0.0,0.0,0.0,0,0,0,0,0,0,0,0,0,0,0.0,0.0,0,0,0,incomplete,0,0,-1,-1,-1,-1,-1,-1,-1,-1,-1,-1,-1,-1,-1,-1,-1,-1,1.67,3.95,4.5,1.19,1.75,2.64,5.5,1.65,2.1,0.0,0.0,0.0,0.0,11.4,3.74,2.0,1.36,1.11,1.18,,2.1,,,1.28,1.57,2.0,2.53,3.5,3.05,2.26,1.76,1.42,1.22,0,0,0,0,0,1.33,2.41,5.1,2.91,1.48,1.08,1.17,1.94,3.84,4.1,1.73,1.19,,,,,0,1.45,7.5,3.7,0.0,0.0,1,/asia/beijing-guoan-fc-vs-pohang-steelers-fc-h2h-stats
1789476300,Sep 15 2026 - 12:45pm,Israel,State Cup,Hapoel Ihud Bnei Jatt FC,Beitar Nahariya,0.0,0.0,0.0,0.0,0.0,0,0,0,0,0,0,0,0,0,0,0.0,0.0,0,0,0,incomplete,0,0,-1,-1,-1,-1,-1,-1,-1,-1,-1,-1,-1,-1,-1,-1,-1,-1,,,,,,,,,,0.0,0.0,0.0,0.0,,,,,,,,,,,,,,,,,,,,,0,0,0,0,0,,,,,,,,,,,,,,,,,0,,,,0.0,0.0,0,/israel/beitar-nahariya-fc-vs-hapoel-ihud-bnei-jatt-fc-h2h-stats
1789476300,Sep 15 2026 - 12:45pm,Mozambique,Mocambola,Sofala,Ferroviário Maputo,1.29,0.43,1.29,0.43,1.43,29,71,36,22,14,0,14,7,50,22,12.25,0.0,88,88,75,incomplete,0,0,-1,-1,-1,-1,-1,-1,-1,-1,-1,-1,-1,-1,-1,-1,-1,-1,2.2,2.45,4.1,,,,,,,1.84,1.44,0.0,0.0,,,,,,,,,,,,,,,,,,,,,29,64,79,86,100,,,,,,,,,,,,,,,,,7,,,,1.06,1.18,20,/mozambique/clube-ferroviario-de-maputo-vs-sofala-h2h-stats
1789477200,Sep 15 2026 - 1:00pm,England,Professional Development League,Millwall U21,Bolton Wanderers U21,0.0,3.0,0.0,3.0,3.5,50,100,50,50,50,50,50,50,100,50,7.0,0.0,100,100,100,incomplete,0,0,-1,-1,-1,-1,-1,-1,-1,-1,-1,-1,-1,-1,-1,-1,-1,-1,1.81,3.74,3.3,,1.44,,,,,0.99,1.03,0.0,0.0,,,2.62,,,,,,,,,,,,,,,,,,0,50,50,50,50,,,,,,,,,,,,,,,,,0,,,,0.0,3.0,4,/england/millwall-under-21-vs-bolton-wanderers-u21-h2h-stats
1789477200,Sep 15 2026 - 1:00pm,England,Professional Development League,Wigan Athletic U21,Colchester United U21,0.0,1.5,0.0,1.5,6.25,50,100,100,100,100,75,100,100,75,75,9.0,0.0,75,25,0,incomplete,0,0,-1,-1,-1,-1,-1,-1,-1,-1,-1,-1,-1,-1,-1,-1,-1,-1,1.56,4.3,4.1,1.01,1.15,1.45,2.0,1.23,3.61,0.95,0.9,0.0,0.0,,10.0,4.3,2.41,1.73,1.14,,2.18,,,,,,,,,,,,,0,0,0,0,25,1.08,1.62,2.71,6.0,2.17,1.36,1.03,1.32,2.05,9.1,2.88,1.66,,,,,50,,,,0.5,1.0,4,/england/colchester-united-under-21-vs-wigan-athletic-under-21-h2h-stats
1789477200,Sep 15 2026 - 1:00pm,Uganda,Uganda Premier League,NEC,URA,3.0,3.0,3.0,3.0,3.5,100,100,100,100,50,0,50,0,100,100,11.0,0.0,50,50,50,incomplete,0,0,-1,-1,-1,-1,-1,-1,-1,-1,-1,-1,-1,-1,-1,-1,-1,-1,2.0,2.85,3.58,1.46,2.5,5.5,11.0,1.93,1.47,1.88,0.99,0.0,0.0,7.5,2.38,1.4,1.11,1.01,1.18,,1.6,,,,,,,,,,,,,0,0,0,50,100,1.45,3.5,11.0,2.22,1.22,1.04,1.33,2.64,,2.85,1.38,,,,,,0,,,,2.33,1.5,4,/uganda/uganda-revenue-authority-fc-vs-nec-fc-h2h-stats
1789477200,Sep 15 2026 - 1:00pm,Uganda,Uganda Premier League,SC Villa,Kigezi Home Boyz,2.0,0.0,2.0,0.0,2.5,75,100,100,50,0,0,50,0,100,50,6.5,0.0,50,0,0,incomplete,0,0,-1,-1,-1,-1,-1,-1,-1,-1,-1,-1,-1,-1,-1,-1,-1,-1,1.5,3.55,6.8,,2.3,,,,,1.19,2.22,0.0,0.0,,,1.6,,,,,,,,,,,,,,,,,,0,0,50,100,100,,,,,,,,,,,,,,,,,0,,,,2.33,0.5,4,/uganda/sports-club-villa-jogoo-vs-kigezi-home-boyz-fc-h2h-stats
1789477200,Sep 15 2026 - 1:00pm,Uganda,Uganda Premier League,BUL,Blacks Power,3.0,3.0,3.0,3.0,3.0,75,100,75,75,25,25,100,25,75,75,12.0,0.0,50,50,50,incomplete,0,0,-1,-1,-1,-1,-1,-1,-1,-1,-1,-1,-1,-1,-1,-1,-1,-1,1.68,3.18,5.25,,2.5,,,,,1.9,1.64,0.0,0.0,,,1.5,,,,,,,,,,,,,,,,,,0,25,25,75,75,,,,,,,,,,,,,,,,,25,,,,3.0,3.0,4,/uganda/bidco-bul-fc-vs-blacks-power-h2h-stats
1789477200,Sep 15 2026 - 1:00pm,Poland,Polish Cup,Widzew Łódź II,Polonia Bytom,0.0,0.0,0.0,0.0,0.0,0,0,0,0,0,0,0,0,0,0,0.0,0.0,0,0,0,incomplete,0,0,-1,-1,-1,-1,-1,-1,-1,-1,-1,-1,-1,-1,-1,-1,-1,-1,3.9,4.0,1.45,1.18,1.65,2.7,4.8,1.75,2.0,0.0,0.0,0.0,0.0,11.1,4.5,2.1,1.44,1.14,2.1,,1.11,,,,,,,,,,,,,0,0,0,0,0,1.3,2.4,5.8,3.25,1.5,1.12,1.2,1.95,4.0,4.4,1.75,1.2,,,,,0,,,,0.0,0.0,0,/poland/ts-polonia-bytom-vs-ks-widzew-lodz-ii-h2h-stats
1789477200,Sep 15 2026 - 1:00pm,Israel,State Cup,Shefa-Amr,Hapoel Yarka,2.0,2.0,2.0,2.0,3.5,17,75,75,75,59,34,42,17,42,25,7.0,-2.0,0,0,0,incomplete,0,0,-1,-1,-1,-1,-1,-1,-1,-1,-1,-1,-1,-1,-1,-1,-1,-1,,,,,,,,,,0.0,0.0,0.0,0.0,,,,,,,,,,,,,,,,,,,,,25,25,25,42,67,,,,,,,,,,,,,,,,,0,,,,2.0,2.0,0,/israel/shefa-amr-fc-vs-hapoel-yarka-h2h-stats
1789477200,Sep 15 2026 - 1:00pm,Israel,State Cup,Beitar Petah Tikva,Bnei Yehud,3.0,2.33,3.0,2.33,3.42,42,100,67,42,42,42,0,0,25,25,4.5,-2.0,25,25,25,incomplete,0,0,-1,-1,-1,-1,-1,-1,-1,-1,-1,-1,-1,-1,-1,-1,-1,-1,,,,,,,,,,0.0,0.0,0.0,0.0,,,,,,,,,,,,,,,,,,,,,0,34,59,59,59,,,,,,,,,,,,,,,,,0,,,,3.0,2.33,0,/israel/beitar-petah-tikva-fc-vs-bnei-yehud-h2h-stats
1789477200,Sep 15 2026 - 1:00pm,Lesotho,Lesotho Premier League,LMPS,Bantu,1.0,2.0,1.0,2.0,3.25,100,100,100,50,25,25,0,0,0,0,0.0,0.0,0,0,0,incomplete,0,0,-1,-1,-1,-1,-1,-1,-1,-1,-1,-1,-1,-1,-1,-1,-1,-1,,,,,,,,,,0.0,0.0,0.0,0.0,,,,,,,,,,,,,,,,,,,,,0,0,50,75,75,,,,,,,,,,,,,,,,,0,,,,0.33,2.33,4,/lesotho/bantu-fc-vs-lesotho-mounted-police-service-fc-h2h-stats
1789477200,Sep 15 2026 - 1:00pm,Lesotho,Lesotho Premier League,Mzamane,LCS,3.0,1.5,3.0,1.5,2.0,50,100,50,50,0,0,0,0,0,0,0.0,0.0,0,0,0,incomplete,0,0,-1,-1,-1,-1,-1,-1,-1,-1,-1,-1,-1,-1,-1,-1,-1,-1,,,,,,,,,,0.0,0.0,0.0,0.0,,,,,,,,,,,,,,,,,,,,,0,50,50,100,100,,,,,,,,,,,,,,,,,0,,,,1.0,1.0,4,/lesotho/lcs-vs-mzamane-fc-h2h-stats
1789477200,Sep 15 2026 - 1:00pm,Lesotho,Lesotho Premier League,Majantja,Linare,2.0,0.0,2.0,0.0,2.75,50,75,50,50,50,50,0,0,0,0,0.0,0.0,0,0,0,incomplete,0,0,-1,-1,-1,-1,-1,-1,-1,-1,-1,-1,-1,-1,-1,-1,-1,-1,,,,,,,,,,0.0,0.0,0.0,0.0,,,,,,,,,,,,,,,,,,,,,25,50,50,50,50,,,,,,,,,,,,,,,,,0,,,,2.33,2.0,4,/lesotho/linare-fc-vs-majantja-fc-h2h-stats
1789479000,Sep 15 2026 - 1:30pm,Uzbekistan,Cup,Bunyodkor,Lokomotiv,3.0,1.33,3.0,1.33,3.34,50,100,84,67,50,17,84,84,67,34,8.0,-1.0,50,25,0,incomplete,0,0,-1,-1,-1,-1,-1,-1,-1,-1,-1,-1,-1,-1,-1,-1,-1,-1,3.35,3.2,2.05,1.3,2.1,3.74,7.4,2.0,1.69,2.44,1.79,0.0,0.0,8.7,3.2,1.65,1.19,1.03,1.19,,1.1,,,,,,,,,,,,,0,17,33,50,84,1.36,3.0,7.7,2.73,1.33,1.07,1.26,2.29,5.1,3.5,1.53,1.13,,,,,25,,,,3.0,1.33,0,/uzbekistan/fk-lokomotiv-tashkent-vs-fk-bunyodkor-h2h-stats
1789479000,Sep 15 2026 - 1:30pm,Slovakia,Slovakia Cup,Veľké Ludince,DAC,3.0,3.0,3.0,3.0,8.0,25,100,75,75,75,75,50,50,50,50,5.0,-1.0,0,0,0,incomplete,0,0,-1,-1,-1,-1,-1,-1,-1,-1,-1,-1,-1,-1,-1,-1,-1,-1,28.0,13.0,1.04,,1.16,,,,,0.0,3.34,0.0,0.0,,,4.5,,,,,,,,,,,,,,,,,,0,25,25,25,25,,,,,,,,,,,,,,,,,0,,,,3.0,3.0,0,/slovakia/dac-1904-dunajska-streda-vs-tj-druzstevnik-velke-ludince-h2h-stats
1789479000,Sep 15 2026 - 1:30pm,Lesotho,Lesotho Premier League,Machokha,Lioli,0.0,0.0,0.0,0.0,1.0,25,50,25,25,0,0,0,0,0,0,0.0,0.0,0,0,0,incomplete,0,0,-1,-1,-1,-1,-1,-1,-1,-1,-1,-1,-1,-1,-1,-1,-1,-1,,,,,,,,,,0.0,0.0,0.0,0.0,,,,,,,,,,,,,,,,,,,,,0,25,25,50,50,,,,,,,,,,,,,,,,,0,,,,0.0,2.33,4,/lesotho/lioli-fc-vs-machokha-fc-h2h-stats
1789479000,Sep 15 2026 - 1:30pm,Lesotho,Lesotho Premier League,Machokha,Lioli,0.0,0.0,0.0,0.0,1.0,25,50,25,25,0,0,0,0,0,0,0.0,0.0,0,0,0,incomplete,0,0,-1,-1,-1,-1,-1,-1,-1,-1,-1,-1,-1,-1,-1,-1,-1,-1,,,,,,,,,,0.0,0.0,0.0,0.0,,,,,,,,,,,,,,,,,,,,,0,25,25,50,50,,,,,,,,,,,,,,,,,0,,,,0.0,2.33,4,/lesotho/lioli-fc-vs-machokha-fc-h2h-stats
1789479000,Sep 15 2026 - 1:30pm,Lesotho,Lesotho Premier League,Machokha,Lioli,0.0,0.0,0.0,0.0,1.0,25,50,25,25,0,0,0,0,0,0,0.0,0.0,0,0,0,incomplete,0,0,-1,-1,-1,-1,-1,-1,-1,-1,-1,-1,-1,-1,-1,-1,-1,-1,,,,,,,,,,0.0,0.0,0.0,0.0,,,,,,,,,,,,,,,,,,,,,0,25,25,50,50,,,,,,,,,,,,,,,,,0,,,,0.0,2.33,4,/lesotho/lioli-fc-vs-machokha-fc-h2h-stats
1789479000,Sep 15 2026 - 1:30pm,Lesotho,Lesotho Premier League,LDF,Villa,0.0,0.0,0.0,0.0,0.5,0,50,0,0,0,0,0,0,0,0,0.0,0.0,0,0,0,incomplete,0,0,-1,-1,-1,-1,-1,-1,-1,-1,-1,-1,-1,-1,-1,-1,-1,-1,,,,,,,,,,0.0,0.0,0.0,0.0,,,,,,,,,,,,,,,,,,,,,0,50,50,50,50,,,,,,,,,,,,,,,,,0,,,,0.67,1.5,4,/lesotho/lesotho-defence-force-vs-villa-h2h-stats
1789479900,Sep 15 2026 - 1:45pm,Asia,AFC Cup,Gol Gohar,Al Jazira,0.0,0.0,0.0,0.0,0.0,0,0,0,0,0,0,0,0,0,0,0.0,0.0,0,0,0,incomplete,0,0,-1,-1,-1,-1,-1,-1,-1,-1,-1,-1,-1,-1,-1,-1,-1,-1,4.35,3.6,1.64,,1.95,,,,,0.0,0.0,0.0,0.0,,,1.85,,,,,,,,,,,,,,,,,,0,0,0,0,0,,,,,,,,,,,,,,,,,0,,,,0.0,0.0,1,/asia/al-jazira-scc-vs-gol-gohar-fc-sirjan-h2h-stats
1789479900,Sep 15 2026 - 1:45pm,Asia,AFC Cup,Arkadag,Muharraq,3.0,0.0,3.0,0.0,1.5,0,50,50,50,0,0,0,0,50,50,0.0,2.0,0,0,0,incomplete,0,0,-1,-1,-1,-1,-1,-1,-1,-1,-1,-1,-1,-1,-1,-1,-1,-1,2.95,3.0,2.37,1.36,2.25,4.0,8.5,1.9,1.8,0.0,0.0,0.0,0.0,8.0,2.88,1.58,1.17,1.01,1.33,,1.24,,,,,,,,,,,,,0,0,0,50,50,1.49,3.06,8.5,2.48,1.3,1.03,1.26,2.32,5.5,3.24,1.49,1.08,,,,,0,,,,3.0,0.0,1,/asia/al-muharraq-sports-club-vs-fk-arkadag-h2h-stats
1789480800,Sep 15 2026 - 2:00pm,Tajikistan,Vysshaya Liga,Khosilot Farkhor,Parvoz,2.75,1.25,2.75,1.25,2.94,44,100,88,57,19,19,82,38,88,51,5.0,0.0,0,0,0,incomplete,0,0,-1,-1,-1,-1,-1,-1,-1,-1,-1,-1,-1,-1,-1,-1,-1,-1,,,,,,,,,,0.0,0.0,0.0,0.0,,,,,,,,,,,,,,,,,,,,,0,13,44,82,82,,,,,,,,,,,,,,,,,32,,,,1.94,0.94,17,/tajikistan/fk-khosilot-farkhor-vs-parvoz-h2h-stats
1789480800,Sep 15 2026 - 2:00pm,Uzbekistan,Cup,Andijan,Olympic II,2.33,2.0,2.33,2.0,4.0,84,100,84,67,67,17,84,33,100,50,15.67,-1.0,59,59,59,incomplete,0,0,-1,-1,-1,-1,-1,-1,-1,-1,-1,-1,-1,-1,-1,-1,-1,-1,1.31,4.25,7.39,,1.9,,,,,1.44,1.91,0.0,0.0,,,1.9,,,,,,,,,,,,,,,,,,0,17,33,33,84,,,,,,,,,,,,,,,,,0,,,,2.33,2.0,0,/uzbekistan/fk-andijan-vs-fk-olympic-ii-h2h-stats
1789480800,Sep 15 2026 - 2:00pm,Netherlands,U21 Divisie 2,Vitesse U21,NAC U21,0.0,0.0,0.0,0.0,3.75,0,100,100,75,50,25,0,0,0,0,0.0,-2.0,0,0,0,incomplete,0,0,-1,-1,-1,-1,-1,-1,-1,-1,-1,-1,-1,-1,-1,-1,-1,-1,,,,,1.3,,,,,0.0,0.0,0.0,0.0,,,3.4,,,,,,,,,,,,,,,,,,0,0,25,50,75,,,,,,,,,,,,,,,,,0,,,,0.0,0.0,5,/netherlands/nac-breda-under-21-vs-sbv-vitesse-under-21-h2h-stats
1789480800,Sep 15 2026 - 2:00pm,Romania,Liga II,CSM Reşiţa,FC Bacău,3.0,0.5,3.0,0.5,3.59,84,100,100,84,50,25,100,67,84,42,10.83,0.0,42,42,42,incomplete,0,0,-1,-1,-1,-1,-1,-1,-1,-1,-1,-1,-1,-1,-1,-1,-1,-1,1.88,3.3,3.5,1.22,1.8,3.04,6.0,1.73,2.0,2.04,1.69,0.0,0.0,9.95,3.6,1.85,1.3,1.09,1.16,,1.78,,,,,,,,,,,,,0,0,17,50,75,1.33,2.6,6.5,2.92,1.44,1.1,1.2,2.0,4.1,4.0,1.68,1.18,,,,,67,,,,2.5,1.83,7,/romania/clubul-sportiv-muncitoresc-resita-vs-acs-fotbal-club-bacau-h2h-stats
1789480800,Sep 15 2026 - 2:00pm,Egypt,Egyptian Premier League,Wadi Degla,Al Mokawloon,1.0,1.5,1.0,1.5,0.5,0,50,0,0,0,0,25,0,25,0,10.0,4.0,75,50,50,incomplete,0,0,-1,-1,-1,-1,-1,-1,-1,-1,-1,-1,-1,-1,-1,-1,-1,-1,2.12,2.75,3.8,1.48,2.42,4.55,11.0,2.09,1.62,1.36,1.2,0.0,0.0,5.7,2.41,1.47,1.13,1.01,1.18,,1.6,,,1.31,1.57,1.94,2.4,3.34,3.0,2.27,1.77,1.47,1.24,50,100,100,100,100,1.56,3.42,8.9,2.18,1.29,1.01,1.33,2.51,5.8,2.85,1.4,1.07,,,,,0,1.73,8.5,2.38,1.25,1.0,5,/egypt/wadi-degla-sc-vs-al-mokawloon-al-arab-h2h-stats
1789480800,Sep 15 2026 - 2:00pm,Egypt,Egyptian Premier League,Asyut Petroleum,Coca-Cola,0.5,0.5,0.5,0.5,1.75,50,100,75,0,0,0,25,0,100,50,5.5,3.0,50,50,50,incomplete,0,0,-1,-1,-1,-1,-1,-1,-1,-1,-1,-1,-1,-1,-1,-1,-1,-1,3.8,2.88,2.1,1.6,3.02,6.31,13.0,2.34,1.52,1.15,1.4,0.0,0.0,5.25,2.18,1.4,1.12,1.03,1.64,,1.14,,,1.29,1.55,1.97,2.56,3.5,3.04,2.17,1.71,1.4,1.22,0,25,100,100,100,1.63,3.8,13.0,2.12,1.2,1.03,1.38,2.8,8.0,2.64,1.35,1.04,,,,,0,2.61,8.6,1.65,0.5,1.75,5,/egypt/asyut-petroleum-vs-coca-cola-fc-h2h-stats
1789480800,Sep 15 2026 - 2:00pm,Turkey,Turkish Cup,1923 Afyonkarahisar SK,Ürgüpspor,0.0,0.0,0.0,0.0,0.0,0,0,0,0,0,0,0,0,0,0,0.0,0.0,0,0,0,incomplete,0,0,-1,-1,-1,-1,-1,-1,-1,-1,-1,-1,-1,-1,-1,-1,-1,-1,,,,,,,,,,0.0,0.0,0.0,0.0,,,,,,,,,,,,,,,,,,,,,0,0,0,0,0,,,,,,,,,,,,,,,,,0,,,,0.0,0.0,0,/turkey/1923-afyonkarahisar-sk-vs-urgupspor-h2h-stats
1789482600,Sep 15 2026 - 2:30pm,Estonia,Esiliiga B,Trans II,JK Tammeka Tartu II,2.71,1.08,2.71,1.08,4.2,67,96,85,81,69,54,69,47,88,66,12.97,1.88,78,78,70,incomplete,0,0,-1,-1,-1,-1,-1,-1,-1,-1,-1,-1,-1,-1,-1,-1,-1,-1,1.22,6.5,7.0,1.04,1.17,1.49,2.06,1.4,2.85,2.55,1.82,0.0,0.0,,10.0,4.8,2.43,1.68,1.06,,4.0,,,,,,,,,,,,,4,16,19,31,47,1.11,1.58,3.0,6.5,2.16,1.4,1.03,,2.11,9.1,,1.62,,,,,18,,,,2.0,1.68,29,/estonia/jk-tammeka-tartu-ii-vs-jk-narva-trans-ii-h2h-stats
1789482600,Sep 15 2026 - 2:30pm,Slovenia,Slovenia Cup,Ljutomer,Čarda Martjanci,3.0,3.0,3.0,3.0,4.0,0,100,100,100,100,0,0,0,0,0,13.0,-2.0,50,50,50,incomplete,0,0,-1,-1,-1,-1,-1,-1,-1,-1,-1,-1,-1,-1,-1,-1,-1,-1,,,,,,,,,,2.73,0.0,0.0,0.0,,,,,,,,,,,,,,,,,,,,,0,0,0,0,100,,,,,,,,,,,,,,,,,0,,,,3.0,3.0,0,/slovenia/nk-avto-rajh-ljutomer-vs-nk-carda-martjanci-h2h-stats
1789482600,Sep 15 2026 - 2:30pm,Croatia,Croatian Football Cup,NK Bjelovar,Karlovac 1919,0.0,3.0,0.0,3.0,2.5,50,50,50,50,50,50,50,50,50,50,6.0,0.0,50,50,50,incomplete,0,0,-1,-1,-1,-1,-1,-1,-1,-1,-1,-1,-1,-1,-1,-1,-1,-1,4.92,4.35,1.5,1.14,1.65,2.6,4.8,1.71,2.0,0.0,2.07,0.0,0.0,13.0,4.15,2.2,1.4,1.14,1.17,,1.13,,,1.61,2.03,3.48,3.85,5.94,2.16,1.7,1.38,1.18,1.05,0,0,0,0,0,1.22,2.25,5.5,3.54,1.5,1.11,1.16,1.86,3.5,4.6,1.81,1.24,,,,,0,,,,0.0,3.0,0,/croatia/nk-bjelovar-vs-nk-karlovac-1919-h2h-stats
1789482600,Sep 15 2026 - 2:30pm,Czech Republic,Czech Cup,Třinec,Mladá Boleslav,3.0,3.0,3.0,3.0,4.0,50,100,100,100,75,25,100,100,100,0,17.0,0.0,100,100,100,incomplete,0,0,-1,-1,-1,-1,-1,-1,-1,-1,-1,-1,-1,-1,-1,-1,-1,-1,5.75,5.5,1.34,1.06,1.25,1.81,2.74,1.57,2.25,2.54,2.59,0.0,0.0,21.0,7.4,3.6,1.86,1.36,1.09,,1.04,,,,,,,,,,,,,0,0,0,25,75,1.15,1.75,3.3,4.8,1.82,1.25,1.11,1.53,2.54,5.8,2.3,1.41,,,,,0,,,,3.0,3.0,0,/czech-republic/fk-mlada-boleslav-vs-fk-fotbal-trinec-h2h-stats
1789484400,Sep 15 2026 - 3:00pm,Serbia,Srpska Liga Belgrade,Nika Lepusnica,Stepojevac Vaga,2.0,3.0,2.0,3.0,2.84,67,100,84,67,17,17,50,17,67,67,10.0,-1.0,25,25,25,incomplete,0,0,-1,-1,-1,-1,-1,-1,-1,-1,-1,-1,-1,-1,-1,-1,-1,-1,,,,,,,,,,0.93,1.34,0.0,0.0,,,,,,,,,,,,,,,,,,,,,0,17,33,84,84,,,,,,,,,,,,,,,,,50,,,,2.0,3.0,4,/serbia/fk-stepojevac-vaga-vs-nika-lepusnica-h2h-stats
1789484400,Sep 15 2026 - 3:00pm,Czech Republic,Czech Cup,Vlašim,Slovan Liberec,3.0,3.0,3.0,3.0,3.25,25,100,100,50,25,25,100,50,100,25,23.5,0.0,100,100,100,incomplete,0,0,-1,-1,-1,-1,-1,-1,-1,-1,-1,-1,-1,-1,-1,-1,-1,-1,9.0,5.75,1.22,1.05,1.27,1.75,2.59,1.6,2.07,1.72,2.91,0.0,0.0,20.0,8.0,3.14,1.93,1.39,1.1,,1.04,,,,,,,,,,,,,0,0,50,75,75,1.15,1.73,3.3,4.8,1.95,1.25,1.11,1.46,2.62,5.8,2.39,1.4,,,,,0,,,,3.0,3.0,0,/czech-republic/fc-slovan-liberec-vs-fc-sellier-bellot-vlasim-h2h-stats
1789486200,Sep 15 2026 - 3:30pm,Bulgaria,Second League,Lokomotiv G. Oryahovitsa,Nesebar,1.75,1.0,1.75,1.0,2.13,42,100,67,29,17,0,71,29,71,42,7.33,0.0,29,29,29,incomplete,0,0,-1,-1,-1,-1,-1,-1,-1,-1,-1,-1,-1,-1,-1,-1,-1,-1,1.92,3.25,3.5,1.33,2.1,3.68,8.0,1.83,1.85,1.18,1.5,0.0,0.0,8.0,2.88,1.65,1.2,1.05,1.17,,1.73,,,,,,,,,,,,,0,34,71,84,100,1.42,2.99,8.0,2.75,1.35,1.05,1.25,2.27,4.9,3.34,1.54,1.13,,,,,17,,,,1.38,1.63,9,/bulgaria/fk-lokomotiv-gorna-oryahovitsa-vs-pfc-nesebar-h2h-stats
1789486200,Sep 15 2026 - 3:30pm,Saudi Arabia,First Division,Al Adalh,Al-Jndal,0.5,0.0,0.5,0.0,3.75,100,100,100,75,25,25,100,75,75,50,11.5,3.0,25,25,25,incomplete,0,0,-1,-1,-1,-1,-1,-1,-1,-1,-1,-1,-1,-1,-1,-1,-1,-1,1.88,3.3,3.4,1.25,1.85,2.88,5.3,1.73,2.05,1.69,2.23,0.0,0.0,8.7,3.8,1.95,1.32,1.09,1.25,,1.8,,,,,,,,,,,,,0,0,25,75,75,1.33,2.65,6.0,3.0,1.44,1.1,1.2,2.01,4.4,3.6,1.67,1.17,,,,,50,,,,1.25,1.0,5,/saudi-arabia/al-adalh-club-vs-al-jndal-fc-h2h-stats
1789486200,Sep 15 2026 - 3:30pm,Germany,State Leagues Bayern Südost,Schwabing München,Türkgücü-Ataspor,1.1,1.78,1.1,1.78,4.4,67,100,95,84,57,47,0,0,0,0,0.0,-2.0,0,0,0,incomplete,0,0,-1,-1,-1,-1,-1,-1,-1,-1,-1,-1,-1,-1,-1,-1,-1,-1,,,,,,,,,,0.0,0.0,0.0,0.0,,,,,,,,,,,,,,,,,,,,,0,6,16,43,54,,,,,,,,,,,,,,,,,0,,,,1.1,1.78,7,/germany/sv-turkgucu-ataspor-munchen-vs-fc-schwabing-56-munchen-h2h-stats
1789486200,Sep 15 2026 - 3:30pm,Slovakia,Slovakia Cup,Spartak Myjava,Galanta,3.0,3.0,3.0,3.0,4.5,75,100,100,100,100,50,75,50,75,75,7.0,-1.0,25,0,0,incomplete,0,0,-1,-1,-1,-1,-1,-1,-1,-1,-1,-1,-1,-1,-1,-1,-1,-1,,,,,,,,,,2.12,0.0,0.0,0.0,,,,,,,,,,,,,,,,,,,,,0,0,0,0,50,,,,,,,,,,,,,,,,,0,,,,3.0,3.0,0,/slovakia/tj-spartak-myjava-vs-fc-slovan-galanta-h2h-stats
1789488000,Sep 15 2026 - 4:00pm,Estonia,Esiliiga B,FCI Tallinn,Viljandi JK Tulevik,2.14,1.08,2.14,1.08,4.3,60,100,93,78,58,43,81,62,93,62,9.42,1.29,62,49,49,incomplete,0,0,-1,-1,-1,-1,-1,-1,-1,-1,-1,-1,-1,-1,-1,-1,-1,-1,1.73,4.33,3.45,1.01,1.14,1.44,2.0,1.2,4.0,2.14,1.52,0.0,0.0,,11.0,4.8,2.6,1.73,1.15,,2.2,,,,,,,,,,,,,0,7,22,43,58,1.13,1.57,2.88,6.5,2.25,1.4,1.04,,2.08,8.4,,1.64,,,,,46,,,,1.89,1.46,29,/estonia/fci-tallinn-vs-viljandi-jk-tulevik-h2h-stats
1789488000,Sep 15 2026 - 4:00pm,Latvia,Virsliga,Super Nova,Riga,0.86,2.08,0.86,2.08,3.47,70,93,89,71,42,30,78,56,85,45,8.94,3.56,59,52,48,incomplete,0,0,-1,-1,-1,-1,-1,-1,-1,-1,-1,-1,-1,-1,-1,-1,-1,-1,8.0,5.85,1.21,1.07,1.32,1.84,3.55,1.8,1.96,1.19,1.91,0.0,0.0,17.5,6.15,2.56,1.83,1.35,1.05,,1.03,,,,,,,,,,,,,8,11,29,59,70,1.2,2.01,3.75,4.5,1.83,1.19,1.09,1.49,2.51,5.1,2.32,1.36,,,,,37,,,,1.25,2.31,24,/latvia/riga-fc-vs-sk-super-nova-h2h-stats
1789488000,Sep 15 2026 - 4:00pm,Finland,Kolmonen Länsi,Haka Juniorit,Fish United,1.16,0.58,1.16,0.58,4.66,61,98,98,90,66,48,71,48,76,66,10.41,-1.84,80,70,61,incomplete,0,0,-1,-1,-1,-1,-1,-1,-1,-1,-1,-1,-1,-1,-1,-1,-1,-1,1.26,5.75,6.5,,,,,,,1.46,1.54,0.0,0.0,,,,,,,,,,,,,,,,,,,,,3,3,11,34,53,,,,,,,,,,,,,,,,,28,,,,1.16,0.58,0,/finland/fc-haka-juniorit-vs-fish-united-fc-h2h-stats
1789488000,Sep 15 2026 - 4:00pm,Bulgaria,Second League,Ludogorets II,Fratria,1.33,1.67,1.33,1.67,2.5,67,100,100,33,17,0,84,50,50,34,8.67,0.0,50,50,34,incomplete,0,0,-1,-1,-1,-1,-1,-1,-1,-1,-1,-1,-1,-1,-1,-1,-1,-1,2.85,3.1,2.15,1.31,1.87,3.2,6.2,1.73,1.95,1.01,1.46,0.0,0.0,9.6,2.99,1.8,1.29,1.06,1.69,,1.22,,,,,,,,,,,,,0,0,67,84,100,1.36,2.62,6.5,2.79,1.36,1.08,1.23,2.11,4.5,3.7,1.62,1.15,,,,,34,,,,1.38,1.88,9,/bulgaria/pfc-ludogorets-1945-razgrad-ii-vs-fk-fratria-h2h-stats
1789488000,Sep 15 2026 - 4:00pm,Tanzania,Ligi kuu Bara,Young Africans,Geita Gold,3.0,1.0,3.0,1.0,2.5,17,100,67,34,34,17,100,50,50,17,12.34,0.0,67,67,50,incomplete,0,0,-1,-1,-1,-1,-1,-1,-1,-1,-1,-1,-1,-1,-1,-1,-1,-1,1.06,7.5,18.77,1.13,1.67,2.3,4.8,3.2,1.13,2.83,1.34,0.0,0.0,13.0,4.0,2.05,1.4,1.15,1.0,,6.7,,,,,,,,,,,,,0,34,67,67,84,1.22,2.09,5.0,3.28,1.64,1.12,1.09,1.78,2.75,6.1,1.9,1.36,,,,,0,,,,3.0,1.4,6,/tanzania/young-africans-sc-vs-geita-gold-fc-h2h-stats
1789488000,Sep 15 2026 - 4:00pm,Italy,Coppa Italia,Genoa,Südtirol,3.0,1.0,3.0,1.0,4.5,100,100,100,100,100,50,100,100,100,100,12.0,3.0,50,50,0,incomplete,0,0,-1,-1,-1,-1,-1,-1,-1,-1,-1,-1,-1,-1,-1,-1,-1,-1,1.62,3.8,5.46,1.28,1.9,3.04,6.5,1.85,1.84,2.52,1.03,0.0,0.0,8.9,3.5,1.9,1.29,1.08,1.18,,2.25,,,1.57,1.83,2.36,3.2,4.65,2.25,1.97,1.57,1.22,1.12,0,0,0,0,50,1.36,2.7,6.5,2.75,1.39,1.08,1.25,2.1,4.5,3.7,1.67,1.18,,,,,100,1.23,9.3,6.18,3.0,1.0,0,/italy/genoa-cfc-vs-fc-sudtirol-h2h-stats
1789488000,Sep 15 2026 - 4:00pm,Asia,AFC Champions League,Al Ain,Al Nassr,0.0,0.0,0.0,0.0,0.0,0,0,0,0,0,0,0,0,0,0,0.0,0.0,0,0,0,incomplete,0,0,-1,-1,-1,-1,-1,-1,-1,-1,-1,-1,-1,-1,-1,-1,-1,-1,4.1,4.18,1.68,1.14,1.53,2.38,3.9,1.52,2.38,0.0,0.0,0.0,0.0,13.4,5.13,2.33,1.53,1.2,1.23,,1.23,,,1.23,1.45,1.82,2.21,2.87,3.1,2.38,1.92,1.59,1.29,0,0,0,0,0,1.19,2.25,4.5,3.8,1.63,1.14,1.12,1.8,3.25,4.9,1.91,1.26,,,,,0,3.5,9.3,1.46,0.0,0.0,1,/asia/al-ain-scc-vs-al-nassr-fc-h2h-stats
1789488000,Sep 15 2026 - 4:00pm,Denmark,Danish Cup,Skovshoved,København,3.0,0.0,3.0,0.0,0.75,0,50,25,0,0,0,25,0,50,0,0.0,-1.0,0,0,0,incomplete,0,0,-1,-1,-1,-1,-1,-1,-1,-1,-1,-1,-1,-1,-1,-1,-1,-1,31.0,46.0,1.01,,,,,,,0.0,0.0,0.0,0.0,,,,,,,,,,,,,,,,,,,,,0,25,50,50,50,,,,,,,,,,,,,,,,,0,,,,3.0,0.0,0,/denmark/fc-kobenhavn-vs-skovshoved-if-h2h-stats
1789488300,Sep 15 2026 - 4:05pm,Saudi Arabia,First Division,Al Orubah,Al Jeel,0.5,0.0,0.5,0.0,1.75,25,100,50,25,0,0,75,25,75,0,8.0,0.5,50,50,50,incomplete,0,0,-1,-1,-1,-1,-1,-1,-1,-1,-1,-1,-1,-1,-1,-1,-1,-1,1.6,3.5,4.8,1.29,2.06,3.5,8.0,1.95,1.73,1.5,0.67,0.0,0.0,8.4,3.04,1.74,1.29,1.07,1.2,,2.2,,,,,,,,,,,,,0,50,75,100,100,1.41,2.95,7.5,2.73,1.36,1.07,1.29,2.2,4.4,3.25,1.55,1.16,,,,,0,,,,0.75,0.25,5,/saudi-arabia/al-orubah-fc-vs-al-jeel-club-h2h-stats
1789489800,Sep 15 2026 - 4:30pm,Finland,Kolmonen Länsi,SalPa II,PIF,1.42,1.72,1.42,1.72,3.03,63,98,79,55,33,22,46,25,52,35,12.19,-1.89,72,65,56,incomplete,0,0,-1,-1,-1,-1,-1,-1,-1,-1,-1,-1,-1,-1,-1,-1,-1,-1,3.45,3.7,1.76,,,,,,,1.46,2.13,0.0,0.0,,,,,,,,,,,,,,,,,,,,,3,22,46,68,79,,,,,,,,,,,,,,,,,35,,,,1.42,1.72,0,/finland/pargas-idrottsforening-vs-salon-palloilijat-ii-h2h-stats
1789489800,Sep 15 2026 - 4:30pm,Israel,Israeli Premier League,Ironi Tiberias,Hapoel Katamon,3.0,0.0,3.0,0.0,1.0,0,100,0,0,0,0,50,0,50,0,3.0,2.0,0,0,0,incomplete,0,0,-1,-1,-1,-1,-1,-1,-1,-1,-1,-1,-1,-1,-1,-1,-1,-1,2.75,3.2,2.37,1.32,2.1,3.95,8.0,1.91,1.91,1.02,1.39,0.0,0.0,9.0,2.88,1.68,1.24,1.07,1.5,,1.36,,,1.38,1.7,2.16,2.92,4.06,2.67,2.02,1.57,1.31,1.15,0,100,100,100,100,1.44,2.88,7.2,2.62,1.33,1.06,1.33,2.3,5.0,3.25,1.57,1.14,,,,,0,2.55,6.97,1.85,2.0,1.0,4,/israel/hapoel-katamon-jerusalem-fc-vs-ironi-tiberias-h2h-stats
1789489800,Sep 15 2026 - 4:30pm,Austria,Landesliga Steiermark,Leoben,Gnas,0.0,2.4,0.0,2.4,3.1,60,100,80,70,20,10,50,20,90,70,5.0,-1.8,50,50,50,incomplete,0,0,-1,-1,-1,-1,-1,-1,-1,-1,-1,-1,-1,-1,-1,-1,-1,-1,,,,,,,,,,0.0,1.29,0.0,0.0,,,,,,,,,,,,,,,,,,,,,0,20,30,80,90,,,,,,,,,,,,,,,,,0,,,,0.0,2.4,6,/austria/sv-union-gnas-vs-dsv-leoben-h2h-stats
1789491600,Sep 15 2026 - 5:00pm,Sweden,Superettan,Landskrona,GIF Sundsvall,1.27,0.55,1.27,0.55,2.32,41,100,55,36,23,9,73,32,73,23,9.37,3.46,73,59,50,incomplete,0,0,-1,-1,-1,-1,-1,-1,-1,-1,-1,-1,-1,-1,-1,-1,-1,-1,1.42,4.2,5.7,1.16,1.63,2.56,5.5,1.72,1.85,1.37,0.96,0.0,0.0,11.8,4.15,2.12,1.42,1.14,1.1,,2.78,,,1.28,1.5,2.23,2.5,3.42,3.08,2.25,1.76,1.79,1.23,0,46,64,78,91,1.29,2.4,6.5,3.3,1.5,1.08,1.14,1.87,3.64,3.9,1.75,1.21,,,,,23,1.27,9.5,5.47,1.48,0.7,24,/sweden/gif-sundsvall-vs-landskrona-bois-h2h-stats
1789491600,Sep 15 2026 - 5:00pm,Sweden,Superettan,Värnamo,Öster,1.0,1.0,1.0,1.0,2.91,64,96,82,55,36,18,64,32,82,50,12.27,3.0,78,55,50,incomplete,0,0,-1,-1,-1,-1,-1,-1,-1,-1,-1,-1,-1,-1,-1,-1,-1,-1,1.9,3.5,3.1,1.14,1.44,2.29,4.1,1.41,2.46,1.23,1.34,0.0,0.0,15.0,5.0,2.55,1.57,1.22,1.21,,1.84,,,1.1,1.29,1.48,1.86,2.36,4.72,3.12,2.4,1.84,1.48,5,18,46,64,82,1.25,2.23,5.2,3.7,1.62,1.12,1.15,1.73,3.3,4.8,2.0,1.3,,,,,23,1.61,9.3,2.56,1.13,1.43,24,/sweden/ifk-varnamo-vs-osters-if-h2h-stats
1789491600,Sep 15 2026 - 5:00pm,Sweden,Superettan,Brage,Sandviken,0.91,1.09,0.91,1.09,3.32,69,96,82,69,37,23,78,50,82,50,9.36,3.18,69,64,55,incomplete,0,0,-1,-1,-1,-1,-1,-1,-1,-1,-1,-1,-1,-1,-1,-1,-1,-1,2.6,3.55,2.44,1.17,1.59,2.53,4.2,1.42,2.5,1.38,1.24,0.0,0.0,12.7,5.0,2.25,1.5,1.2,1.26,,1.64,,,1.07,1.22,1.47,1.74,2.17,5.39,3.5,2.45,1.94,1.64,5,18,32,64,78,1.28,2.27,5.25,3.4,1.54,1.11,1.17,1.8,3.4,4.6,1.92,1.24,,,,,32,1.75,9.4,1.68,0.96,1.3,24,/sweden/sandvikens-if-vs-ik-brage-h2h-stats
1789491600,Sep 15 2026 - 5:00pm,Switzerland,Super League,Grasshopper,Sion,1.33,2.0,1.33,2.0,3.84,67,100,100,84,50,33,84,34,100,67,10.33,3.34,84,84,67,incomplete,0,0,-1,-1,-1,-1,-1,-1,-1,-1,-1,-1,-1,-1,-1,-1,-1,-1,3.9,3.76,1.79,1.11,1.49,2.14,3.76,1.44,2.55,1.95,1.82,0.0,0.0,17.0,5.5,2.69,1.66,1.28,1.17,,1.22,,,1.16,1.33,1.6,2.14,2.63,4.1,2.83,2.11,1.68,1.39,0,0,17,50,67,1.22,2.07,4.75,3.9,1.65,1.15,1.15,1.73,3.25,5.0,2.05,1.3,,,,,17,2.66,9.2,1.55,1.14,2.14,4,/switzerland/fc-sion-vs-grasshopper-club-zurich-h2h-stats
1789491600,Sep 15 2026 - 5:00pm,Israel,Israeli Premier League,Beitar Jerusalem,Maccabi Petah Tikva,0.0,3.0,0.0,3.0,4.0,100,100,100,100,50,50,50,50,100,50,5.0,3.0,50,50,50,incomplete,0,0,-1,-1,-1,-1,-1,-1,-1,-1,-1,-1,-1,-1,-1,-1,-1,-1,1.61,4.0,4.9,1.19,1.76,3.1,5.45,1.79,1.87,1.34,1.51,0.0,0.0,12.0,3.76,1.98,1.33,1.08,1.2,,2.4,,,1.33,1.71,2.58,2.87,4.11,2.68,2.01,1.61,1.33,1.15,0,0,0,50,50,1.28,2.47,7.0,3.22,1.46,1.07,1.16,1.98,4.1,3.75,1.75,1.17,,,,,50,1.44,7.85,3.91,1.0,2.0,4,/israel/beitar-jerusalem-fc-vs-maccabi-petah-tikva-fc-h2h-stats
1789491600,Sep 15 2026 - 5:00pm,Montenegro,Montenegrin First League,FK Jezero Plav,Bokelj,2.0,1.0,2.0,1.0,1.5,13,63,25,13,13,13,50,25,25,13,7.5,2.5,50,25,25,incomplete,0,0,-1,-1,-1,-1,-1,-1,-1,-1,-1,-1,-1,-1,-1,-1,-1,-1,2.6,2.7,2.65,1.45,2.5,5.2,11.0,2.03,1.67,1.16,0.88,0.0,0.0,7.5,2.44,1.5,1.11,1.01,1.32,,1.4,,,,,,,,,,,,,38,75,88,88,88,1.52,3.35,10.0,2.4,1.24,1.02,1.31,2.57,6.1,2.94,1.4,1.08,,,,,13,,,,1.14,1.57,8,/montenegro/fk-bokelj-kotor-vs-fk-jezero-plav-h2h-stats
1789491600,Sep 15 2026 - 5:00pm,Spain,La Liga,Rayo Vallecano,RCD Espanyol,2.0,1.5,2.0,1.5,3.0,75,100,100,50,25,25,75,75,75,25,12.5,7.5,75,75,50,incomplete,0,0,-1,-1,-1,-1,-1,-1,-1,-1,-1,-1,-1,-1,-1,-1,-1,-1,2.14,3.47,2.8,1.3,1.95,3.4,6.5,1.85,2.0,1.53,0.97,0.0,0.0,9.2,3.69,1.89,1.3,1.1,1.25,,1.68,,,1.28,1.6,2.02,2.88,4.0,2.88,2.29,1.65,1.42,1.2,0,0,50,75,75,1.36,2.7,7.5,2.98,1.41,1.08,1.25,2.2,4.6,3.8,1.71,1.17,,,,,50,1.46,9.6,3.7,0.8,1.4,6,/spain/reial-club-deportiu-espanyol-vs-rayo-vallecano-h2h-stats
1789491600,Sep 15 2026 - 5:00pm,Denmark,Elitedivisionen,FC Nordsjælland W,Midtjylland W,2.0,2.0,2.0,2.0,3.0,17,75,59,34,34,17,59,17,59,34,13.5,1.5,75,50,25,incomplete,0,0,-1,-1,-1,-1,-1,-1,-1,-1,-1,-1,-1,-1,-1,-1,-1,-1,1.42,4.3,4.92,,1.5,,,,,2.37,1.4,0.0,0.0,,,2.5,,,,,,,,,,,,,,,,,,25,42,67,67,84,,,,,,,,,,,,,,,,,0,,,,2.17,2.33,7,/denmark/fc-nordsjaelland-women-vs-fc-midtjylland-women-h2h-stats
1789491600,Sep 15 2026 - 5:00pm,Israel,State Cup,Ironi Beit Shemesh,Hapoel Herzliya,0.0,0.0,0.0,0.0,0.0,0,0,0,0,0,0,0,0,0,0,0.0,0.0,0,0,0,incomplete,0,0,-1,-1,-1,-1,-1,-1,-1,-1,-1,-1,-1,-1,-1,-1,-1,-1,,,,,,,,,,0.0,0.0,0.0,0.0,,,,,,,,,,,,,,,,,,,,,0,0,0,0,0,,,,,,,,,,,,,,,,,0,,,,0.0,0.0,0,/israel/hapoel-herzliya-vs-ironi-beit-shemesh-fc-h2h-stats
1789491600,Sep 15 2026 - 5:00pm,Austria,Landesliga Steiermark,Fürstenfeld,Lebring,1.0,0.8,1.0,0.8,3.2,70,100,90,70,40,10,80,40,80,50,8.66,-2.0,50,34,17,incomplete,0,0,-1,-1,-1,-1,-1,-1,-1,-1,-1,-1,-1,-1,-1,-1,-1,-1,2.44,3.68,2.27,,,,,,,1.6,1.84,0.0,0.0,,,,,,,,,,,,,,,,,,,,,0,10,30,60,90,,,,,,,,,,,,,,,,,0,,,,1.0,0.8,6,/austria/sc-furstenfeld-vs-sv-gady-raika-lebring-h2h-stats
1789491600,Sep 15 2026 - 5:00pm,Austria,Landesliga Steiermark,Fehring,Großklein,0.2,1.6,0.2,1.6,2.8,50,80,70,60,30,10,40,40,60,50,9.0,-1.8,50,50,25,incomplete,0,0,-1,-1,-1,-1,-1,-1,-1,-1,-1,-1,-1,-1,-1,-1,-1,-1,2.08,3.94,2.58,,1.4,,,,,0.92,1.07,0.0,0.0,,,2.75,,,,,,,,,,,,,,,,,,20,30,40,70,90,,,,,,,,,,,,,,,,,25,,,,0.2,1.6,6,/austria/fc-grossklein-vs-ufc-fehring-h2h-stats
1789491600,Sep 15 2026 - 5:00pm,Austria,Landesliga Steiermark,Kindberg-Mürzhofen,Bad Waltersdorf,0.2,1.6,0.2,1.6,3.4,50,100,80,60,40,30,70,20,60,50,3.5,-1.8,38,38,38,incomplete,0,0,-1,-1,-1,-1,-1,-1,-1,-1,-1,-1,-1,-1,-1,-1,-1,-1,,,,,,,,,,0.0,1.52,0.0,0.0,,,,,,,,,,,,,,,,,,,,,0,20,40,60,70,,,,,,,,,,,,,,,,,0,,,,0.2,1.6,6,/austria/fc-kindberg-murzhofen-vs-tus-bad-waltersdorf-h2h-stats
1789491600,Sep 15 2026 - 5:00pm,Austria,Landesliga Steiermark,Wildon,Rohrbach an der Lafnitz,2.0,1.8,2.0,1.8,3.6,70,90,80,70,50,30,60,40,80,60,7.0,-2.0,17,17,17,incomplete,0,0,-1,-1,-1,-1,-1,-1,-1,-1,-1,-1,-1,-1,-1,-1,-1,-1,1.86,3.9,3.3,,1.4,,,,,1.83,0.0,0.0,0.0,,,2.75,,,,,,,,,,,,,,,,,,10,20,30,50,70,,,,,,,,,,,,,,,,,25,,,,2.0,1.8,6,/austria/sv-wildon-vs-sv-schermann-erdbau-wirtschaft-rohrbach-h2h-stats
1789491600,Sep 15 2026 - 5:00pm,Austria,Landesliga Steiermark,St. Anna,Bruck,1.6,2.4,1.6,2.4,3.7,50,100,80,60,50,40,40,40,80,60,5.0,-2.0,50,25,25,incomplete,0,0,-1,-1,-1,-1,-1,-1,-1,-1,-1,-1,-1,-1,-1,-1,-1,-1,,,,,,,,,,0.0,1.93,0.0,0.0,,,,,,,,,,,,,,,,,,,,,0,20,40,50,60,,,,,,,,,,,,,,,,,25,,,,1.6,2.4,6,/austria/sc-bruck-an-der-mur-vs-usv-st-anna-am-aigen-h2h-stats
1789491600,Sep 15 2026 - 5:00pm,Austria,Landesliga Steiermark,Schladming,Köflach,1.6,1.2,1.6,1.2,2.5,50,100,60,60,30,0,40,20,90,40,2.0,-2.0,50,50,50,incomplete,0,0,-1,-1,-1,-1,-1,-1,-1,-1,-1,-1,-1,-1,-1,-1,-1,-1,,,,,,,,,,0.51,0.0,0.0,0.0,,,,,,,,,,,,,,,,,,,,,0,40,40,70,100,,,,,,,,,,,,,,,,,34,,,,1.6,1.2,6,/austria/ask-mochart-koflach-vs-fc-hohenhaus-tenne-schladming-h2h-stats
1789491600,Sep 15 2026 - 5:00pm,Germany,State Leagues Bayern Nordost,Schwabach,Erlangen-Bruck,2.2,0.1,2.2,0.1,3.3,50,95,80,50,40,30,0,0,0,0,0.0,-2.0,0,0,0,incomplete,0,0,-1,-1,-1,-1,-1,-1,-1,-1,-1,-1,-1,-1,-1,-1,-1,-1,,,,,,,,,,0.0,0.0,0.0,0.0,,,,,,,,,,,,,,,,,,,,,5,20,50,60,70,,,,,,,,,,,,,,,,,0,,,,2.2,0.1,8,/germany/fsv-erlangen-bruck-vs-sc-04-schwabach-h2h-stats
1789491600,Sep 15 2026 - 5:00pm,Germany,State Leagues Bayern Nordost,1. SC Feucht,Wendelstein,1.7,1.3,1.7,1.3,3.45,60,100,90,65,55,25,0,0,0,0,0.0,-2.0,0,0,0,incomplete,0,0,-1,-1,-1,-1,-1,-1,-1,-1,-1,-1,-1,-1,-1,-1,-1,-1,,,,,,,,,,0.0,0.0,0.0,0.0,,,,,,,,,,,,,,,,,,,,,0,10,35,45,75,,,,,,,,,,,,,,,,,0,,,,1.7,1.3,10,/germany/1-sc-feucht-vs-fc-wendelstein-2017-h2h-stats
1789491600,Sep 15 2026 - 5:00pm,Egypt,Egyptian Premier League,Al Masry,Al Ittihad,1.5,2.0,1.5,2.0,1.0,0,75,25,0,0,0,25,0,50,25,8.5,3.5,50,50,50,incomplete,0,0,-1,-1,-1,-1,-1,-1,-1,-1,-1,-1,-1,-1,-1,-1,-1,-1,2.0,2.85,3.9,1.47,2.43,5.25,9.5,2.15,1.55,0.92,1.38,0.0,0.0,7.0,2.35,1.42,1.13,1.02,1.31,,1.7,,,1.38,1.68,2.08,2.83,3.5,2.65,2.06,1.63,1.39,1.22,25,75,100,100,100,1.56,3.8,11.0,2.23,1.22,1.02,1.36,2.54,7.0,2.89,1.4,1.06,,,,,0,1.46,7.1,3.48,1.5,1.75,5,/egypt/al-ittihad-al-iskandary-vs-al-masry-club-h2h-stats
1789491600,Sep 15 2026 - 5:00pm,Egypt,Egyptian Premier League,Al Ahly,Abu Qair Semad,3.0,0.0,3.0,0.0,2.5,25,100,75,25,25,25,75,25,100,25,12.0,3.0,25,25,0,incomplete,0,0,-1,-1,-1,-1,-1,-1,-1,-1,-1,-1,-1,-1,-1,-1,-1,-1,1.2,5.5,10.0,1.18,1.64,2.75,4.4,2.3,1.53,2.09,0.94,0.0,0.0,11.6,3.88,2.08,1.41,1.13,1.04,,4.0,,,1.32,1.6,2.04,2.66,3.72,2.88,2.08,1.66,1.37,1.2,0,25,75,75,75,1.3,2.3,4.9,3.08,1.51,1.08,1.15,1.83,3.48,4.25,1.83,1.22,,,,,25,1.2,10.7,5.51,2.5,0.75,5,/egypt/al-ahly-sc-vs-abu-qair-semad-sc-h2h-stats
1789491600,Sep 15 2026 - 5:00pm,Denmark,Danish Cup,HIK,Esbjerg,3.0,3.0,3.0,3.0,5.75,75,100,100,100,100,100,100,100,100,100,1.5,3.5,0,0,0,incomplete,0,0,-1,-1,-1,-1,-1,-1,-1,-1,-1,-1,-1,-1,-1,-1,-1,-1,4.2,4.0,1.55,1.14,1.45,2.3,3.85,1.56,2.21,0.0,0.0,0.0,0.0,17.0,5.5,2.55,1.54,1.18,1.17,,1.1,,,,,,,,,,,,,0,0,0,0,0,1.25,2.2,4.8,3.42,1.57,1.14,1.17,1.75,3.4,4.5,1.91,1.25,,,,,0,,,,3.0,3.0,0,/denmark/esbjerg-fb-vs-hellerup-ik-h2h-stats
1789491600,Sep 15 2026 - 5:00pm,Turkey,Turkish Cup,Altay,Efeler 09 Spor,0.0,0.0,0.0,0.0,0.0,0,0,0,0,0,0,0,0,0,0,0.0,0.0,0,0,0,incomplete,0,0,-1,-1,-1,-1,-1,-1,-1,-1,-1,-1,-1,-1,-1,-1,-1,-1,,,,,,,,,,0.0,0.0,0.0,0.0,,,,,,,,,,,,,,,,,,,,,0,0,0,0,0,,,,,,,,,,,,,,,,,0,,,,0.0,0.0,0,/turkey/altay-spor-kulubu-vs-efeler-09-spor-futbol-kulubu-h2h-stats
1789491600,Sep 15 2026 - 5:00pm,Slovenia,Slovenia Cup,Bukovci,Podvinci,3.0,3.0,3.0,3.0,3.75,50,100,100,100,50,25,100,0,100,100,0.0,-2.0,0,0,0,incomplete,0,0,-1,-1,-1,-1,-1,-1,-1,-1,-1,-1,-1,-1,-1,-1,-1,-1,,,,,,,,,,0.0,0.0,0.0,0.0,,,,,,,,,,,,,,,,,,,,,0,0,0,50,75,,,,,,,,,,,,,,,,,0,,,,3.0,3.0,0,/slovenia/nk-podvinci-vs-sd-bukovci-h2h-stats
1789491600,Sep 15 2026 - 5:00pm,Israel,State Cup,Maccabi Kfar Yona,Hapoel Daliyat Al Karmel,3.0,3.0,3.0,3.0,3.75,75,100,100,75,34,34,17,17,17,0,4.0,-2.0,0,0,0,incomplete,0,0,-1,-1,-1,-1,-1,-1,-1,-1,-1,-1,-1,-1,-1,-1,-1,-1,,,,,,,,,,0.0,0.0,0.0,0.0,,,,,,,,,,,,,,,,,,,,,0,0,25,67,67,,,,,,,,,,,,,,,,,50,,,,3.0,3.0,0,/israel/hapoel-daliyat-al-karmel-fc-vs-maccabi-ironi-kfar-yona-fc-h2h-stats
1789493400,Sep 15 2026 - 5:30pm,Austria,BFV Cup,Marz,Neudörfl,1.0,3.0,1.0,3.0,4.5,100,100,100,100,100,50,0,0,0,0,0.0,-2.0,0,0,0,incomplete,0,0,-1,-1,-1,-1,-1,-1,-1,-1,-1,-1,-1,-1,-1,-1,-1,-1,,,,,,,,,,0.0,0.0,0.0,0.0,,,,,,,,,,,,,,,,,,,,,0,0,0,0,50,,,,,,,,,,,,,,,,,0,,,,1.0,3.0,0,/austria/sc-neudorfl-vs-ask-marz-h2h-stats
1789493400,Sep 15 2026 - 5:30pm,Germany,Oberliga Niederrhein,Fortuna Düsseldorf II,Wuppertaler SV,2.4,0.0,2.4,0.0,2.5,40,100,80,50,20,0,60,30,60,30,0.0,-2.0,0,0,0,incomplete,0,0,-1,-1,-1,-1,-1,-1,-1,-1,-1,-1,-1,-1,-1,-1,-1,-1,,,,,,,,,,0.0,0.0,0.0,0.0,,,,,,,,,,,,,,,,,,,,,0,20,50,80,100,,,,,,,,,,,,,,,,,0,,,,2.4,0.0,7,/germany/dusseldorfer-tus-fortuna-1895-ii-vs-wuppertaler-sv-h2h-stats
1789493400,Sep 15 2026 - 5:30pm,Austria,Landesliga Steiermark,Ilz,Pachern,2.6,1.2,2.6,1.2,2.9,40,90,60,50,40,30,60,20,40,40,16.0,-1.8,90,90,70,incomplete,0,0,-1,-1,-1,-1,-1,-1,-1,-1,-1,-1,-1,-1,-1,-1,-1,-1,1.09,6.6,17.25,,1.36,,,,,2.23,1.27,0.0,0.0,,,3.0,,,,,,,,,,,,,,,,,,10,40,50,60,70,,,,,,,,,,,,,,,,,0,,,,2.6,1.2,6,/austria/ilzer-sv-vs-sv-pachern-h2h-stats
1789495200,Sep 15 2026 - 6:00pm,Argentina,Primera C,Claypole,Sacachispas,1.08,1.23,1.08,1.23,1.89,31,81,58,31,16,4,58,16,66,31,8.54,0.0,31,19,12,incomplete,0,0,-1,-1,-1,-1,-1,-1,-1,-1,-1,-1,-1,-1,-1,-1,-1,-1,3.4,2.85,2.1,1.54,2.62,5.35,12.0,2.0,1.44,1.16,1.3,0.0,0.0,5.75,2.27,1.38,1.09,1.04,1.31,,1.19,,,,,,,,,,,,,19,42,70,85,96,1.57,3.75,10.0,2.17,1.19,1.03,1.36,2.76,7.7,2.72,1.35,1.04,,,,,12,,,,0.96,1.7,28,/argentina/sacachispas-fc-vs-ca-claypole-h2h-stats
1789495200,Sep 15 2026 - 6:00pm,Spain,La Liga,Deportivo Alavés,Valencia CF,3.0,0.0,3.0,0.0,3.09,42,100,59,59,42,17,59,42,84,34,9.17,4.17,67,67,17,incomplete,0,0,-1,-1,-1,-1,-1,-1,-1,-1,-1,-1,-1,-1,-1,-1,-1,-1,1.84,3.3,5.05,1.35,2.21,3.55,7.8,1.98,1.74,1.48,0.95,0.0,0.0,8.0,2.88,1.73,1.21,1.07,1.36,,1.91,,,1.22,1.41,1.98,2.3,3.3,3.5,2.47,1.98,1.6,1.3,0,42,42,59,84,1.45,3.3,8.9,2.7,1.34,1.04,1.27,2.38,6.0,3.5,1.53,1.12,,,,,25,1.72,7.5,2.7,2.0,0.2,6,/spain/deportivo-alaves-vs-valencia-cf-h2h-stats
1789495200,Sep 15 2026 - 6:00pm,Luxembourg,1 Division,Grevenmacher,Schengen,3.0,1.0,3.0,1.0,3.84,50,100,84,67,67,50,0,0,0,0,0.0,-2.0,0,0,0,incomplete,0,0,-1,-1,-1,-1,-1,-1,-1,-1,-1,-1,-1,-1,-1,-1,-1,-1,,,,,,,,,,0.0,0.0,0.0,0.0,,,,,,,,,,,,,,,,,,,,,0,17,33,33,50,,,,,,,,,,,,,,,,,0,,,,3.0,1.0,4,/luxembourg/cs-grevenmacher-vs-fc-schengen-h2h-stats
1789495200,Sep 15 2026 - 6:00pm,Europe,Premier League International Cup,Tottenham Hotspur U21,Dinamo Zagreb U21,0.0,0.0,0.0,0.0,0.0,0,0,0,0,0,0,0,0,0,0,0.0,0.0,0,0,0,incomplete,0,0,-1,-1,-1,-1,-1,-1,-1,-1,-1,-1,-1,-1,-1,-1,-1,-1,2.04,3.35,3.0,,1.57,,,,,0.0,0.0,0.0,0.0,,,2.35,,,,,,,,,,,,,,,,,,0,0,0,0,0,,,,,,,,,,,,,,,,,0,,,,0.0,0.0,0,/europe/tottenham-hotspur-under-21-vs-gnk-dinamo-zagreb-under-21-h2h-stats
1789495200,Sep 15 2026 - 6:00pm,Europe,Premier League International Cup,Aston Villa U21,Real Sociedad U21,0.0,0.0,0.0,0.0,2.0,0,50,50,50,50,0,50,50,50,0,5.0,-1.0,0,0,0,incomplete,0,0,-1,-1,-1,-1,-1,-1,-1,-1,-1,-1,-1,-1,-1,-1,-1,-1,3.0,3.78,1.69,,1.57,,,,,1.5,0.0,0.0,0.0,,,2.35,,,,,,,,,,,,,,,,,,0,0,0,0,50,,,,,,,,,,,,,,,,,0,,,,0.0,0.0,0,/europe/aston-villa-under-21-vs-real-sociedad-de-futbol-under-21-h2h-stats
1789495200,Sep 15 2026 - 6:00pm,England,EFL Trophy,Swindon Town,Crystal Palace U21,0.0,0.0,0.0,0.0,0.0,0,0,0,0,0,0,0,0,0,0,0.0,0.0,0,0,0,incomplete,0,0,-1,-1,-1,-1,-1,-1,-1,-1,-1,-1,-1,-1,-1,-1,-1,-1,1.71,4.2,4.5,1.08,1.5,2.12,3.42,1.47,2.42,0.0,0.0,0.0,0.0,15.5,5.5,2.56,1.65,1.23,1.22,,2.16,,,1.14,1.33,1.75,1.96,2.55,4.24,2.87,2.2,1.75,1.43,0,0,0,0,0,1.22,2.11,4.0,3.8,1.62,1.14,1.11,1.67,2.85,5.0,2.16,1.35,,,,,0,1.41,9.6,3.28,0.0,0.0,2,/england/swindon-town-fc-vs-crystal-palace-under-21-h2h-stats
1789495200,Sep 15 2026 - 6:00pm,England,EFL Trophy,Wycombe Wanderers,Chelsea U21,1.0,1.0,1.0,1.0,3.0,100,100,100,50,50,0,50,0,100,100,12.0,2.0,100,100,100,incomplete,0,0,-1,-1,-1,-1,-1,-1,-1,-1,-1,-1,-1,-1,-1,-1,-1,-1,1.8,4.0,3.25,1.07,1.41,2.06,3.2,1.39,2.67,1.52,1.31,0.0,0.0,16.5,6.5,2.75,1.72,1.29,1.16,,1.91,,,1.24,1.49,2.07,2.32,3.15,3.34,2.41,1.88,1.53,1.27,0,0,50,50,100,1.2,2.01,4.5,4.0,1.75,1.18,1.1,1.6,2.89,5.8,2.19,1.35,,,,,0,1.5,8.0,3.7,1.0,1.0,3,/england/wycombe-wanderers-fc-vs-chelsea-fc-under-21-h2h-stats
1789495200,Sep 15 2026 - 6:00pm,England,EFL Trophy,Leyton Orient,Arsenal U21,1.0,0.0,1.0,0.0,4.0,100,100,100,50,50,50,100,50,100,50,15.0,4.0,100,50,50,incomplete,0,0,-1,-1,-1,-1,-1,-1,-1,-1,-1,-1,-1,-1,-1,-1,-1,-1,1.6,4.0,5.0,1.11,1.44,2.3,3.5,1.5,2.34,1.53,1.49,0.0,0.0,14.4,4.9,2.5,1.64,1.22,1.17,,2.2,,,1.19,1.39,1.93,2.16,2.81,3.76,2.59,2.0,1.61,1.35,0,0,50,50,50,1.22,2.13,4.5,3.75,1.67,1.16,1.12,1.7,3.0,5.3,2.08,1.3,,,,,50,1.36,8.8,3.34,1.0,0.0,2,/england/leyton-orient-fc-vs-arsenal-under-21-h2h-stats
1789495200,Sep 15 2026 - 6:00pm,England,EFL Trophy,Chesterfield,Manchester City U21,0.0,3.0,0.0,3.0,2.5,50,50,50,50,50,50,50,50,50,50,4.0,1.0,50,50,50,incomplete,0,0,-1,-1,-1,-1,-1,-1,-1,-1,-1,-1,-1,-1,-1,-1,-1,-1,2.05,3.6,2.8,1.1,1.42,2.07,3.34,1.4,2.64,0.0,1.74,0.0,0.0,15.0,5.5,2.49,1.65,1.24,1.21,,1.62,,,1.2,1.44,1.9,2.12,2.81,3.8,2.62,2.02,1.63,1.33,0,0,0,0,0,1.22,2.08,4.33,3.8,1.7,1.18,1.12,1.67,3.0,5.3,2.05,1.33,,,,,0,1.81,7.33,2.58,0.0,3.0,2,/england/chesterfield-fc-vs-manchester-city-under-21-h2h-stats
1789495200,Sep 15 2026 - 6:00pm,England,EFL Trophy,York City,Newcastle United U21,0.0,0.0,0.0,0.0,0.0,0,0,0,0,0,0,0,0,0,0,0.0,0.0,0,0,0,incomplete,0,0,-1,-1,-1,-1,-1,-1,-1,-1,-1,-1,-1,-1,-1,-1,-1,-1,1.33,5.0,5.4,1.07,1.43,2.03,3.4,1.67,2.15,0.0,0.0,0.0,0.0,17.0,5.75,2.62,1.69,1.26,1.03,,2.94,,,1.19,1.4,1.87,2.1,2.78,3.76,2.61,2.08,1.59,1.34,0,0,0,0,0,1.18,1.91,3.9,4.0,1.75,1.17,1.12,1.6,2.89,5.0,2.05,1.33,,,,,0,1.17,12.0,6.02,0.0,0.0,2,/england/york-city-fc-vs-newcastle-united-under-21-h2h-stats
1789495200,Sep 15 2026 - 6:00pm,Spain,Copa Catalunya,La Llàntia,Argentona,0.0,0.0,0.0,0.0,0.0,0,0,0,0,0,0,0,0,0,0,0.0,0.0,0,0,0,incomplete,0,0,-1,-1,-1,-1,-1,-1,-1,-1,-1,-1,-1,-1,-1,-1,-1,-1,,,,,,,,,,0.0,0.0,0.0,0.0,,,,,,,,,,,,,,,,,,,,,0,0,0,0,0,,,,,,,,,,,,,,,,,0,,,,0.0,0.0,0,/spain/la-llantia-vs-argentona-h2h-stats
1789496100,Sep 15 2026 - 6:15pm,Asia,AFC Champions League,Al Hilal,Al Gharafa,0.0,0.0,0.0,0.0,0.0,0,0,0,0,0,0,0,0,0,0,0.0,0.0,0,0,0,incomplete,0,0,-1,-1,-1,-1,-1,-1,-1,-1,-1,-1,-1,-1,-1,-1,-1,-1,1.03,12.0,26.0,1.03,1.22,1.53,2.28,2.51,1.46,0.0,0.0,0.0,0.0,22.0,9.0,4.0,2.21,1.64,1.01,,11.0,,,1.19,1.37,1.88,2.06,2.58,3.4,2.62,2.04,1.65,1.38,0,0,0,0,0,1.13,1.76,3.08,4.7,1.97,1.29,1.04,1.33,2.11,8.4,2.86,1.66,,,,,0,1.07,16.5,9.6,0.0,0.0,1,/asia/al-gharafa-sc-vs-al-hilal-fc-riyadh-h2h-stats
1789497000,Sep 15 2026 - 6:30pm,Republic of Ireland,Munster Senior League,Blarney United,College Corinthians,0.5,0.0,0.5,0.0,1.75,50,50,50,25,25,25,50,0,50,25,0.0,0.0,0,0,0,incomplete,0,0,-1,-1,-1,-1,-1,-1,-1,-1,-1,-1,-1,-1,-1,-1,-1,-1,3.56,3.62,1.78,,1.6,,,,,0.0,0.0,0.0,0.0,,,2.3,,,,,,,,,,,,,,,,,,0,0,25,25,25,,,,,,,,,,,,,,,,,0,,,,0.33,1.5,0,/republic-of-ireland/college-corinthians-football-club-vs-blarney-united-h2h-stats
1789497000,Sep 15 2026 - 6:30pm,England,League Cup,Peterborough United,Barnsley,3.0,2.0,3.0,2.0,3.5,75,100,75,50,50,50,100,50,75,25,18.0,3.5,50,50,50,incomplete,0,0,-1,-1,-1,-1,-1,-1,-1,-1,-1,-1,-1,-1,-1,-1,-1,-1,2.2,3.6,3.1,1.22,1.8,2.73,5.75,1.65,2.25,1.64,2.21,0.0,0.0,11.0,3.65,1.8,1.38,1.11,1.38,,1.7,,,1.13,1.29,1.67,1.87,2.5,4.33,3.2,2.16,1.8,1.44,0,25,50,50,50,1.29,2.52,6.5,3.3,1.51,1.07,1.22,2.0,4.0,3.9,1.8,1.21,,,,,0,1.83,7.0,2.3,3.0,2.0,0,/england/barnsley-fc-vs-peterborough-united-fc-h2h-stats
1789497900,Sep 15 2026 - 6:45pm,Scotland,Championship,Stenhousemuir,Partick Thistle,3.0,2.0,3.0,2.0,2.25,50,100,75,25,25,0,50,0,100,50,11.0,2.0,50,50,50,incomplete,0,0,-1,-1,-1,-1,-1,-1,-1,-1,-1,-1,-1,-1,-1,-1,-1,-1,4.9,3.65,1.64,1.25,1.9,3.08,7.0,1.8,1.95,1.39,1.31,0.0,0.0,9.5,3.42,1.92,1.28,1.06,1.19,,1.11,,,1.23,1.48,1.76,2.31,3.08,3.4,2.41,1.88,1.53,1.29,0,25,75,75,100,1.37,2.84,6.5,2.85,1.42,1.04,1.18,2.05,4.6,3.9,1.66,1.14,,,,,0,3.27,7.75,1.56,2.6,2.2,6,/scotland/partick-thistle-fc-vs-stenhousemuir-fc-h2h-stats
1789497900,Sep 15 2026 - 6:45pm,Northern Ireland,NIFL Premiership,Portadown,Linfield,0.0,3.0,0.0,3.0,1.75,0,100,59,17,0,0,75,17,84,0,10.5,3.5,84,17,17,incomplete,0,0,-1,-1,-1,-1,-1,-1,-1,-1,-1,-1,-1,-1,-1,-1,-1,-1,7.0,4.7,1.32,1.23,1.67,2.3,5.13,1.85,1.85,0.83,1.47,0.0,0.0,11.4,4.07,1.81,1.38,1.16,2.74,,1.06,,,1.14,1.34,1.59,2.03,2.57,4.18,2.83,2.1,1.72,1.42,0,42,84,100,100,1.3,2.45,6.0,3.2,1.5,1.11,1.22,1.95,3.7,3.9,1.75,1.22,,,,,0,6.18,10.0,1.22,0.0,2.5,7,/northern-ireland/linfield-fc-vs-portadown-fc-h2h-stats
1789497900,Sep 15 2026 - 6:45pm,Northern Ireland,NIFL Premiership,Larne,Cliftonville,3.0,2.0,3.0,2.0,2.34,42,100,59,59,17,0,34,34,100,25,8.17,1.17,34,34,17,incomplete,0,0,-1,-1,-1,-1,-1,-1,-1,-1,-1,-1,-1,-1,-1,-1,-1,-1,1.63,3.7,4.5,1.26,1.81,2.88,5.69,1.76,2.0,1.76,1.47,0.0,0.0,10.4,2.8,1.93,1.32,1.08,1.2,,2.1,,,1.28,1.53,2.29,2.49,3.45,3.08,2.23,1.78,1.44,1.22,0,42,42,84,100,1.29,2.5,4.0,2.35,1.36,1.08,1.22,2.05,4.5,3.75,1.67,1.18,,,,,17,1.3,9.4,3.6,2.5,2.0,7,/northern-ireland/cliftonville-fc-vs-larne-fc-h2h-stats
1789497900,Sep 15 2026 - 6:45pm,Northern Ireland,NIFL Premiership,Limavady United,Bangor,0.0,0.33,0.0,0.33,2.0,33,100,84,17,0,0,84,17,100,0,9.33,2.0,50,33,33,incomplete,0,0,-1,-1,-1,-1,-1,-1,-1,-1,-1,-1,-1,-1,-1,-1,-1,-1,1.76,3.6,3.7,1.16,1.65,2.66,4.95,1.62,2.11,1.21,0.96,0.0,0.0,12.3,4.19,2.06,1.37,1.09,1.22,,1.95,,,1.56,1.96,3.26,3.62,5.5,2.25,1.75,1.42,1.2,1.06,0,17,84,100,100,1.3,2.4,3.75,3.46,1.51,1.11,1.22,1.95,3.9,4.0,1.75,1.22,,,,,0,1.62,8.2,2.73,0.6,0.33,7,/northern-ireland/limavady-united-fc-vs-bangor-fc-h2h-stats
1789497900,Sep 15 2026 - 6:45pm,Northern Ireland,NIFL Premiership,Glentoran,Coleraine,1.33,3.0,1.33,3.0,2.67,50,100,100,50,17,0,67,17,100,67,15.33,2.66,84,67,50,incomplete,0,0,-1,-1,-1,-1,-1,-1,-1,-1,-1,-1,-1,-1,-1,-1,-1,-1,2.6,3.4,2.3,1.17,1.68,2.78,5.3,1.45,2.2,1.74,1.92,0.0,0.0,10.8,2.9,2.02,1.29,1.09,1.09,,1.36,,,1.26,1.52,2.16,2.39,3.2,3.22,2.32,1.82,1.53,1.25,0,0,50,84,100,1.3,2.4,6.0,3.1,1.46,1.11,1.22,1.95,4.0,4.0,1.75,1.2,,,,,0,2.29,7.09,1.99,1.17,2.67,7,/northern-ireland/glentoran-fc-vs-coleraine-fc-h2h-stats
1789497900,Sep 15 2026 - 6:45pm,Northern Ireland,NIFL Premiership,Crusaders,Dungannon Swifts,2.0,3.0,2.0,3.0,2.67,50,100,84,50,17,17,84,34,67,50,9.0,3.0,50,50,33,incomplete,0,0,-1,-1,-1,-1,-1,-1,-1,-1,-1,-1,-1,-1,-1,-1,-1,-1,3.15,3.4,1.91,1.17,1.52,2.64,3.4,1.57,2.21,1.25,1.8,0.0,0.0,11.8,3.98,2.2,1.41,1.1,1.21,,1.23,,,1.16,1.36,1.83,2.05,2.62,4.04,2.76,2.09,1.68,1.38,0,17,50,84,84,1.29,2.02,3.75,3.4,1.47,1.07,1.2,1.84,3.8,4.33,1.85,1.22,,,,,17,2.91,7.65,1.66,1.5,2.0,7,/northern-ireland/crusaders-fc-vs-dungannon-swifts-fc-h2h-stats
1789497900,Sep 15 2026 - 6:45pm,Northern Ireland,NIFL Premiership,Ballymena United,Carrick Rangers,0.0,2.0,0.0,2.0,2.34,17,100,84,34,17,0,34,17,100,67,7.67,3.0,84,67,67,incomplete,0,0,-1,-1,-1,-1,-1,-1,-1,-1,-1,-1,-1,-1,-1,-1,-1,-1,2.35,3.5,2.45,1.16,1.6,2.49,4.4,1.52,2.38,0.93,1.44,0.0,0.0,12.7,4.15,2.15,1.42,1.14,1.41,,1.5,,,1.22,1.47,2.06,2.29,3.04,3.44,2.47,1.89,1.57,1.29,0,17,67,84,100,1.3,2.0,3.7,3.46,1.43,1.12,1.18,1.83,3.4,4.5,1.91,1.25,,,,,0,2.24,7.16,2.02,0.8,1.5,7,/northern-ireland/carrick-rangers-fc-vs-ballymena-united-fc-h2h-stats
1789497900,Sep 15 2026 - 6:45pm,England,Championship,Middlesbrough,Millwall,3.0,1.0,3.0,1.0,4.34,84,100,100,84,67,33,84,33,100,84,11.33,2.67,67,67,50,incomplete,0,0,-1,-1,-1,-1,-1,-1,-1,-1,-1,-1,-1,-1,-1,-1,-1,-1,1.54,4.5,5.75,1.14,1.6,2.39,4.71,1.71,2.09,1.95,1.74,0.0,0.0,13.2,4.5,2.17,1.44,1.15,1.13,,2.38,,,1.1,1.23,1.59,1.79,2.19,5.1,3.42,2.75,2.02,1.56,0,0,17,33,67,1.29,2.3,5.3,3.4,1.56,1.12,1.13,1.82,4.2,4.6,1.9,1.23,,,,,33,1.44,8.5,4.25,2.17,1.5,6,/england/middlesbrough-fc-vs-millwall-fc-h2h-stats
1789497900,Sep 15 2026 - 6:45pm,England,Championship,Bristol City,Lincoln City,1.5,2.0,1.5,2.0,2.09,42,100,67,42,0,0,67,0,100,42,7.83,4.5,100,100,84,incomplete,0,0,-1,-1,-1,-1,-1,-1,-1,-1,-1,-1,-1,-1,-1,-1,-1,-1,1.98,3.6,3.6,1.25,1.85,2.97,5.7,1.7,2.01,0.83,1.0,0.0,0.0,10.1,3.42,1.89,1.34,1.08,1.29,,1.79,,,1.12,1.27,1.5,1.91,2.55,4.75,3.2,2.4,1.84,1.45,0,34,59,100,100,1.37,2.67,6.5,3.14,1.4,1.05,1.18,1.93,4.25,3.88,1.7,1.16,,,,,0,1.72,7.7,2.76,1.67,1.33,6,/england/bristol-city-fc-vs-lincoln-city-fc-h2h-stats
1789497900,Sep 15 2026 - 6:45pm,Wales,Welsh Premier League,Holywell,Colwyn Bay,0.25,0.25,0.25,0.25,4.0,75,100,88,75,63,25,88,63,75,75,8.25,4.0,50,25,25,incomplete,0,0,-1,-1,-1,-1,-1,-1,-1,-1,-1,-1,-1,-1,-1,-1,-1,-1,6.4,4.4,1.36,1.08,1.5,2.17,2.8,1.73,1.87,1.04,1.43,0.0,0.0,14.4,3.6,2.49,1.59,1.21,1.1,,1.03,,,1.31,1.57,2.33,2.6,3.61,2.95,2.14,1.74,1.39,1.2,0,13,25,38,75,1.23,2.15,3.3,3.42,1.65,1.12,1.1,1.67,3.08,5.2,2.03,1.28,,,,,38,6.25,11.7,1.15,0.13,1.63,9,/wales/colwyn-bay-fc-vs-holywell-town-fc-h2h-stats
1789497900,Sep 15 2026 - 6:45pm,Wales,Welsh Premier League,The New Saints,Flint Town United,3.0,0.25,3.0,0.25,2.63,38,100,63,38,25,25,63,25,100,38,9.25,2.75,63,50,25,incomplete,0,0,-1,-1,-1,-1,-1,-1,-1,-1,-1,-1,-1,-1,-1,-1,-1,-1,1.14,7.0,12.0,1.04,1.27,1.78,2.75,2.05,1.65,2.36,1.31,0.0,0.0,19.5,6.8,2.7,1.99,1.33,1.0,,5.7,,,1.13,1.31,1.55,1.93,2.46,4.38,2.92,2.17,1.74,1.43,0,38,63,75,75,1.17,1.8,3.28,4.75,1.68,1.25,1.07,1.57,2.7,6.0,2.39,1.4,,,,,13,1.01,18.25,13.5,2.75,0.25,9,/wales/the-new-saints-fc-vs-flint-town-united-fc-h2h-stats
1789497900,Sep 15 2026 - 6:45pm,Wales,Welsh Premier League,Trefelin,Cambrian & Clydach,0.25,1.0,0.25,1.0,2.75,38,100,88,63,25,0,63,38,75,38,6.5,3.0,38,38,25,incomplete,0,0,-1,-1,-1,-1,-1,-1,-1,-1,-1,-1,-1,-1,-1,-1,-1,-1,3.5,3.6,1.83,1.16,1.66,2.59,4.45,1.57,2.23,1.04,1.4,0.0,0.0,12.3,4.2,2.18,1.46,1.14,1.19,,1.25,,,1.32,1.62,2.36,2.64,3.68,2.91,2.14,1.7,1.4,1.19,0,13,38,75,100,1.25,2.0,5.3,3.5,1.53,1.09,1.14,1.83,3.58,4.4,1.83,1.21,,,,,0,3.0,8.5,1.64,0.25,1.5,9,/wales/cambrian-clydach-vale-fc-vs-trefelin-h2h-stats
1789497900,Sep 15 2026 - 6:45pm,Wales,Welsh Premier League,Penybont,Briton Ferry,2.0,0.8,2.0,0.8,1.85,45,88,55,33,10,0,68,0,65,33,7.75,3.8,68,33,10,incomplete,0,0,-1,-1,-1,-1,-1,-1,-1,-1,-1,-1,-1,-1,-1,-1,-1,-1,1.61,3.85,5.0,1.24,1.66,2.55,5.5,1.83,1.67,1.06,1.13,0.0,0.0,9.0,3.34,1.93,1.3,1.08,1.18,,2.1,,,1.34,1.65,2.14,2.66,3.72,2.84,2.1,1.68,1.37,1.18,13,45,68,90,100,1.31,2.45,5.45,2.95,1.44,1.09,1.2,2.1,4.2,3.72,1.67,1.15,,,,,0,1.33,8.7,4.81,2.25,0.88,9,/wales/penybont-fc-vs-briton-ferry-llansawel-afc-h2h-stats
1789497900,Sep 15 2026 - 6:45pm,Wales,Welsh Premier League,Llandudno,Caernarfon Town,3.0,3.0,3.0,3.0,3.88,50,100,100,63,50,38,88,63,88,75,10.75,2.5,25,25,25,incomplete,0,0,-1,-1,-1,-1,-1,-1,-1,-1,-1,-1,-1,-1,-1,-1,-1,-1,3.15,3.45,2.04,1.13,1.52,2.44,3.1,1.48,2.45,1.54,1.59,0.0,0.0,12.7,4.55,2.24,1.43,1.14,1.08,,1.3,,,1.3,1.51,2.11,2.34,3.34,3.14,2.26,1.85,1.42,1.24,0,0,38,50,63,1.23,2.34,4.55,3.75,1.57,1.15,1.18,1.76,3.6,4.7,1.92,1.25,,,,,38,2.45,8.5,1.69,1.88,2.25,9,/wales/llandudno-fc-vs-caernarfon-town-fc-h2h-stats
1789497900,Sep 15 2026 - 6:45pm,Wales,Welsh Premier League,Barry Town United,Ammanford,3.0,0.25,3.0,0.25,3.0,63,100,88,50,25,25,75,25,100,38,8.25,3.5,75,63,25,incomplete,0,0,-1,-1,-1,-1,-1,-1,-1,-1,-1,-1,-1,-1,-1,-1,-1,-1,1.25,5.5,8.0,1.08,1.29,1.75,2.63,2.0,1.75,1.62,0.78,0.0,0.0,17.0,4.0,2.88,1.75,1.28,1.03,,5.0,,,1.25,1.47,1.83,2.33,3.14,3.28,2.35,1.83,1.48,1.27,0,13,50,75,75,1.14,1.94,3.74,3.1,1.73,1.18,1.1,1.73,3.1,5.8,2.0,1.33,,,,,13,1.07,14.25,8.7,2.63,0.25,9,/wales/barry-town-united-fc-vs-ammanford-afc-h2h-stats
1789497900,Sep 15 2026 - 6:45pm,Wales,Welsh Premier League,Connah's Quay,Airbus UK,1.75,1.5,1.75,1.5,3.0,38,100,75,50,25,25,75,25,88,50,10.75,1.5,75,50,50,incomplete,0,0,-1,-1,-1,-1,-1,-1,-1,-1,-1,-1,-1,-1,-1,-1,-1,-1,1.45,4.25,5.4,1.15,1.61,2.52,4.5,1.72,1.8,1.89,1.66,0.0,0.0,12.3,4.2,2.24,1.45,1.2,1.06,,2.42,,,1.23,1.48,1.8,2.28,3.08,3.4,2.41,1.86,1.5,1.28,0,25,50,75,75,1.25,2.25,3.6,2.7,1.55,1.08,1.18,1.82,3.42,4.33,1.85,1.23,,,,,0,1.14,12.0,6.25,2.0,1.5,9,/wales/connahs-quay-nomads-fc-vs-airbus-uk-fc-h2h-stats
1789497900,Sep 15 2026 - 6:45pm,England,National League,Sutton United,Eastleigh,1.5,1.0,1.5,1.0,1.84,29,100,54,29,0,0,67,29,75,0,7.75,3.42,59,46,46,incomplete,0,0,-1,-1,-1,-1,-1,-1,-1,-1,-1,-1,-1,-1,-1,-1,-1,-1,1.95,3.45,3.3,1.23,1.81,2.97,6.5,1.69,2.03,1.08,1.19,0.0,0.0,9.3,3.42,1.91,1.33,1.08,1.2,,1.75,,,1.21,1.44,1.99,2.22,2.93,3.58,2.51,1.94,1.57,1.32,0,46,71,100,100,1.36,2.57,7.0,2.86,1.43,1.07,1.18,2.02,4.2,3.9,1.68,1.15,,,,,29,1.42,8.35,3.98,1.71,1.57,8,/england/sutton-united-fc-vs-eastleigh-fc-h2h-stats
1789497900,Sep 15 2026 - 6:45pm,England,National League,Wealdstone,Halifax Town,0.33,0.0,0.33,0.0,3.34,84,100,84,67,50,33,84,50,100,50,11.0,3.0,50,33,17,incomplete,0,0,-1,-1,-1,-1,-1,-1,-1,-1,-1,-1,-1,-1,-1,-1,-1,-1,2.2,3.55,2.77,1.18,1.65,2.46,4.4,1.45,2.55,1.66,1.29,0.0,0.0,13.0,4.2,2.12,1.43,1.15,1.22,,1.51,,,1.18,1.39,1.93,2.16,2.83,3.74,2.65,2.04,1.64,1.33,0,17,33,50,67,1.29,2.34,5.45,3.4,1.48,1.12,1.13,1.85,3.5,4.5,1.85,1.22,,,,,34,1.69,8.9,2.95,1.14,1.29,8,/england/fc-halifax-town-vs-wealdstone-fc-h2h-stats
1789497900,Sep 15 2026 - 6:45pm,England,National League,Aldershot Town,Yeovil Town,2.0,1.33,2.0,1.33,2.67,67,100,67,50,33,17,33,17,100,50,7.67,2.33,67,50,50,incomplete,0,0,-1,-1,-1,-1,-1,-1,-1,-1,-1,-1,-1,-1,-1,-1,-1,-1,2.08,3.25,2.89,1.22,1.79,3.0,5.3,1.61,2.12,1.29,0.94,0.0,0.0,11.0,3.58,1.95,1.39,1.09,1.25,,1.62,,,1.2,1.39,1.95,2.17,2.88,3.59,2.59,2.02,1.65,1.32,0,34,50,67,84,1.28,2.6,5.5,3.2,1.44,1.11,1.17,1.95,4.0,4.05,1.73,1.17,,,,,0,1.51,9.1,2.89,2.0,1.57,8,/england/yeovil-town-fc-vs-aldershot-town-fc-h2h-stats
1789497900,Sep 15 2026 - 6:45pm,England,National League,Harrogate Town,Fylde,2.5,2.25,2.5,2.25,4.38,100,100,100,100,75,38,88,63,88,75,10.5,3.5,50,38,38,incomplete,0,0,-1,-1,-1,-1,-1,-1,-1,-1,-1,-1,-1,-1,-1,-1,-1,-1,1.93,3.6,3.1,1.1,1.5,2.18,3.9,1.44,2.54,2.2,1.22,0.0,0.0,17.0,5.5,2.5,1.62,1.22,1.3,,1.67,,,1.24,1.49,2.09,2.33,3.12,3.36,2.39,1.86,1.52,1.28,0,0,0,25,63,1.22,2.15,4.6,3.8,1.62,1.17,1.15,1.68,3.25,4.8,2.05,1.3,,,,,38,1.55,8.8,2.78,2.29,2.0,8,/england/afc-fylde-vs-harrogate-town-fc-h2h-stats
1789497900,Sep 15 2026 - 6:45pm,England,National League,Solihull Moors,Barrow,0.0,0.75,0.0,0.75,3.13,75,100,100,63,50,0,100,63,88,50,14.0,5.0,88,75,50,incomplete,0,0,-1,-1,-1,-1,-1,-1,-1,-1,-1,-1,-1,-1,-1,-1,-1,-1,2.55,3.4,2.39,1.19,1.68,2.62,4.75,1.56,2.25,1.72,1.49,0.0,0.0,13.0,4.5,2.2,1.4,1.12,1.47,,1.37,,,1.17,1.38,1.86,2.08,2.7,3.94,2.71,2.06,1.66,1.38,0,0,38,50,100,1.29,2.55,5.05,3.3,1.45,1.08,1.16,1.89,3.72,4.15,1.78,1.2,,,,,38,2.21,8.9,1.81,0.14,0.86,8,/england/barrow-afc-vs-solihull-moors-fc-h2h-stats
1789497900,Sep 15 2026 - 6:45pm,England,National League,Southend United,Tamworth,2.0,0.25,2.0,0.25,4.17,84,100,84,84,84,54,100,50,84,71,13.5,3.5,88,75,59,incomplete,0,0,-1,-1,-1,-1,-1,-1,-1,-1,-1,-1,-1,-1,-1,-1,-1,-1,1.54,4.5,5.0,1.11,1.4,2.1,3.34,1.5,2.38,2.17,1.45,0.0,0.0,15.0,5.5,2.52,1.64,1.25,1.08,,2.38,,,1.11,1.28,1.71,1.87,2.45,4.57,3.08,2.32,1.79,1.5,0,17,17,17,46,1.18,2.02,4.6,3.85,1.68,1.14,1.09,1.7,2.92,5.0,2.05,1.31,,,,,38,1.19,11.3,6.87,2.0,0.71,8,/england/southend-united-fc-vs-tamworth-fc-h2h-stats
1789497900,Sep 15 2026 - 6:45pm,England,National League,Worthing,AFC Hornchurch,1.0,1.5,1.0,1.5,3.63,75,100,88,88,50,38,88,25,88,88,11.5,1.75,100,100,100,incomplete,0,0,-1,-1,-1,-1,-1,-1,-1,-1,-1,-1,-1,-1,-1,-1,-1,-1,2.1,3.7,2.87,1.17,1.57,2.28,4.4,1.5,2.45,1.72,1.29,0.0,0.0,13.7,4.45,2.4,1.53,1.18,1.3,,1.52,,,1.15,1.35,1.64,2.03,2.52,4.1,2.8,2.11,1.7,1.41,0,13,13,50,63,1.22,2.24,5.0,3.8,1.55,1.11,1.12,1.75,3.4,4.65,1.95,1.26,,,,,13,1.59,7.85,2.67,1.14,1.71,8,/england/worthing-fc-vs-afc-hornchurch-h2h-stats
1789497900,Sep 15 2026 - 6:45pm,England,National League,Boston United,Woking,0.75,0.0,0.75,0.0,2.04,25,100,42,25,25,13,25,25,100,42,12.58,2.83,88,88,54,incomplete,0,0,-1,-1,-1,-1,-1,-1,-1,-1,-1,-1,-1,-1,-1,-1,-1,-1,2.3,3.25,2.85,1.22,1.8,3.12,5.65,1.65,2.05,1.65,1.37,0.0,0.0,10.0,3.6,1.87,1.35,1.08,1.36,,1.53,,,1.18,1.4,1.88,2.09,2.77,3.82,2.64,2.11,1.63,1.36,0,59,75,75,88,1.33,2.61,7.0,3.0,1.4,1.07,1.18,2.01,4.2,3.88,1.7,1.15,,,,,25,2.1,7.25,2.01,1.0,1.0,8,/england/woking-fc-vs-boston-united-fc-h2h-stats
1789497900,Sep 15 2026 - 6:45pm,England,National League,Carlisle United,Forest Green Rovers,1.75,2.0,1.75,2.0,3.5,67,100,84,67,50,38,84,13,84,84,13.92,2.83,88,71,54,incomplete,0,0,-1,-1,-1,-1,-1,-1,-1,-1,-1,-1,-1,-1,-1,-1,-1,-1,2.05,3.5,3.1,1.16,1.47,2.25,3.68,1.44,2.55,2.73,1.6,0.0,0.0,14.5,4.7,2.35,1.57,1.2,1.2,,1.67,,,1.08,1.24,1.58,1.79,2.21,5.19,3.38,2.52,1.92,1.62,0,17,34,50,63,1.24,2.18,5.2,3.34,1.62,1.12,1.15,1.7,3.25,4.85,1.99,1.3,,,,,13,1.81,7.65,2.55,1.29,1.71,8,/england/carlisle-united-fc-vs-forest-green-rovers-fc-h2h-stats
1789497900,Sep 15 2026 - 6:45pm,Scotland,Challenge Cup,East Fife,Motherwell U21,1.33,0.0,1.33,0.0,5.0,67,100,100,100,84,50,100,84,100,84,9.33,2.66,50,17,17,incomplete,0,0,-1,-1,-1,-1,-1,-1,-1,-1,-1,-1,-1,-1,-1,-1,-1,-1,,,,,,,,,,1.51,1.03,0.0,0.0,,,,,,,,,,,,,,,,,,,,,0,0,0,17,50,,,,,,,,,,,,,,,,,42,,,,1.33,0.0,4,/scotland/east-fife-fc-vs-motherwell-fc-under-21-h2h-stats
1789497900,Sep 15 2026 - 6:45pm,England,Isthmian Premier Division,Lewes,Carshalton Athletic,1.86,2.14,1.86,2.14,2.72,36,93,86,50,29,14,79,43,93,29,8.0,-1.72,34,34,34,incomplete,0,0,-1,-1,-1,-1,-1,-1,-1,-1,-1,-1,-1,-1,-1,-1,-1,-1,2.87,3.5,2.0,1.16,1.63,2.59,4.8,1.53,2.24,0.88,1.06,0.0,0.0,12.9,4.15,2.1,1.39,1.12,1.21,,1.35,,,,,,,,,,,,,7,15,50,72,86,1.25,2.3,5.3,3.3,1.52,1.11,1.16,1.85,3.5,4.6,1.82,1.24,,,,,50,,,,1.86,2.14,8,/england/lewes-fc-vs-carshalton-athletic-fc-h2h-stats
1789497900,Sep 15 2026 - 6:45pm,England,Isthmian Premier Division,Enfield Town,Dartford,2.57,2.14,2.57,2.14,3.64,65,100,86,86,50,36,93,72,93,43,10.0,-1.57,50,38,25,incomplete,0,0,-1,-1,-1,-1,-1,-1,-1,-1,-1,-1,-1,-1,-1,-1,-1,-1,2.4,3.3,2.55,1.15,1.56,2.4,4.1,1.5,2.4,1.77,1.01,0.0,0.0,12.0,4.25,2.18,1.5,1.16,1.22,,1.42,,,,,,,,,,,,,0,15,15,50,65,1.25,2.29,5.5,3.24,1.56,1.11,1.16,1.78,3.6,4.6,1.89,1.23,,,,,75,,,,2.57,2.14,8,/england/dartford-fc-vs-enfield-town-fc-h2h-stats
1789497900,Sep 15 2026 - 6:45pm,England,Isthmian Premier Division,Eastbourne Borough,Chatham Town,1.43,1.71,1.43,1.71,3.43,64,100,79,79,57,29,79,43,100,72,10.0,-1.57,50,50,0,incomplete,0,0,-1,-1,-1,-1,-1,-1,-1,-1,-1,-1,-1,-1,-1,-1,-1,-1,2.35,3.4,2.65,1.16,1.65,2.62,4.9,1.53,2.24,0.97,1.29,0.0,0.0,11.9,4.1,2.06,1.38,1.11,1.21,,1.5,,,,,,,,,,,,,0,22,22,43,71,1.25,2.32,5.0,3.3,1.49,1.12,1.16,1.87,3.6,4.6,1.8,1.23,,,,,0,,,,1.43,1.71,8,/england/eastbourne-borough-fc-vs-chatham-town-fc-h2h-stats
1789497900,Sep 15 2026 - 6:45pm,England,Isthmian Premier Division,Welling United,Cheshunt,2.14,0.71,2.14,0.71,2.72,43,86,79,50,36,22,72,29,79,50,11.0,-1.29,50,25,13,incomplete,0,0,-1,-1,-1,-1,-1,-1,-1,-1,-1,-1,-1,-1,-1,-1,-1,-1,1.8,3.5,3.7,1.16,1.63,2.56,4.65,1.59,2.13,1.52,0.83,0.0,0.0,12.9,4.05,2.2,1.4,1.12,1.18,,2.0,,,,,,,,,,,,,15,22,50,65,79,1.28,2.4,5.5,3.12,1.46,1.11,1.16,1.85,3.5,4.6,1.82,1.25,,,,,13,,,,2.14,0.71,8,/england/welling-united-fc-vs-cheshunt-fc-h2h-stats
1789497900,Sep 15 2026 - 6:45pm,England,Isthmian Premier Division,Brentwood Town,Stanway Rovers,0.5,0.14,0.5,0.14,2.99,47,93,85,61,45,16,86,30,85,45,8.5,-1.69,84,84,59,incomplete,0,0,-1,-1,-1,-1,-1,-1,-1,-1,-1,-1,-1,-1,-1,-1,-1,-1,1.47,4.05,4.93,1.13,1.54,2.42,4.35,1.65,2.07,1.04,0.97,0.0,0.0,12.9,4.55,2.24,1.44,1.14,1.17,,2.5,,,,,,,,,,,,,7,16,40,55,85,1.22,2.22,5.0,3.54,1.55,1.12,1.15,1.79,3.4,4.7,1.88,1.25,,,,,38,,,,0.5,0.14,8,/england/brentwood-town-fc-vs-stanway-rovers-fc-h2h-stats
1789497900,Sep 15 2026 - 6:45pm,England,Isthmian Premier Division,Burgess Hill Town,Dulwich Hamlet,1.43,1.86,1.43,1.86,3.22,64,100,93,64,43,15,86,36,93,50,7.5,-1.86,50,50,25,incomplete,0,0,-1,-1,-1,-1,-1,-1,-1,-1,-1,-1,-1,-1,-1,-1,-1,-1,,,,,,,,,,1.68,1.09,0.0,0.0,,,,,,,,,,,,,,,,,,,,,0,7,36,57,86,,,,,,,,,,,,,,,,,42,,,,1.43,1.86,8,/england/dulwich-hamlet-fc-vs-burgess-hill-town-fc-h2h-stats
1789497900,Sep 15 2026 - 6:45pm,England,Isthmian Premier Division,Ramsgate,Maldon & Tiptree,1.43,1.8,1.43,1.8,3.93,66,100,83,83,66,45,90,66,86,49,6.5,-1.86,75,75,75,incomplete,0,0,-1,-1,-1,-1,-1,-1,-1,-1,-1,-1,-1,-1,-1,-1,-1,-1,1.63,4.4,3.46,1.12,1.48,2.26,3.84,1.53,2.34,1.37,0.27,0.0,0.0,16.0,4.7,2.46,1.56,1.18,1.2,,1.86,,,,,,,,,,,,,0,17,17,35,56,1.24,2.12,4.8,3.38,1.62,1.14,1.13,1.76,3.2,5.1,1.92,1.29,,,,,17,,,,1.43,1.8,8,/england/ramsgate-fc-vs-maldon-tiptree-fc-h2h-stats
1789497900,Sep 15 2026 - 6:45pm,England,Isthmian Premier Division,Cray Wanderers,St Albans City,1.33,1.86,1.33,1.86,3.22,70,92,92,69,45,24,92,45,92,69,10.0,-1.53,50,25,25,incomplete,0,0,-1,-1,-1,-1,-1,-1,-1,-1,-1,-1,-1,-1,-1,-1,-1,-1,2.75,3.45,2.25,1.15,1.6,2.49,4.5,1.5,2.38,1.31,2.14,0.0,0.0,12.5,4.2,2.15,1.42,1.13,1.29,,1.36,,,,,,,,,,,,,9,9,31,55,77,1.26,2.3,5.4,3.24,1.48,1.08,1.16,1.83,3.6,4.6,1.84,1.23,,,,,17,,,,1.33,1.86,8,/england/st-albans-city-fc-vs-cray-wanderers-fc-h2h-stats
1789497900,Sep 15 2026 - 6:45pm,England,Isthmian Premier Division,Leatherhead,AFC Whyteleafe,1.86,0.71,1.86,0.71,3.79,72,100,93,86,64,29,86,57,79,43,1.0,-1.86,0,0,0,incomplete,0,0,-1,-1,-1,-1,-1,-1,-1,-1,-1,-1,-1,-1,-1,-1,-1,-1,1.64,4.05,3.75,1.09,1.41,2.15,3.42,1.44,2.52,1.39,0.0,0.0,0.0,17.0,5.3,2.5,1.64,1.23,1.22,,2.05,,,,,,,,,,,,,0,7,14,36,72,1.17,2.0,4.5,4.5,1.73,1.17,1.1,1.65,2.75,5.8,2.06,1.38,,,,,17,,,,1.86,0.71,8,/england/leatherhead-fc-vs-afc-whyteleafe-h2h-stats
1789497900,Sep 15 2026 - 6:45pm,England,Isthmian Premier Division,Whitehawk,Three Bridges,0.29,0.57,0.29,0.57,4.0,72,93,93,79,72,50,86,57,93,86,8.0,-1.86,50,50,50,incomplete,0,0,-1,-1,-1,-1,-1,-1,-1,-1,-1,-1,-1,-1,-1,-1,-1,-1,2.6,3.5,2.3,1.12,1.65,2.29,3.9,1.44,2.47,1.01,1.17,0.0,0.0,14.5,4.75,2.2,1.56,1.18,1.19,,1.38,,,,,,,,,,,,,7,7,22,29,50,1.24,2.25,4.6,3.6,1.57,1.14,1.13,1.73,3.1,5.1,1.95,1.31,,,,,0,,,,0.29,0.57,8,/england/whitehawk-fc-vs-three-bridges-fc-h2h-stats
1789497900,Sep 15 2026 - 6:45pm,England,Northern Midlands Division One,Grantham Town,Corby Town,1.33,0.71,1.33,0.71,3.88,85,100,92,75,54,38,100,68,85,54,10.5,-2.0,100,100,100,incomplete,0,0,-1,-1,-1,-1,-1,-1,-1,-1,-1,-1,-1,-1,-1,-1,-1,-1,,,,,,,,,,1.58,0.91,0.0,0.0,,,,,,,,,,,,,,,,,,,,,0,9,25,47,62,,,,,,,,,,,,,,,,,46,,,,1.33,0.71,9,/england/corby-town-fc-vs-grantham-town-fc-h2h-stats
1789497900,Sep 15 2026 - 6:45pm,England,Northern Midlands Division One,Bourne Town,St Ives Town,1.33,0.67,1.33,0.67,3.5,67,100,92,67,50,42,100,75,75,42,1.0,-2.0,50,50,0,incomplete,0,0,-1,-1,-1,-1,-1,-1,-1,-1,-1,-1,-1,-1,-1,-1,-1,-1,,,,,,,,,,0.0,1.24,0.0,0.0,,,,,,,,,,,,,,,,,,,,,0,9,33,50,59,,,,,,,,,,,,,,,,,0,,,,1.33,0.67,9,/england/st-ives-town-fc-vs-bourne-town-fc-h2h-stats
1789497900,Sep 15 2026 - 6:45pm,England,Northern Midlands Division One,Belper Town,Rugby Borough,1.14,2.0,1.14,2.0,2.44,40,86,59,41,20,14,53,21,80,46,4.8,-2.0,10,10,10,incomplete,0,0,-1,-1,-1,-1,-1,-1,-1,-1,-1,-1,-1,-1,-1,-1,-1,-1,,,,,,,,,,1.22,1.44,0.0,0.0,,,,,,,,,,,,,,,,,,,,,15,41,60,81,87,,,,,,,,,,,,,,,,,17,,,,1.14,2.0,9,/england/belper-town-fc-vs-rugby-borough-fc-h2h-stats
1789497900,Sep 15 2026 - 6:45pm,England,Northern Midlands Division One,Boldmere St. Michaels,Coventry United,1.75,1.57,1.75,1.57,2.73,47,93,66,52,25,25,52,32,86,52,5.7,-2.0,45,10,10,incomplete,0,0,-1,-1,-1,-1,-1,-1,-1,-1,-1,-1,-1,-1,-1,-1,-1,-1,2.1,3.48,2.82,,1.65,,,,,1.36,1.3,0.0,0.0,,,2.2,,,,,,,,,,,,,,,,,,7,34,48,75,75,,,,,,,,,,,,,,,,,13,,,,1.75,1.57,9,/england/boldmere-st-michaels-fc-vs-coventry-united-fc-h2h-stats
1789497900,Sep 15 2026 - 6:45pm,England,Northern Midlands Division One,Nuneaton Town,Wellingborough Town,1.2,3.0,1.2,3.0,3.8,60,100,100,60,60,50,70,50,90,80,6.0,-2.0,50,50,50,incomplete,0,0,-1,-1,-1,-1,-1,-1,-1,-1,-1,-1,-1,-1,-1,-1,-1,-1,2.43,3.4,2.38,,1.65,,,,,1.48,1.33,0.0,0.0,,,2.2,,,,,,,,,,,,,,,,,,0,0,40,40,50,,,,,,,,,,,,,,,,,17,,,,1.2,3.0,9,/england/nuneaton-town-fc-vs-wellingborough-town-fc-h2h-stats
1789497900,Sep 15 2026 - 6:45pm,England,Northern Midlands Division One,Mickleover Sports,Coleshill Town,2.0,0.71,2.0,0.71,3.47,59,93,79,69,59,32,52,35,93,72,12.17,-2.0,59,59,59,incomplete,0,0,-1,-1,-1,-1,-1,-1,-1,-1,-1,-1,-1,-1,-1,-1,-1,-1,2.1,3.5,2.75,,1.6,,,,,1.72,1.44,0.0,0.0,,,2.3,,,,,,,,,,,,,,,,,,7,22,32,42,69,,,,,,,,,,,,,,,,,13,,,,2.0,0.71,9,/england/mickleover-sports-fc-vs-coleshill-town-fc-h2h-stats
1789497900,Sep 15 2026 - 6:45pm,England,Northern Midlands Division One,AFC Rushden & Diamonds,Shepshed Dynamo,1.8,2.0,1.8,2.0,2.9,50,80,60,50,50,40,70,60,60,50,4.0,-2.0,17,17,17,incomplete,0,0,-1,-1,-1,-1,-1,-1,-1,-1,-1,-1,-1,-1,-1,-1,-1,-1,,,,,,,,,,1.99,1.58,0.0,0.0,,,,,,,,,,,,,,,,,,,,,20,40,50,50,60,,,,,,,,,,,,,,,,,25,,,,1.8,2.0,9,/england/shepshed-dynamo-fc-vs-afc-rushden-diamonds-h2h-stats
1789497900,Sep 15 2026 - 6:45pm,England,Northern Midlands Division One,Carlton Town,Long Eaton United,1.71,0.2,1.71,0.2,2.99,42,90,73,56,49,32,73,42,83,56,7.75,-2.0,50,13,13,incomplete,0,0,-1,-1,-1,-1,-1,-1,-1,-1,-1,-1,-1,-1,-1,-1,-1,-1,1.65,3.8,4.0,,1.7,,,,,0.5,1.24,0.0,0.0,,,2.1,,,,,,,,,,,,,,,,,,10,27,45,52,69,,,,,,,,,,,,,,,,,0,,,,1.71,0.2,9,/england/carlton-town-fc-vs-long-eaton-united-fc-h2h-stats
1789497900,Sep 15 2026 - 6:45pm,England,Northern Midlands Division One,Basford United,Bedworth United,1.17,1.8,1.17,1.8,2.59,45,92,55,45,17,17,55,27,82,45,5.75,-2.0,38,13,13,incomplete,0,0,-1,-1,-1,-1,-1,-1,-1,-1,-1,-1,-1,-1,-1,-1,-1,-1,,,,,,,,,,1.28,1.18,0.0,0.0,,,,,,,,,,,,,,,,,,,,,9,45,55,84,84,,,,,,,,,,,,,,,,,42,,,,1.17,1.8,9,/england/bedworth-united-fc-vs-basford-united-fc-h2h-stats
1789497900,Sep 15 2026 - 6:45pm,Scotland,Lowland League,Lochee United,Bo'ness United,1.86,1.43,1.86,1.43,3.79,79,100,100,86,43,22,93,36,100,72,4.0,-2.0,50,50,50,incomplete,0,0,-1,-1,-1,-1,-1,-1,-1,-1,-1,-1,-1,-1,-1,-1,-1,-1,,,,,,,,,,1.26,0.0,0.0,0.0,,,,,,,,,,,,,,,,,,,,,0,0,14,57,79,,,,,,,,,,,,,,,,,25,,,,1.86,1.43,15,/scotland/lochee-united-fc-vs-boness-united-fc-h2h-stats
1789497900,Sep 15 2026 - 6:45pm,Scotland,Lowland League,Hill Of Beath Hawthorn,Musselburgh Athletic,2.14,1.0,2.14,1.0,3.14,50,100,93,64,36,7,86,36,93,64,0.0,-2.0,0,0,0,incomplete,0,0,-1,-1,-1,-1,-1,-1,-1,-1,-1,-1,-1,-1,-1,-1,-1,-1,,,,,,,,,,0.0,0.0,0.0,0.0,,,,,,,,,,,,,,,,,,,,,0,7,36,64,93,,,,,,,,,,,,,,,,,50,,,,2.14,1.0,8,/scotland/hill-of-beath-hawthorn-fc-vs-musselburgh-athletic-fc-h2h-stats
1789497900,Sep 15 2026 - 6:45pm,Scotland,Lowland League,Cowdenbeath,East Stirlingshire,0.43,1.43,0.43,1.43,3.57,50,100,86,65,43,43,72,43,93,71,4.5,-2.0,0,0,0,incomplete,0,0,-1,-1,-1,-1,-1,-1,-1,-1,-1,-1,-1,-1,-1,-1,-1,-1,,,,,,,,,,1.25,0.0,0.0,0.0,,,,,,,,,,,,,,,,,,,,,0,15,36,57,57,,,,,,,,,,,,,,,,,33,,,,0.43,1.43,8,/scotland/cowdenbeath-fc-vs-east-stirlingshire-fc-h2h-stats
1789497900,Sep 15 2026 - 6:45pm,Scotland,Lowland League,Linlithgow Rose,Dunipace,1.86,0.17,1.86,0.17,3.34,54,100,77,62,45,29,92,30,85,62,9.0,-2.0,50,50,50,incomplete,0,0,-1,-1,-1,-1,-1,-1,-1,-1,-1,-1,-1,-1,-1,-1,-1,-1,,,,,,,,,,0.0,1.34,0.0,0.0,,,,,,,,,,,,,,,,,,,,,0,24,38,55,72,,,,,,,,,,,,,,,,,17,,,,1.86,0.17,8,/scotland/linlithgow-rose-fc-vs-dunipace-fc-h2h-stats
1789497900,Sep 15 2026 - 6:45pm,Scotland,Lowland League,Civil Service Strollers,Berwick Rangers,1.43,0.57,1.43,0.57,3.15,43,100,100,43,36,22,86,43,93,43,0.0,-2.0,0,0,0,incomplete,0,0,-1,-1,-1,-1,-1,-1,-1,-1,-1,-1,-1,-1,-1,-1,-1,-1,,,,,,,,,,0.0,0.0,0.0,0.0,,,,,,,,,,,,,,,,,,,,,0,0,57,64,79,,,,,,,,,,,,,,,,,17,,,,1.43,0.57,8,/scotland/berwick-rangers-fc-vs-civil-service-strollers-fc-h2h-stats
1789497900,Sep 15 2026 - 6:45pm,Scotland,Lowland League,Celtic II,Dalbeattie Star,1.75,0.14,1.75,0.14,4.71,66,100,93,80,80,53,80,66,87,67,8.0,-2.0,50,50,50,incomplete,0,0,-1,-1,-1,-1,-1,-1,-1,-1,-1,-1,-1,-1,-1,-1,-1,-1,,,,,,,,,,1.29,0.0,0.0,0.0,,,,,,,,,,,,,,,,,,,,,0,7,21,21,48,,,,,,,,,,,,,,,,,38,,,,1.75,0.14,9,/scotland/dalbeattie-star-fc-vs-celtic-fc-ii-h2h-stats
1789497900,Sep 15 2026 - 6:45pm,Scotland,Lowland League,Cumbernauld Colts,Gretna 2008,0.88,0.5,0.88,0.5,4.88,82,100,94,88,82,63,88,63,88,69,4.17,-2.0,25,25,25,incomplete,0,0,-1,-1,-1,-1,-1,-1,-1,-1,-1,-1,-1,-1,-1,-1,-1,-1,,,,,,,,,,1.35,0.99,0.0,0.0,,,,,,,,,,,,,,,,,,,,,0,7,13,19,38,,,,,,,,,,,,,,,,,42,,,,0.88,0.5,9,/scotland/gretna-fc-2008-vs-cumbernauld-colts-fc-h2h-stats
1789497900,Sep 15 2026 - 6:45pm,Scotland,Lowland League,Clydebank,Edusport Academy,2.29,2.0,2.29,2.0,5.42,87,100,100,94,94,61,94,88,100,88,12.0,-2.0,75,75,75,incomplete,0,0,-1,-1,-1,-1,-1,-1,-1,-1,-1,-1,-1,-1,-1,-1,-1,-1,,,,,,,,,,0.51,1.16,0.0,0.0,,,,,,,,,,,,,,,,,,,,,0,0,7,7,40,,,,,,,,,,,,,,,,,45,,,,2.29,2.0,9,/scotland/edusport-academy-fc-vs-clydebank-fc-h2h-stats
1789497900,Sep 15 2026 - 6:45pm,Scotland,Lowland League,Albion Rovers,Kilwinning Rangers,0.71,2.25,0.71,2.25,3.73,66,100,93,66,59,25,66,52,87,66,10.5,-2.0,50,25,25,incomplete,0,0,-1,-1,-1,-1,-1,-1,-1,-1,-1,-1,-1,-1,-1,-1,-1,-1,,,,,,,,,,0.57,1.55,0.0,0.0,,,,,,,,,,,,,,,,,,,,,0,7,35,41,75,,,,,,,,,,,,,,,,,38,,,,0.71,2.25,9,/scotland/albion-rovers-fc-vs-kilwinning-rangers-fc-h2h-stats
1789497900,Sep 15 2026 - 6:45pm,England,Isthmian League South Central Division,Moneyfields,AFC Portchester,0.5,1.8,0.5,1.8,2.3,70,80,70,48,23,10,45,23,55,23,14.0,-2.0,100,50,50,incomplete,0,0,-1,-1,-1,-1,-1,-1,-1,-1,-1,-1,-1,-1,-1,-1,-1,-1,,,,,,,,,,1.23,1.92,0.0,0.0,,,,,,,,,,,,,,,,,,,,,20,30,53,78,90,,,,,,,,,,,,,,,,,25,,,,0.5,1.8,5,/england/afc-portchester-vs-moneyfields-fc-h2h-stats
1789497900,Sep 15 2026 - 6:45pm,England,Southern League Division One Central,Hadley,Potters Bar Town,0.0,2.0,0.0,2.0,3.5,75,88,75,75,50,25,50,25,63,50,4.0,-2.0,50,50,50,incomplete,0,0,-1,-1,-1,-1,-1,-1,-1,-1,-1,-1,-1,-1,-1,-1,-1,-1,,,,,,,,,,0.0,1.18,0.0,0.0,,,,,,,,,,,,,,,,,,,,,13,25,25,50,75,,,,,,,,,,,,,,,,,0,,,,0.0,2.0,5,/england/potters-bar-town-fc-vs-hadley-fc-h2h-stats
1789497900,Sep 15 2026 - 6:45pm,England,Southern League Division One Central,Beaconsfield Town,Flackwell Heath,1.2,1.5,1.2,1.5,2.65,20,100,65,40,30,30,30,20,80,55,0.0,-2.0,0,0,0,incomplete,0,0,-1,-1,-1,-1,-1,-1,-1,-1,-1,-1,-1,-1,-1,-1,-1,-1,,,,,,,,,,0.0,0.0,0.0,0.0,,,,,,,,,,,,,,,,,,,,,0,35,60,70,70,,,,,,,,,,,,,,,,,0,,,,1.2,1.5,5,/england/beaconsfield-town-fc-vs-flackwell-heath-fc-h2h-stats
1789497900,Sep 15 2026 - 6:45pm,England,Southern League Division One Central,Biggleswade Town,Welwyn Garden City,0.67,2.25,0.67,2.25,2.84,54,84,67,67,54,13,42,17,71,38,4.0,-2.0,50,0,0,incomplete,0,0,-1,-1,-1,-1,-1,-1,-1,-1,-1,-1,-1,-1,-1,-1,-1,-1,,,,,1.57,,,,,0.54,0.5,0.0,0.0,,,2.35,,,,,,,,,,,,,,,,,,17,34,34,46,88,,,,,,,,,,,,,,,,,50,,,,0.67,2.25,5,/england/biggleswade-town-fc-vs-welwyn-garden-city-fc-h2h-stats
1789497900,Sep 15 2026 - 6:45pm,England,Southern League Division One Central,Waltham Abbey,Leverstock Green FC,2.0,0.5,2.0,0.5,3.96,71,88,88,75,63,50,88,75,75,50,8.0,-2.0,50,50,50,incomplete,0,0,-1,-1,-1,-1,-1,-1,-1,-1,-1,-1,-1,-1,-1,-1,-1,-1,,,,,,,,,,1.0,0.0,0.0,0.0,,,,,,,,,,,,,,,,,,,,,13,13,25,38,50,,,,,,,,,,,,,,,,,0,,,,2.0,0.5,5,/england/waltham-abbey-fc-vs-leverstock-green-fc-h2h-stats
1789497900,Sep 15 2026 - 6:45pm,England,Southern League Division One Central,Ware,London Lions,0.75,1.0,0.75,1.0,5.21,88,100,100,100,71,59,100,88,84,71,0.0,-2.0,0,0,0,incomplete,0,0,-1,-1,-1,-1,-1,-1,-1,-1,-1,-1,-1,-1,-1,-1,-1,-1,,,,,,,,,,0.0,0.0,0.0,0.0,,,,,,,,,,,,,,,,,,,,,0,0,0,29,42,,,,,,,,,,,,,,,,,50,,,,0.75,1.0,5,/england/ware-fc-vs-london-maccabi-lions-fc-h2h-stats
1789497900,Sep 15 2026 - 6:45pm,England,Southern League Division One Central,Barton Rovers,Didcot Town,1.0,3.0,1.0,3.0,4.97,74,100,100,80,70,60,64,17,74,54,1.0,-2.0,0,0,0,incomplete,0,0,-1,-1,-1,-1,-1,-1,-1,-1,-1,-1,-1,-1,-1,-1,-1,-1,,,,,1.57,,,,,0.47,0.0,0.0,0.0,,,2.35,,,,,,,,,,,,,,,,,,0,0,20,30,40,,,,,,,,,,,,,,,,,50,,,,1.0,3.0,5,/england/barton-rovers-fc-vs-didcot-town-fc-h2h-stats
1789497900,Sep 15 2026 - 6:45pm,England,Southern League Division One Central,Haringey Borough,Marlow,1.33,1.5,1.33,1.5,4.92,100,100,100,100,100,59,100,100,100,84,0.0,-2.0,0,0,0,incomplete,0,0,-1,-1,-1,-1,-1,-1,-1,-1,-1,-1,-1,-1,-1,-1,-1,-1,,,,,,,,,,0.0,0.0,0.0,0.0,,,,,,,,,,,,,,,,,,,,,0,0,0,0,42,,,,,,,,,,,,,,,,,0,,,,1.33,1.5,5,/england/haringey-borough-fc-vs-marlow-fc-h2h-stats
1789497900,Sep 15 2026 - 6:45pm,England,Southern League Division One Central,Milton Keynes Irish,Thame United,1.0,1.33,1.0,1.33,3.42,59,88,75,75,46,29,63,46,75,50,0.0,-2.0,0,0,0,incomplete,0,0,-1,-1,-1,-1,-1,-1,-1,-1,-1,-1,-1,-1,-1,-1,-1,-1,,,,,1.5,,,,,1.12,0.0,0.0,0.0,,,2.5,,,,,,,,,,,,,,,,,,13,25,25,54,71,,,,,,,,,,,,,,,,,0,,,,1.0,1.33,5,/england/thame-united-fc-vs-milton-keynes-irish-fc-h2h-stats
1789497900,Sep 15 2026 - 6:45pm,England,Southern League Division One Central,Stotfold,Winslow United,1.0,2.0,1.0,2.0,2.84,84,100,84,59,42,0,67,67,75,59,1.5,-2.0,0,0,0,incomplete,0,0,-1,-1,-1,-1,-1,-1,-1,-1,-1,-1,-1,-1,-1,-1,-1,-1,,,,,,,,,,1.28,0.0,0.0,0.0,,,,,,,,,,,,,,,,,,,,,0,17,42,59,100,,,,,,,,,,,,,,,,,0,,,,1.0,2.0,5,/england/stotfold-fc-vs-winslow-united-fc-h2h-stats
1789497900,Sep 15 2026 - 6:45pm,England,Southern League Division One Central,Royston Town,Biggleswade,1.75,2.33,1.75,2.33,3.42,59,100,88,75,46,17,88,59,88,59,5.5,-2.0,25,0,0,incomplete,0,0,-1,-1,-1,-1,-1,-1,-1,-1,-1,-1,-1,-1,-1,-1,-1,-1,,,,,,,,,,0.88,1.44,0.0,0.0,,,,,,,,,,,,,,,,,,,,,0,13,25,54,84,,,,,,,,,,,,,,,,,25,,,,1.75,2.33,5,/england/royston-town-fc-vs-biggleswade-fc-h2h-stats
1789497900,Sep 15 2026 - 6:45pm,England,Southern League Premier South,Berkhamsted,Uxbridge,1.43,2.43,1.43,2.43,3.0,50,86,79,50,29,29,64,43,79,50,9.67,-1.57,71,42,29,incomplete,0,0,-1,-1,-1,-1,-1,-1,-1,-1,-1,-1,-1,-1,-1,-1,-1,-1,2.2,3.3,2.43,1.17,1.64,2.49,4.45,1.52,2.32,1.29,1.71,0.0,0.0,12.6,3.96,2.08,1.42,1.14,1.34,,1.55,,,,,,,,,,,,,14,22,50,71,71,1.3,2.4,5.35,3.3,1.5,1.09,1.15,1.83,3.5,4.3,1.83,1.22,,,,,0,,,,1.43,2.43,12,/england/uxbridge-fc-vs-berkhamsted-fc-h2h-stats
1789497900,Sep 15 2026 - 6:45pm,England,Isthmian League South East Division,Crowborough Athletic,AFC Croydon Athletic,0.75,1.5,0.75,1.5,3.0,63,100,88,63,13,13,63,13,63,50,1.0,-2.0,0,0,0,incomplete,0,0,-1,-1,-1,-1,-1,-1,-1,-1,-1,-1,-1,-1,-1,-1,-1,-1,,,,,,,,,,0.0,0.0,0.0,0.0,,,,,,,,,,,,,,,,,,,,,0,13,38,88,88,,,,,,,,,,,,,,,,,0,,,,0.75,1.5,6,/england/crowborough-athletic-fc-vs-afc-croydon-athletic-h2h-stats
1789497900,Sep 15 2026 - 6:45pm,England,Northern East Division One,Ashington AFC,Garforth Town,0.6,2.0,0.6,2.0,3.2,80,100,100,60,40,10,80,30,100,60,4.67,-2.0,59,59,59,incomplete,0,0,-1,-1,-1,-1,-1,-1,-1,-1,-1,-1,-1,-1,-1,-1,-1,-1,2.72,3.44,2.16,,1.75,,,,,0.88,1.39,0.0,0.0,,,2.05,,,,,,,,,,,,,,,,,,0,0,40,60,90,,,,,,,,,,,,,,,,,50,,,,0.6,2.0,9,/england/garforth-town-afc-vs-ashington-afc-h2h-stats
1789497900,Sep 15 2026 - 6:45pm,England,Northern East Division One,Heaton Stannington,Dunston UTS,1.71,1.83,1.71,1.83,2.18,54,86,77,38,17,0,47,38,63,31,12.67,-2.0,59,59,59,incomplete,0,0,-1,-1,-1,-1,-1,-1,-1,-1,-1,-1,-1,-1,-1,-1,-1,-1,2.58,3.3,2.28,,1.75,,,,,1.09,1.52,0.0,0.0,,,2.05,,,,,,,,,,,,,,,,,,15,23,62,84,100,,,,,,,,,,,,,,,,,13,,,,1.71,1.83,9,/england/dunston-uts-fc-vs-heaton-stannington-fc-h2h-stats
1789497900,Sep 15 2026 - 6:45pm,England,Northern East Division One,Bradford Park Avenue,Beverley Town,2.67,1.5,2.67,1.5,3.0,67,100,75,59,25,17,92,17,67,59,10.92,-2.0,46,46,34,incomplete,0,0,-1,-1,-1,-1,-1,-1,-1,-1,-1,-1,-1,-1,-1,-1,-1,-1,1.47,4.3,4.6,,1.5,,,,,1.79,1.77,0.0,0.0,,,2.5,,,,,,,,,,,,,,,,,,0,25,42,75,84,,,,,,,,,,,,,,,,,17,,,,2.67,1.5,9,/england/bradford-park-avenue-afc-vs-beverley-town-fc-h2h-stats
1789497900,Sep 15 2026 - 6:45pm,England,Northern East Division One,Bridlington Town,West Auckland Town,1.33,0.83,1.33,0.83,2.5,50,92,83,50,25,0,59,33,83,50,8.4,-2.0,20,10,10,incomplete,0,0,-1,-1,-1,-1,-1,-1,-1,-1,-1,-1,-1,-1,-1,-1,-1,-1,1.79,3.75,3.1,,1.6,,,,,1.78,1.53,0.0,0.0,,,2.3,,,,,,,,,,,,,,,,,,9,17,50,75,100,,,,,,,,,,,,,,,,,33,,,,1.33,0.83,9,/england/west-auckland-town-fc-vs-bridlington-town-fc-h2h-stats
1789497900,Sep 15 2026 - 6:45pm,England,Northern East Division One,Hallam,Liversedge FC,0.29,2.14,0.29,2.14,3.07,43,100,79,50,36,29,93,43,72,29,5.0,-2.0,25,25,0,incomplete,0,0,-1,-1,-1,-1,-1,-1,-1,-1,-1,-1,-1,-1,-1,-1,-1,-1,3.15,3.6,1.92,,1.61,,,,,0.98,2.15,0.0,0.0,,,2.25,,,,,,,,,,,,,,,,,,0,22,50,64,72,,,,,,,,,,,,,,,,,0,,,,0.29,2.14,9,/england/liversedge-fc-vs-hallam-fc-h2h-stats
1789497900,Sep 15 2026 - 6:45pm,England,Northern East Division One,North Ferriby,Matlock Town,1.6,1.57,1.6,1.57,2.63,49,100,73,42,42,7,65,20,73,39,12.0,-2.0,59,59,59,incomplete,0,0,-1,-1,-1,-1,-1,-1,-1,-1,-1,-1,-1,-1,-1,-1,-1,-1,3.25,3.5,1.8,,1.7,,,,,1.49,1.76,0.0,0.0,,,2.1,,,,,,,,,,,,,,,,,,0,27,59,59,93,,,,,,,,,,,,,,,,,25,,,,1.6,1.57,9,/england/matlock-town-fc-vs-north-ferriby-fc-h2h-stats
1789497900,Sep 15 2026 - 6:45pm,England,Northern East Division One,Pontefract Collieries,Blyth Spartans,1.25,1.0,1.25,1.0,2.98,65,88,78,45,35,23,75,33,68,45,10.0,-2.0,0,0,0,incomplete,0,0,-1,-1,-1,-1,-1,-1,-1,-1,-1,-1,-1,-1,-1,-1,-1,-1,1.62,3.8,4.4,,1.61,,,,,2.53,0.97,0.0,0.0,,,2.25,,,,,,,,,,,,,,,,,,13,23,55,65,78,,,,,,,,,,,,,,,,,17,,,,1.25,1.0,9,/england/blyth-spartans-afc-vs-pontefract-collieries-h2h-stats
1789497900,Sep 15 2026 - 6:45pm,England,Northern East Division One,Consett,Silsden AFC,1.2,1.0,1.2,1.0,2.6,27,84,64,45,29,10,65,10,74,45,5.33,-2.0,42,25,25,incomplete,0,0,-1,-1,-1,-1,-1,-1,-1,-1,-1,-1,-1,-1,-1,-1,-1,-1,1.6,4.0,3.75,,1.44,,,,,1.47,1.08,0.0,0.0,,,2.62,,,,,,,,,,,,,,,,,,17,37,55,72,90,,,,,,,,,,,,,,,,,0,,,,1.2,1.0,9,/england/consett-afc-vs-silsden-afc-h2h-stats
1789497900,Sep 15 2026 - 6:45pm,England,Isthmian League Division One North,Walthamstow,Gorleston,1.5,2.0,1.5,2.0,3.5,75,100,100,100,50,0,75,50,75,75,11.0,0.0,50,50,50,incomplete,0,0,-1,-1,-1,-1,-1,-1,-1,-1,-1,-1,-1,-1,-1,-1,-1,-1,,,,,,,,,,0.89,2.05,0.0,0.0,,,,,,,,,,,,,,,,,,,,,0,0,0,50,100,,,,,,,,,,,,,,,,,50,,,,0.8,1.75,5,/england/walthamstow-fc-vs-gorleston-fc-h2h-stats
1789497900,Sep 15 2026 - 6:45pm,England,Isthmian League Division One North,Hashtag United,Takeley,3.0,0.5,3.0,0.5,2.75,25,75,75,75,25,25,75,25,75,50,6.0,0.0,25,25,25,incomplete,0,0,-1,-1,-1,-1,-1,-1,-1,-1,-1,-1,-1,-1,-1,-1,-1,-1,1.27,5.1,8.0,,1.4,,,,,0.0,1.45,0.0,0.0,,,2.75,,,,,,,,,,,,,,,,,,25,25,25,75,75,,,,,,,,,,,,,,,,,25,,,,3.0,1.75,5,/england/takeley-fc-vs-hashtag-united-fc-h2h-stats
1789497900,Sep 15 2026 - 6:45pm,England,Isthmian League Division One North,Canvey Island,Wroxham,0.5,0.0,0.5,0.0,2.25,50,100,100,25,0,0,50,0,75,25,6.0,0.0,50,50,50,incomplete,0,0,-1,-1,-1,-1,-1,-1,-1,-1,-1,-1,-1,-1,-1,-1,-1,-1,,,,,,,,,,1.11,0.0,0.0,0.0,,,,,,,,,,,,,,,,,,,,,0,0,75,100,100,,,,,,,,,,,,,,,,,0,,,,1.0,2.25,5,/england/canvey-island-fc-vs-wroxham-fc-h2h-stats
1789497900,Sep 15 2026 - 6:45pm,England,Isthmian League Division One North,Cambridge City,Tilbury,0.0,1.0,0.0,1.0,1.5,50,50,50,50,0,0,50,0,50,50,0.0,0.0,0,0,0,incomplete,0,0,-1,-1,-1,-1,-1,-1,-1,-1,-1,-1,-1,-1,-1,-1,-1,-1,,,,,,,,,,0.0,0.0,0.0,0.0,,,,,,,,,,,,,,,,,,,,,50,50,50,100,100,,,,,,,,,,,,,,,,,0,,,,2.0,1.25,5,/england/cambridge-city-fc-vs-tilbury-fc-h2h-stats
1789497900,Sep 15 2026 - 6:45pm,England,Isthmian League Division One North,Felixstowe & Walton Utd.,Buckhurst Hill,3.0,0.0,3.0,0.0,5.5,100,100,100,100,100,100,100,100,100,100,0.0,0.0,0,0,0,incomplete,0,0,-1,-1,-1,-1,-1,-1,-1,-1,-1,-1,-1,-1,-1,-1,-1,-1,,,,,,,,,,0.0,0.0,0.0,0.0,,,,,,,,,,,,,,,,,,,,,0,0,0,0,0,,,,,,,,,,,,,,,,,50,,,,0.75,1.5,7,/england/felixstowe-walton-united-fc-vs-buckhurst-hill-fc-h2h-stats
1789497900,Sep 15 2026 - 6:45pm,England,Northern West Division One,Stalybridge Celtic,Wythenshawe Amateurs,1.43,1.83,1.43,1.83,3.11,45,92,77,52,37,30,7,7,15,15,12.0,-1.71,67,67,67,incomplete,0,0,-1,-1,-1,-1,-1,-1,-1,-1,-1,-1,-1,-1,-1,-1,-1,-1,1.67,4.0,3.75,,1.53,,,,,1.53,0.71,0.0,0.0,,,2.37,,,,,,,,,,,,,,,,,,9,24,48,63,70,,,,,,,,,,,,,,,,,0,,,,1.43,1.83,9,/england/stalybridge-celtic-fc-vs-wythenshawe-amateurs-fc-h2h-stats
1789497900,Sep 15 2026 - 6:45pm,England,Northern West Division One,Stafford Rangers,Kidsgrove Athletic,2.4,1.2,2.4,1.2,2.7,30,100,80,60,30,0,0,0,0,0,11.5,-2.0,42,42,25,incomplete,0,0,-1,-1,-1,-1,-1,-1,-1,-1,-1,-1,-1,-1,-1,-1,-1,-1,,,,,,,,,,2.04,1.08,0.0,0.0,,,,,,,,,,,,,,,,,,,,,0,20,40,70,100,,,,,,,,,,,,,,,,,0,,,,2.4,1.2,9,/england/stafford-rangers-fc-vs-kidsgrove-athletic-fc-h2h-stats
1789497900,Sep 15 2026 - 6:45pm,England,Northern West Division One,Prescot Cables,Clitheroe,2.0,2.4,2.0,2.4,2.39,64,100,72,39,19,10,9,0,9,0,10.67,-1.67,17,0,0,incomplete,0,0,-1,-1,-1,-1,-1,-1,-1,-1,-1,-1,-1,-1,-1,-1,-1,-1,,,,,,,,,,1.22,1.97,0.0,0.0,,,,,,,,,,,,,,,,,,,,,0,29,62,82,90,,,,,,,,,,,,,,,,,0,,,,2.0,2.4,9,/england/clitheroe-fc-vs-prescot-cables-fc-h2h-stats
1789497900,Sep 15 2026 - 6:45pm,England,Northern West Division One,Runcorn Linnets,Atherton Collieries,1.33,1.4,1.33,1.4,3.07,54,100,72,45,45,27,9,0,9,0,8.0,-1.67,50,50,25,incomplete,0,0,-1,-1,-1,-1,-1,-1,-1,-1,-1,-1,-1,-1,-1,-1,-1,-1,1.8,3.55,3.49,,1.7,,,,,1.48,1.7,0.0,0.0,,,2.1,,,,,,,,,,,,,,,,,,0,29,55,55,74,,,,,,,,,,,,,,,,,0,,,,1.33,1.4,9,/england/atherton-collieries-vs-runcorn-linnets-fc-h2h-stats
1789497900,Sep 15 2026 - 6:45pm,England,Northern West Division One,Hanley Town,1874 Northwich,2.0,0.83,2.0,0.83,2.54,47,100,74,30,20,20,9,0,10,10,7.5,-1.67,50,25,25,incomplete,0,0,-1,-1,-1,-1,-1,-1,-1,-1,-1,-1,-1,-1,-1,-1,-1,-1,1.6,3.8,3.97,,1.53,,,,,1.97,0.74,0.0,0.0,,,2.37,,,,,,,,,,,,,,,,,,0,27,70,80,80,,,,,,,,,,,,,,,,,0,,,,2.0,0.83,9,/england/hanley-town-fc-vs-1874-northwich-h2h-stats
1789497900,Sep 15 2026 - 6:45pm,England,Northern West Division One,Nantwich Town,Congleton Town,0.5,0.4,0.5,0.4,2.72,62,90,80,52,34,9,0,0,0,0,5.75,-2.0,38,38,25,incomplete,0,0,-1,-1,-1,-1,-1,-1,-1,-1,-1,-1,-1,-1,-1,-1,-1,-1,,,,,,,,,,0.98,0.0,0.0,0.0,,,,,,,,,,,,,,,,,,,,,10,20,49,67,92,,,,,,,,,,,,,,,,,0,,,,0.5,0.4,9,/england/nantwich-town-fc-vs-congleton-town-fc-h2h-stats
1789497900,Sep 15 2026 - 6:45pm,England,Northern West Division One,Witton Albion,Lower Breck,1.43,1.5,1.43,1.5,3.73,54,100,81,66,59,47,7,7,7,7,7.83,-1.29,34,34,34,incomplete,0,0,-1,-1,-1,-1,-1,-1,-1,-1,-1,-1,-1,-1,-1,-1,-1,-1,,,,,,,,,,1.29,0.78,0.0,0.0,,,,,,,,,,,,,,,,,,,,,0,20,34,41,54,,,,,,,,,,,,,,,,,50,,,,1.43,1.5,9,/england/witton-albion-fc-vs-lower-breck-fc-h2h-stats
1789497900,Sep 15 2026 - 6:45pm,England,Northern West Division One,Padiham,Mossley,1.14,1.17,1.14,1.17,2.9,47,100,77,45,37,23,7,0,7,0,7.0,-1.57,59,59,34,incomplete,0,0,-1,-1,-1,-1,-1,-1,-1,-1,-1,-1,-1,-1,-1,-1,-1,-1,,,,,,,,,,0.91,1.04,0.0,0.0,,,,,,,,,,,,,,,,,,,,,0,24,55,63,77,,,,,,,,,,,,,,,,,0,,,,1.14,1.17,9,/england/padiham-fc-vs-mossley-afc-h2h-stats
1789497900,Sep 15 2026 - 6:45pm,England,Northern West Division One,Vauxhall Motors,Bootle,1.17,3.0,1.17,3.0,3.32,62,100,90,47,39,29,10,0,10,0,11.5,-1.6,75,75,75,incomplete,0,0,-1,-1,-1,-1,-1,-1,-1,-1,-1,-1,-1,-1,-1,-1,-1,-1,,,,,,,,,,1.37,1.37,0.0,0.0,,,,,,,,,,,,,,,,,,,,,0,10,54,62,72,,,,,,,,,,,,,,,,,0,,,,1.17,3.0,9,/england/vauxhall-motors-fc-vs-bootle-fc-h2h-stats
1789497900,Sep 15 2026 - 6:45pm,England,Southern South Division One,Dorchester Town,Tiverton Town,2.25,1.0,2.25,1.0,2.63,50,100,63,38,25,25,63,0,50,25,0.0,-2.0,0,0,0,incomplete,0,0,-1,-1,-1,-1,-1,-1,-1,-1,-1,-1,-1,-1,-1,-1,-1,-1,,,,,,,,,,0.0,0.0,0.0,0.0,,,,,,,,,,,,,,,,,,,,,0,38,63,75,75,,,,,,,,,,,,,,,,,0,,,,2.25,1.0,5,/england/dorchester-town-fc-vs-tiverton-town-fc-h2h-stats
1789497900,Sep 15 2026 - 6:45pm,England,Southern South Division One,Barnstaple Town,Exmouth,1.0,2.5,1.0,2.5,2.63,54,100,71,59,34,0,59,0,42,29,0.0,-2.0,0,0,0,incomplete,0,0,-1,-1,-1,-1,-1,-1,-1,-1,-1,-1,-1,-1,-1,-1,-1,-1,,,,,,,,,,0.0,0.0,0.0,0.0,,,,,,,,,,,,,,,,,,,,,0,29,42,67,100,,,,,,,,,,,,,,,,,0,,,,1.0,2.5,5,/england/barnstaple-town-vs-exmouth-town-fc-h2h-stats
1789497900,Sep 15 2026 - 6:45pm,England,Southern South Division One,Worcester Raiders,Slimbridge,1.33,0.0,1.33,0.0,4.42,59,100,100,59,59,25,67,42,67,42,1.0,-2.0,0,0,0,incomplete,0,0,-1,-1,-1,-1,-1,-1,-1,-1,-1,-1,-1,-1,-1,-1,-1,-1,2.26,3.82,2.39,,1.5,,,,,0.0,1.07,0.0,0.0,,,2.5,,,,,,,,,,,,,,,,,,0,0,42,42,75,,,,,,,,,,,,,,,,,0,,,,1.33,0.0,5,/england/slimbridge-afc-vs-worcester-raiders-fc-h2h-stats
1789497900,Sep 15 2026 - 6:45pm,England,Southern South Division One,Weymouth,Shaftesbury,3.0,0.6,3.0,0.6,3.6,58,100,80,58,35,35,58,10,58,35,10.0,-2.0,50,50,50,incomplete,0,0,-1,-1,-1,-1,-1,-1,-1,-1,-1,-1,-1,-1,-1,-1,-1,-1,1.57,3.94,4.34,,1.57,,,,,1.5,0.0,0.0,0.0,,,2.35,,,,,,,,,,,,,,,,,,0,20,43,65,65,,,,,,,,,,,,,,,,,0,,,,3.0,0.6,5,/england/weymouth-fc-vs-shaftesbury-fc-h2h-stats
1789497900,Sep 15 2026 - 6:45pm,England,Southern South Division One,Falmouth Town,Bideford,1.0,0.75,1.0,0.75,3.38,88,100,88,50,38,13,63,25,63,38,5.0,-2.0,50,0,0,incomplete,0,0,-1,-1,-1,-1,-1,-1,-1,-1,-1,-1,-1,-1,-1,-1,-1,-1,,,,,,,,,,0.8,0.0,0.0,0.0,,,,,,,,,,,,,,,,,,,,,0,13,50,63,88,,,,,,,,,,,,,,,,,50,,,,1.0,0.75,5,/england/bideford-afc-vs-falmouth-town-afc-h2h-stats
1789497900,Sep 15 2026 - 6:45pm,England,Southern South Division One,Sporting Club Inkberrow,Bishop's Cleeve,2.33,2.0,2.33,2.0,2.84,67,100,84,50,33,17,67,17,50,17,8.0,-2.0,50,50,50,incomplete,0,0,-1,-1,-1,-1,-1,-1,-1,-1,-1,-1,-1,-1,-1,-1,-1,-1,2.38,3.5,2.34,,1.65,,,,,0.0,1.74,0.0,0.0,,,2.2,,,,,,,,,,,,,,,,,,0,17,50,67,84,,,,,,,,,,,,,,,,,0,,,,2.33,2.0,5,/england/bishops-cleeve-fc-vs-sporting-club-inkberrow-fc-h2h-stats
1789497900,Sep 15 2026 - 6:45pm,England,Southern South Division One,Hartpury University,Melksham Town FC,0.5,1.0,0.5,1.0,2.0,38,63,50,38,25,25,38,25,50,25,0.0,-2.0,0,0,0,incomplete,0,0,-1,-1,-1,-1,-1,-1,-1,-1,-1,-1,-1,-1,-1,-1,-1,-1,,,,,,,,,,0.0,0.81,0.0,0.0,,,,,,,,,,,,,,,,,,,,,38,50,63,75,75,,,,,,,,,,,,,,,,,0,,,,0.5,1.0,5,/england/melksham-town-fc-vs-hartpury-university-fc-h2h-stats
1789497900,Sep 15 2026 - 6:45pm,Northern Ireland,Premier Intermediate League,Ballyclare Comrades,Knockbreda,3.0,0.0,3.0,0.0,5.0,100,100,100,100,100,100,100,100,50,50,11.0,0.0,50,50,50,incomplete,0,0,-1,-1,-1,-1,-1,-1,-1,-1,-1,-1,-1,-1,-1,-1,-1,-1,1.53,4.15,4.69,,1.53,,,,,1.86,1.11,0.0,0.0,,,2.37,,,,,,,,,,,,,,,,,,0,0,0,0,0,,,,,,,,,,,,,,,,,50,,,,1.67,0.33,4,/northern-ireland/knockbreda-fc-vs-ballyclare-comrades-fc-h2h-stats
1789497900,Sep 15 2026 - 6:45pm,Northern Ireland,Premier Intermediate League,Ballymacash Rangers,St. James' Swifts,3.0,1.0,3.0,1.0,2.5,50,50,50,50,50,50,50,50,50,50,13.0,0.0,50,50,50,incomplete,0,0,-1,-1,-1,-1,-1,-1,-1,-1,-1,-1,-1,-1,-1,-1,-1,-1,,,,,,,,,,2.07,1.45,0.0,0.0,,,,,,,,,,,,,,,,,,,,,50,50,50,50,50,,,,,,,,,,,,,,,,,0,,,,2.0,1.67,4,/northern-ireland/st-james-swifts-vs-ballymacash-rangers-fc-h2h-stats
1789497900,Sep 15 2026 - 6:45pm,Northern Ireland,Premier Intermediate League,Oxford Sunnyside,Coagh United,0.0,2.0,0.0,2.0,4.75,100,100,100,100,100,75,25,0,25,25,12.0,0.0,50,50,50,incomplete,0,0,-1,-1,-1,-1,-1,-1,-1,-1,-1,-1,-1,-1,-1,-1,-1,-1,,,,,,,,,,0.0,1.5,0.0,0.0,,,,,,,,,,,,,,,,,,,,,0,0,0,0,25,,,,,,,,,,,,,,,,,0,,,,0.0,1.33,4,/northern-ireland/coagh-united-fc-vs-oxford-sunnyside-fc-h2h-stats
1789497900,Sep 15 2026 - 6:45pm,Northern Ireland,Premier Intermediate League,Dergview,Portstewart FC,2.0,3.0,2.0,3.0,3.5,75,75,75,75,75,50,0,0,0,0,3.0,0.0,0,0,0,incomplete,0,0,-1,-1,-1,-1,-1,-1,-1,-1,-1,-1,-1,-1,-1,-1,-1,-1,2.65,3.58,2.21,,1.53,,,,,0.0,1.9,0.0,0.0,,,2.37,,,,,,,,,,,,,,,,,,25,25,25,25,50,,,,,,,,,,,,,,,,,0,,,,2.33,3.0,4,/northern-ireland/dergview-fc-vs-portstewart-fc-h2h-stats
1789497900,Sep 15 2026 - 6:45pm,Northern Ireland,Premier Intermediate League,Lisburn Distillery,Rosario,3.0,1.0,3.0,1.0,6.0,100,100,100,100,100,100,0,0,0,0,0.0,0.0,0,0,0,incomplete,0,0,-1,-1,-1,-1,-1,-1,-1,-1,-1,-1,-1,-1,-1,-1,-1,-1,,,,,,,,,,0.0,0.0,0.0,0.0,,,,,,,,,,,,,,,,,,,,,0,0,0,0,0,,,,,,,,,,,,,,,,,0,,,,1.0,1.67,4,/northern-ireland/lisburn-distillery-fc-vs-rosario-youth-football-club-h2h-stats
1789497900,Sep 15 2026 - 6:45pm,Northern Ireland,Premier Intermediate League,Dollingstown,Banbridge Town,0.5,0.0,0.5,0.0,3.75,75,75,75,75,75,75,50,50,0,0,3.0,0.0,0,0,0,incomplete,0,0,-1,-1,-1,-1,-1,-1,-1,-1,-1,-1,-1,-1,-1,-1,-1,-1,,,,,,,,,,1.38,1.61,0.0,0.0,,,,,,,,,,,,,,,,,,,,,25,25,25,25,25,,,,,,,,,,,,,,,,,50,,,,1.33,0.0,4,/northern-ireland/banbridge-town-vs-dollingstown-fc-h2h-stats
1789497900,Sep 15 2026 - 6:45pm,England,League Cup,West Ham United,Fulham,3.0,3.0,3.0,3.0,3.75,50,100,100,100,50,25,100,100,100,25,14.0,1.5,75,75,50,incomplete,0,0,-1,-1,-1,-1,-1,-1,-1,-1,-1,-1,-1,-1,-1,-1,-1,-1,3.04,3.48,2.29,1.2,1.71,2.7,4.8,1.53,2.29,1.63,2.93,0.0,0.0,10.0,4.2,2.16,1.47,1.17,1.24,,1.4,,,1.17,1.5,1.85,2.29,2.8,4.33,2.52,1.93,1.67,1.36,0,0,0,50,75,1.29,2.31,5.0,3.6,1.55,1.12,1.18,1.94,3.84,4.55,1.85,1.24,,,,,50,2.38,7.11,1.76,3.0,3.0,0,/england/west-ham-united-fc-vs-fulham-fc-h2h-stats
1789497900,Sep 15 2026 - 6:45pm,England,FA Cup,Jersey Bulls,Burgess Hill Town,2.0,1.0,2.0,1.0,1.25,25,25,25,25,25,25,0,0,0,0,0.0,-2.0,0,0,0,incomplete,0,0,-1,-1,-1,-1,-1,-1,-1,-1,-1,-1,-1,-1,-1,-1,-1,-1,,,,,,,,,,0.0,0.0,0.0,0.0,,,,,,,,,,,,,,,,,,,,,75,75,75,75,75,,,,,,,,,,,,,,,,,0,,,,2.0,1.0,0,/england/burgess-hill-town-fc-vs-jersey-bulls-fc-h2h-stats
1789497900,Sep 15 2026 - 6:45pm,England,Sheffield and Hallamshire Senior Cup,Armthorpe Welfare,Sheffield Wednesday CC,3.0,0.0,3.0,0.0,2.0,0,50,50,50,50,0,0,0,0,0,0.0,-1.0,0,0,0,incomplete,0,0,-1,-1,-1,-1,-1,-1,-1,-1,-1,-1,-1,-1,-1,-1,-1,-1,,,,,,,,,,0.0,0.0,0.0,0.0,,,,,,,,,,,,,,,,,,,,,0,0,0,0,50,,,,,,,,,,,,,,,,,0,,,,3.0,0.0,0,/england/armthorpe-welfare-vs-sheffield-wednesday-cc-h2h-stats
1789497900,Sep 15 2026 - 6:45pm,England,Sheffield and Hallamshire Senior Cup,Worksop Town,Burngreave United,0.0,3.0,0.0,3.0,5.5,50,50,50,50,50,50,0,0,0,0,0.0,-1.0,0,0,0,incomplete,0,0,-1,-1,-1,-1,-1,-1,-1,-1,-1,-1,-1,-1,-1,-1,-1,-1,,,,,,,,,,0.0,0.0,0.0,0.0,,,,,,,,,,,,,,,,,,,,,0,0,0,0,0,,,,,,,,,,,,,,,,,0,,,,0.0,3.0,0,/england/worksop-town-fc-vs-burngreave-united-h2h-stats
1789498800,Sep 15 2026 - 7:00pm,Bolivia,LFPB,Real Oruro,Real Potosí,1.11,1.22,1.11,1.22,3.11,62,89,89,56,39,28,61,45,84,61,7.56,6.56,73,39,22,incomplete,0,0,-1,-1,-1,-1,-1,-1,-1,-1,-1,-1,-1,-1,-1,-1,-1,-1,2.54,3.5,2.44,1.09,1.42,2.11,3.5,1.38,2.77,1.39,1.25,0.0,0.0,15.0,5.35,2.6,1.62,1.22,1.25,,1.45,,,1.31,1.6,2.32,2.49,3.42,2.97,2.17,1.72,1.42,1.23,11,11,45,61,72,1.22,2.14,4.4,3.8,1.64,1.16,1.14,1.67,3.0,5.3,2.1,1.33,,,,,33,2.98,7.36,1.66,1.11,1.53,20,/bolivia/club-real-potosi-vs-cdt-real-oruro-h2h-stats
1789498800,Sep 15 2026 - 7:00pm,Italy,Coppa Italia,Fiorentina,Pisa,3.0,1.0,3.0,1.0,3.5,100,100,100,50,50,50,100,50,100,50,8.0,1.0,50,0,0,incomplete,0,0,-1,-1,-1,-1,-1,-1,-1,-1,-1,-1,-1,-1,-1,-1,-1,-1,1.25,4.55,6.2,1.17,1.48,2.45,4.07,1.8,2.0,1.57,1.47,0.0,0.0,14.2,4.85,2.29,1.59,1.24,1.07,,2.9,,,1.45,1.85,2.4,3.3,4.8,2.55,1.85,1.5,1.29,1.14,0,0,50,50,50,1.25,2.19,4.8,3.4,1.62,1.11,1.11,1.74,3.25,5.1,1.91,1.26,,,,,0,1.33,8.0,4.0,3.0,1.0,0,/italy/acf-fiorentina-vs-ac-pisa-1909-h2h-stats
1789498800,Sep 15 2026 - 7:00pm,England,League Cup,Liverpool,Tottenham Hotspur,0.0,3.0,0.0,3.0,3.0,50,50,50,50,50,50,50,50,50,50,11.0,1.0,50,50,50,incomplete,0,0,-1,-1,-1,-1,-1,-1,-1,-1,-1,-1,-1,-1,-1,-1,-1,-1,1.69,4.2,3.97,1.11,1.48,2.12,3.52,1.48,2.56,0.0,2.59,0.0,0.0,17.0,5.3,2.7,1.69,1.24,1.18,,2.0,,,1.25,1.39,1.7,2.18,3.2,3.5,2.38,2.03,1.62,1.34,0,0,0,0,0,1.22,2.05,4.75,3.55,1.69,1.15,1.15,1.69,3.04,5.0,2.15,1.33,,,,,0,1.5,7.65,2.63,0.0,3.0,0,/england/tottenham-hotspur-fc-vs-liverpool-fc-h2h-stats
1789498800,Sep 15 2026 - 7:00pm,England,League Cup,Reading,Brentford,2.0,3.0,2.0,3.0,4.75,75,100,100,75,50,50,100,100,75,50,13.5,2.5,100,100,25,incomplete,0,0,-1,-1,-1,-1,-1,-1,-1,-1,-1,-1,-1,-1,-1,-1,-1,-1,9.0,5.9,1.3,1.11,1.36,1.99,2.91,1.69,2.04,1.5,2.05,0.0,0.0,21.0,6.5,2.82,1.85,1.31,3.6,,1.06,,,1.2,1.43,1.97,2.33,3.0,3.9,2.53,1.95,1.7,1.32,0,0,25,50,50,1.21,2.03,4.33,3.92,1.74,1.2,1.14,1.65,2.75,6.4,2.1,1.35,,,,,50,7.5,12.0,1.13,2.0,3.0,0,/england/brentford-fc-vs-reading-fc-h2h-stats
1789498800,Sep 15 2026 - 7:00pm,England,League Cup,Ipswich Town,Arsenal,3.0,0.0,3.0,0.0,2.0,50,50,50,50,50,0,0,0,50,50,5.0,3.0,0,0,0,incomplete,0,0,-1,-1,-1,-1,-1,-1,-1,-1,-1,-1,-1,-1,-1,-1,-1,-1,8.0,5.25,1.36,1.17,1.6,2.63,4.5,1.75,1.85,1.85,0.0,0.0,0.0,15.0,4.75,2.31,1.5,1.16,1.2,,1.1,,,1.27,1.52,1.9,2.45,3.7,3.14,2.3,1.79,1.46,1.24,0,0,0,0,50,1.25,2.38,5.0,3.5,1.58,1.14,1.16,1.86,3.8,4.9,1.98,1.28,,,,,0,5.0,9.0,1.22,3.0,0.0,0,/england/arsenal-fc-vs-ipswich-town-fc-h2h-stats
1789500600,Sep 15 2026 - 7:30pm,Spain,La Liga,Elche CF,Real Madrid,0.0,1.5,0.0,1.5,3.5,50,100,75,75,50,50,75,75,100,50,13.5,5.0,50,50,50,incomplete,0,0,-1,-1,-1,-1,-1,-1,-1,-1,-1,-1,-1,-1,-1,-1,-1,-1,11.0,7.5,1.2,1.05,1.33,1.89,2.83,1.57,2.1,1.67,2.37,0.0,0.0,30.0,6.7,3.25,2.03,1.42,3.21,,1.05,,,1.25,1.47,1.89,2.44,3.6,3.2,2.31,1.75,1.53,1.27,0,25,25,50,50,1.18,1.93,3.8,4.5,1.79,1.25,1.12,1.6,2.75,5.8,2.25,1.4,,,,,25,3.7,7.5,1.43,0.4,2.4,6,/spain/real-madrid-cf-vs-elche-cf-h2h-stats
1789500600,Sep 15 2026 - 7:30pm,Paraguay,Division Intermedia,Atlético Tembetary,Sportivo Carapeguá,1.36,1.09,1.36,1.09,2.96,55,100,69,41,36,18,69,50,69,32,8.18,0.38,59,41,23,incomplete,0,0,-1,-1,-1,-1,-1,-1,-1,-1,-1,-1,-1,-1,-1,-1,-1,-1,2.25,3.4,2.8,1.18,1.65,2.7,5.5,1.57,2.25,1.45,1.41,0.0,0.0,11.0,3.85,2.1,1.36,1.11,1.22,,1.5,,,,,,,,,,,,,0,32,60,64,82,1.27,2.55,6.5,3.18,1.45,1.08,1.16,1.9,3.7,4.6,1.77,1.23,,,,,27,,,,1.3,1.35,24,/paraguay/club-sportivo-carapegua-vs-club-atletico-tembetary-h2h-stats
1789502400,Sep 15 2026 - 8:00pm,Peru,Liga 3,Patriotas Tacna,Juventud Alfa,1.33,1.2,1.33,1.2,3.17,55,92,84,65,29,29,0,0,9,0,7.0,0.0,50,50,50,incomplete,0,0,-1,-1,-1,-1,-1,-1,-1,-1,-1,-1,-1,-1,-1,-1,-1,-1,,,,,,,,,,1.97,0.0,0.0,0.0,,,,,,,,,,,,,,,,,,,,,9,17,35,72,72,,,,,,,,,,,,,,,,,0,,,,0.73,1.64,15,/peru/juventud-alfa-fc-vs-patriotas-tacna-fc-h2h-stats
1789506000,Sep 15 2026 - 9:00pm,Chile,Primera B,San Luis,Antofagasta,2.08,1.33,2.08,1.33,3.05,59,100,88,50,38,21,80,34,92,59,13.42,4.5,79,71,59,incomplete,0,0,-1,-1,-1,-1,-1,-1,-1,-1,-1,-1,-1,-1,-1,-1,-1,-1,2.14,3.4,2.8,1.18,1.69,2.91,5.5,1.57,2.25,1.95,1.76,0.0,0.0,10.0,3.84,2.1,1.36,1.14,1.25,,1.57,,,,,,,,,,,,,0,13,50,63,79,1.35,2.63,6.0,3.2,1.44,1.11,1.17,1.9,3.6,4.0,1.77,1.23,,,,,25,,,,1.65,1.58,26,/chile/cd-san-luis-de-quillota-vs-cd-antofagasta-h2h-stats
1789507800,Sep 15 2026 - 9:30pm,Bolivia,LFPB,ABB,The Strongest,1.78,2.0,1.78,2.0,3.0,62,89,78,62,50,22,84,39,84,50,9.0,5.23,62,44,33,incomplete,0,0,-1,-1,-1,-1,-1,-1,-1,-1,-1,-1,-1,-1,-1,-1,-1,-1,3.8,4.1,1.74,1.09,1.42,2.2,3.5,1.5,2.63,1.74,1.68,0.0,0.0,17.0,5.3,2.49,1.62,1.22,1.89,,1.17,,,1.36,1.64,2.11,2.79,3.94,2.76,2.06,1.64,1.35,1.17,11,22,39,50,78,1.22,2.2,4.5,3.8,1.61,1.17,1.15,1.64,3.1,5.0,2.05,1.3,,,,,28,2.51,8.4,1.67,1.05,2.05,20,/bolivia/club-the-strongest-vs-academia-del-balompie-boliviano-h2h-stats
1789509600,Sep 15 2026 - 10:00pm,Colombia,Categoria Primera B,Barranquilla,Independiente Yumbo,1.21,1.5,1.21,1.5,2.13,45,91,75,30,17,0,63,25,77,39,9.3,1.3,56,43,25,incomplete,0,0,-1,-1,-1,-1,-1,-1,-1,-1,-1,-1,-1,-1,-1,-1,-1,-1,2.6,3.0,2.5,,2.07,,,,,1.48,1.46,0.0,0.0,,,1.72,,,,,,,,,,,,,,,,,,9,25,71,83,100,,,,,,,,,,,,,,,,,16,,,,1.21,1.5,9,/colombia/cd-barranquilla-fc-vs-independiente-yumbo-h2h-stats
1789509600,Sep 15 2026 - 10:00pm,Venezuela,Primera División,Carabobo,Deportivo La Guaira,1.62,1.79,1.62,1.79,2.33,49,85,67,30,19,16,60,26,74,35,10.22,5.72,54,45,30,incomplete,0,0,-1,-1,-1,-1,-1,-1,-1,-1,-1,-1,-1,-1,-1,-1,-1,-1,1.89,3.3,4.0,1.32,2.15,3.88,8.1,1.88,1.79,1.78,1.53,0.0,0.0,8.5,2.88,1.66,1.18,1.02,1.17,,1.74,,,1.53,1.92,3.13,3.48,5.22,2.31,1.79,1.45,1.22,1.08,16,34,70,81,84,1.4,3.0,7.7,2.62,1.33,1.06,1.25,2.32,5.5,3.25,1.49,1.12,,,,,17,,,,1.62,1.79,10,/venezuela/deportivo-la-guaira-vs-carabobo-fc-h2h-stats
1789509600,Sep 15 2026 - 10:00pm,South America,Copa Libertadores,Platense,Fluminense,1.33,1.44,1.33,1.44,2.06,56,84,84,33,6,0,56,33,67,33,8.0,4.78,39,22,22,incomplete,0,0,-1,-1,-1,-1,-1,-1,-1,-1,-1,-1,-1,-1,-1,-1,-1,-1,2.84,2.9,2.8,,2.7,,,,,1.27,1.52,0.0,0.0,,,1.44,,,,,,,,,,,,,,,,,,17,17,67,95,100,,,,,,,,,,,,,,,,,13,,,,1.33,1.44,0,/south-america/fluminense-fc-vs-ca-platense-h2h-stats
1789509600,Sep 15 2026 - 10:00pm,South America,Copa Sudamericana,Vasco da Gama,Santa Fe,1.73,1.8,1.73,1.8,1.88,33,67,62,42,14,5,42,9,67,48,8.07,4.56,51,42,18,incomplete,0,0,-1,-1,-1,-1,-1,-1,-1,-1,-1,-1,-1,-1,-1,-1,-1,-1,1.48,3.9,5.75,1.37,2.15,3.95,9.0,2.25,1.57,1.7,1.26,0.0,0.0,9.0,3.1,1.73,1.18,1.04,1.28,,2.4,,,1.28,1.47,2.08,2.18,3.72,2.88,2.11,1.72,1.6,1.38,34,38,58,87,96,1.4,2.87,7.3,2.5,1.33,1.03,1.26,2.3,5.3,3.38,1.52,1.09,,,,,0,1.22,9.0,4.9,1.73,1.8,0,/south-america/cr-vasco-da-gama-vs-independiente-santa-fe-sa-h2h-stats
1789509600,Sep 15 2026 - 10:00pm,Paraguay,Division Intermedia,Tacuary,12 de Junio VH,0.91,2.18,0.91,2.18,2.18,45,96,64,32,18,5,64,32,69,36,8.64,0.46,41,27,14,incomplete,0,0,-1,-1,-1,-1,-1,-1,-1,-1,-1,-1,-1,-1,-1,-1,-1,-1,4.6,3.65,1.7,1.29,1.98,3.34,7.5,1.91,1.75,1.4,1.36,0.0,0.0,9.0,2.97,1.71,1.24,1.06,1.25,,1.1,,,,,,,,,,,,,5,36,69,82,96,1.39,2.8,7.5,2.61,1.33,1.05,1.21,2.18,4.5,3.9,1.58,1.15,,,,,18,,,,0.87,1.96,24,/paraguay/tacuary-fc-vs-club-12-de-junio-de-villa-hayes-h2h-stats
1789511400,Sep 15 2026 - 10:30pm,Brazil,Serie B,Náutico,Operário PR,1.77,1.38,1.77,1.38,2.12,43,92,58,50,12,0,70,31,70,31,11.69,6.08,69,58,42,incomplete,0,0,-1,-1,-1,-1,-1,-1,-1,-1,-1,-1,-1,-1,-1,-1,-1,-1,1.85,3.2,3.6,1.33,2.05,3.34,7.5,1.83,1.85,2.13,1.23,0.0,0.0,8.1,3.2,1.75,1.24,1.08,1.22,,1.83,,,1.17,1.26,1.63,1.81,2.28,4.2,3.26,2.38,1.85,1.54,8,43,50,89,100,1.42,2.88,7.5,2.88,1.36,1.05,1.29,2.21,4.7,3.48,1.6,1.14,,,,,19,1.36,9.05,4.32,1.37,1.59,28,/brazil/clube-nautico-capibaribe-vs-operario-ferroviario-ec-h2h-stats
1789511400,Sep 15 2026 - 10:30pm,Brazil,Serie B,Londrina,Ponte Preta,1.08,0.23,1.08,0.23,2.77,39,85,77,54,31,23,66,50,73,50,10.08,5.46,81,73,62,incomplete,0,0,-1,-1,-1,-1,-1,-1,-1,-1,-1,-1,-1,-1,-1,-1,-1,-1,1.29,5.25,8.4,1.23,1.67,2.88,5.44,2.15,1.7,1.52,0.96,0.0,0.0,11.8,3.92,2.04,1.39,1.13,1.05,,3.44,,,1.08,1.24,1.48,1.78,2.22,5.08,3.34,2.57,1.9,1.63,16,23,46,70,77,1.3,2.35,7.0,3.26,1.51,1.12,1.22,2.0,3.78,4.25,1.81,1.2,,,,,27,1.23,12.7,8.15,0.93,0.37,28,/brazil/associacao-atletica-ponte-preta-vs-londrina-ec-h2h-stats
1789511400,Sep 15 2026 - 10:30pm,Venezuela,Primera División,Deportivo Táchira,Academia Puerto Cabello,1.93,1.45,1.93,1.45,2.44,58,91,74,48,21,7,62,28,76,48,10.44,5.43,41,32,24,incomplete,0,0,-1,-1,-1,-1,-1,-1,-1,-1,-1,-1,-1,-1,-1,-1,-1,-1,1.84,3.1,3.95,1.4,2.3,4.4,7.5,1.95,1.75,1.68,1.54,0.0,0.0,6.95,2.75,1.6,1.18,1.03,1.36,,1.69,,,1.61,2.03,3.48,3.85,5.94,2.16,1.7,1.38,1.18,1.05,9,27,53,79,93,1.44,3.08,9.5,2.44,1.28,1.03,1.28,2.34,5.5,3.12,1.48,1.1,,,,,21,,,,1.93,1.45,10,/venezuela/deportivo-tachira-fc-vs-academia-puerto-cabello-h2h-stats
1789511400,Sep 15 2026 - 10:30pm,Brazil,Copa Paulista,Grêmio Prudente,Linense,1.63,2.33,1.63,2.33,2.42,29,78,44,36,36,21,57,29,50,38,7.38,-0.55,59,36,29,incomplete,0,0,-1,-1,-1,-1,-1,-1,-1,-1,-1,-1,-1,-1,-1,-1,-1,-1,2.55,2.95,2.5,1.4,2.21,4.2,9.0,1.93,1.78,1.31,1.61,0.0,0.0,6.27,2.62,1.57,1.15,1.06,1.33,,1.4,,,,,,,,,,,,,23,57,65,65,79,1.49,3.4,9.5,2.38,1.29,1.03,1.28,2.44,5.5,3.08,1.44,1.1,,,,,0,,,,1.63,2.33,0,/brazil/ca-linense-vs-gremio-esportivo-prudente-h2h-stats
1789513200,Sep 15 2026 - 11:00pm,USA,USL Championship,Indy Eleven,Brooklyn FC,2.18,0.55,2.18,0.55,3.14,64,100,91,69,41,14,78,32,100,69,9.1,4.18,64,55,50,incomplete,0,0,-1,-1,-1,-1,-1,-1,-1,-1,-1,-1,-1,-1,-1,-1,-1,-1,1.61,3.95,4.07,1.09,1.4,2.06,3.59,1.44,2.55,1.79,1.25,0.0,0.0,18.5,5.25,2.72,1.7,1.28,1.14,,2.08,,,1.23,1.48,2.09,2.31,3.08,3.4,2.41,1.92,1.55,1.28,0,9,32,59,87,1.22,2.04,4.4,3.9,1.67,1.15,1.15,1.7,2.92,5.1,2.06,1.31,,,,,18,1.58,7.75,2.7,1.36,0.77,15,/usa/indy-eleven-vs-brooklyn-fc-h2h-stats
1789513200,Sep 15 2026 - 11:00pm,International,CONCACAF Caribbean Club Championship,Violette AC,Club Sando,3.0,2.33,3.0,2.33,2.0,33,84,67,50,0,0,50,17,84,34,7.34,0.67,67,50,34,incomplete,0,0,-1,-1,-1,-1,-1,-1,-1,-1,-1,-1,-1,-1,-1,-1,-1,-1,,,,,,,,,,1.89,1.02,0.0,0.0,,,,,,,,,,,,,,,,,,,,,17,33,50,100,100,,,,,,,,,,,,,,,,,0,,,,3.0,2.33,5,/international/violette-ac-vs-club-sando-fc-san-fernando-h2h-stats
1789513200,Sep 15 2026 - 11:00pm,International,CONCACAF Caribbean Club Championship,Delfines Del Este,Defence Force,0.67,1.0,0.67,1.0,1.5,17,67,50,34,0,0,50,0,67,34,11.67,3.0,67,67,50,incomplete,0,0,-1,-1,-1,-1,-1,-1,-1,-1,-1,-1,-1,-1,-1,-1,-1,-1,,,,,,,,,,1.03,1.44,0.0,0.0,,,,,,,,,,,,,,,,,,,,,34,50,67,100,100,,,,,,,,,,,,,,,,,0,,,,0.67,1.0,5,/international/delfines-del-este-fc-vs-defence-force-fc-h2h-stats
1789513200,Sep 15 2026 - 11:00pm,Canada,Canadian Championship,Forge FC,Supra du Québec,2.0,2.0,2.0,2.0,3.38,88,100,100,63,50,13,100,38,100,50,11.25,3.5,75,75,63,incomplete,0,0,-1,-1,-1,-1,-1,-1,-1,-1,-1,-1,-1,-1,-1,-1,-1,-1,1.61,4.1,4.9,1.18,1.66,2.3,3.5,1.57,2.0,1.73,1.8,0.0,0.0,10.9,3.0,2.05,1.3,1.09,1.16,,2.18,,,1.3,1.58,2.27,2.53,3.48,3.04,2.21,1.75,1.43,1.22,0,0,38,50,88,1.28,2.39,3.75,3.08,1.46,1.11,1.17,1.88,3.7,4.4,1.79,1.23,,,,,0,,,,2.0,2.0,0,/canada/forge-fc-vs-supra-du-quebec-h2h-stats
1789515000,Sep 15 2026 - 11:30pm,Chile,Primera B,Unión Española,Deportes Temuco,1.92,1.25,1.92,1.25,2.63,58,100,75,50,25,9,75,33,75,38,8.67,4.77,67,50,46,incomplete,0,0,-1,-1,-1,-1,-1,-1,-1,-1,-1,-1,-1,-1,-1,-1,-1,-1,2.1,3.2,3.11,1.29,1.83,3.4,5.55,1.68,2.01,1.36,1.46,0.0,0.0,8.7,3.28,1.85,1.3,1.08,1.3,,1.62,,,,,,,,,,,,,0,25,50,75,92,1.33,2.55,6.6,2.7,1.4,1.08,1.22,2.03,4.3,3.8,1.67,1.16,,,,,25,,,,1.46,1.29,26,/chile/cd-temuco-vs-union-espanola-h2h-stats
1789515000,Sep 15 2026 - 11:30pm,Venezuela,Primera División,UCV,Academia Anzoátegui,1.43,0.59,1.43,0.59,2.86,51,92,80,52,29,18,71,48,74,42,8.27,5.77,55,42,32,incomplete,0,0,-1,-1,-1,-1,-1,-1,-1,-1,-1,-1,-1,-1,-1,-1,-1,-1,1.55,3.75,4.8,1.18,1.7,2.59,4.6,1.71,1.98,1.36,1.31,0.0,0.0,11.6,3.82,2.03,1.39,1.13,1.09,,2.14,,,1.36,1.67,2.48,2.77,3.91,2.77,2.07,1.65,1.36,1.17,8,21,48,72,83,1.29,2.34,5.5,3.25,1.46,1.11,1.18,1.95,4.0,4.3,1.75,1.22,,,,,25,,,,1.43,0.59,10,/venezuela/universidad-central-de-venezuela-fc-vs-academia-anzoategui-fc-h2h-stats
1789516800,Sep 16 2026 - 12:00am,Brazil,Serie B,CRB,Sport Recife,1.62,1.23,1.62,1.23,2.43,58,85,66,54,23,12,70,31,70,42,10.0,4.16,62,54,47,incomplete,0,0,-1,-1,-1,-1,-1,-1,-1,-1,-1,-1,-1,-1,-1,-1,-1,-1,1.89,3.3,4.3,1.22,1.75,3.0,5.3,1.73,2.05,2.18,1.25,0.0,0.0,11.0,3.9,1.93,1.39,1.09,1.22,,1.86,,,1.07,1.23,1.44,1.77,2.27,5.37,3.42,2.53,1.99,1.6,16,35,46,77,89,1.37,2.71,7.0,2.8,1.45,1.11,1.16,1.95,4.0,3.9,1.77,1.2,,,,,16,1.3,10.25,3.4,1.56,1.52,28,/brazil/sc-do-recife-vs-clube-de-regatas-brasil-h2h-stats
1789516800,Sep 16 2026 - 12:00am,Tunisia,Ligue 1,Monastir,Progrès Sakiet Eddaïer,2.0,1.0,2.0,1.0,2.75,75,75,75,50,25,25,75,75,25,25,7.0,1.5,25,0,0,incomplete,0,0,-1,-1,-1,-1,-1,-1,-1,-1,-1,-1,-1,-1,-1,-1,-1,-1,,,,,,,,,,1.72,1.25,0.0,0.0,,,,,,,,,,,,,,,,,,,,,25,25,50,75,75,,,,,,,,,,,,,,,,,75,,,,1.67,2.0,6,/tunisia/us-monastirienne-vs-progres-sportif-de-sakiet-eddaier-h2h-stats
1789516800,Sep 16 2026 - 12:00am,Bulgaria,Bulgarian Cup,Septemvri Simitli,Belasitsa,3.0,3.0,3.0,3.0,4.5,50,100,100,50,50,50,0,0,0,0,0.0,-2.0,0,0,0,incomplete,0,0,-1,-1,-1,-1,-1,-1,-1,-1,-1,-1,-1,-1,-1,-1,-1,-1,,,,,,,,,,0.0,0.0,0.0,0.0,,,,,,,,,,,,,,,,,,,,,0,0,50,50,50,,,,,,,,,,,,,,,,,0,,,,3.0,3.0,0,/bulgaria/septemvri-simitli-vs-belasitsa-h2h-stats
1789518600,Sep 16 2026 - 12:30am,South America,Copa Sudamericana,São Paulo,Boca Juniors,1.78,2.4,1.78,2.4,1.88,27,89,48,26,26,0,58,16,74,26,10.6,3.42,69,54,32,incomplete,0,0,-1,-1,-1,-1,-1,-1,-1,-1,-1,-1,-1,-1,-1,-1,-1,-1,2.35,3.05,3.2,1.47,2.52,4.5,10.0,2.05,1.67,1.19,2.05,0.0,0.0,7.0,2.46,1.53,1.2,1.05,1.33,,1.67,,,1.18,1.52,2.14,2.4,3.14,4.0,2.39,1.85,1.54,1.27,11,52,75,75,100,1.48,3.26,9.0,2.3,1.28,1.02,1.36,2.57,6.5,2.9,1.4,1.08,,,,,0,1.45,9.3,3.24,1.78,2.4,0,/south-america/sao-paulo-fc-vs-ca-boca-juniors-h2h-stats
1789520400,Sep 16 2026 - 1:00am,Mexico,Liga MX,Puebla,Toluca,1.86,2.29,1.86,2.29,3.0,57,93,79,57,36,22,79,43,86,43,10.57,3.0,71,71,57,incomplete,0,0,-1,-1,-1,-1,-1,-1,-1,-1,-1,-1,-1,-1,-1,-1,-1,-1,5.25,4.15,1.52,1.17,1.55,2.45,4.22,1.6,2.15,1.47,1.91,0.0,0.0,15.0,5.0,2.4,1.59,1.18,2.4,,1.12,,,1.19,1.34,1.62,1.95,2.48,3.75,2.83,2.13,1.77,1.43,7,22,43,64,79,1.25,2.29,5.1,3.55,1.62,1.11,1.17,1.72,3.25,4.75,1.97,1.25,,,,,25,2.99,7.1,1.44,1.86,2.29,7,/mexico/deportivo-toluca-fc-vs-puebla-fc-h2h-stats
